{"type": "FeatureCollection", "features": [{"type": "Feature", "geometry": {"type": "Polygon", "coordinates": [[[73.8293172, 18.5484602], [73.8293249, 18.5484269], [73.8292819, 18.5484186], [73.8292084, 18.5484867], [73.8291385, 18.5485043], [73.8291174, 18.5485584], [73.8291517, 18.5485636], [73.8291392, 18.5486322], [73.829226, 18.5486449], [73.8292189, 18.5486826], [73.8291764, 18.5486774], [73.8291403, 18.5488421], [73.8293217, 18.5488707], [73.8293312, 18.5488288], [73.8293551, 18.5488297], [73.8293552, 18.5488042], [73.82935524999999, 18.548804203389828], [73.82935524999999, 18.548755189618642], [73.8293437, 18.5487524], [73.8293241, 18.5487384], [73.8293117, 18.5487185], [73.8293083, 18.5486956], [73.8293144, 18.5486731], [73.829329, 18.5486546], [73.8293501, 18.5486428], [73.82935524999999, 18.548642119008264], [73.82935524999999, 18.548467143430656], [73.8293172, 18.5484602]]]}, "properties": {"three_d_property_id": "27-21-13-255-000022-B001-F00-U001", "UIPIN": "27-21-13-255-000022-B001-F00-U001", "ULPIN": "27-21-13-255-000022", "parent_building_id": "OWF75935A0L725", "building_name": "Department of Scientific Computing, Modeling, and Simulation", "floor_number": -1, "floor_name": "Basement / Parking", "unit_number": "Parking Bay P-01", "unit_id": "P01", "z_min": -3.0, "z_max": 0.0, "height": 3.0, "color": "#64748b", "use_type": "Parking / Storage", "status": "VERIFIED", "area_sqm": 826.5, "confidence": 0.95}}, {"type": "Feature", "geometry": {"type": "Polygon", "coordinates": [[[73.8293788, 18.5488058], [73.8293791, 18.5488562], [73.8294278, 18.5488555], [73.82948, 18.5488277], [73.8295621, 18.5487153], [73.8295931, 18.5485576], [73.8294199, 18.5485194], [73.8294098, 18.5485605], [73.8293702, 18.5485524], [73.8293857, 18.5484727], [73.82935524999999, 18.548467143430656], [73.82935524999999, 18.548642119008264], [73.8293743, 18.5486396], [73.8293979, 18.5486453], [73.8294175, 18.5486592], [73.8294299, 18.5486792], [73.8294333, 18.5487021], [73.8294273, 18.5487246], [73.8294126, 18.5487431], [73.8293915, 18.5487549], [73.8293673, 18.5487581], [73.82935524999999, 18.548755189618642], [73.82935524999999, 18.548804203389828], [73.8293788, 18.5488058]]]}, "properties": {"three_d_property_id": "27-21-13-255-000022-B001-F00-U002", "UIPIN": "27-21-13-255-000022-B001-F00-U002", "ULPIN": "27-21-13-255-000022", "parent_building_id": "OWF75935A0L725", "building_name": "Department of Scientific Computing, Modeling, and Simulation", "floor_number": -1, "floor_name": "Basement / Parking", "unit_number": "Parking Bay P-02", "unit_id": "P02", "z_min": -3.0, "z_max": 0.0, "height": 3.0, "color": "#64748b", "use_type": "Parking / Storage", "status": "VERIFIED", "area_sqm": 594.1, "confidence": 0.95}}, {"type": "Feature", "geometry": {"type": "Polygon", "coordinates": [[[73.8293172, 18.5484602], [73.8293249, 18.5484269], [73.8292819, 18.5484186], [73.8292084, 18.5484867], [73.8291385, 18.5485043], [73.8291174, 18.5485584], [73.8291517, 18.5485636], [73.8291392, 18.5486322], [73.829226, 18.5486449], [73.8292189, 18.5486826], [73.8291764, 18.5486774], [73.8291403, 18.5488421], [73.8293217, 18.5488707], [73.8293312, 18.5488288], [73.8293551, 18.5488297], [73.8293552, 18.5488042], [73.82935524999999, 18.548804203389828], [73.82935524999999, 18.548755189618642], [73.8293437, 18.5487524], [73.8293241, 18.5487384], [73.8293117, 18.5487185], [73.8293083, 18.5486956], [73.8293144, 18.5486731], [73.829329, 18.5486546], [73.8293501, 18.5486428], [73.82935524999999, 18.548642119008264], [73.82935524999999, 18.548467143430656], [73.8293172, 18.5484602]]]}, "properties": {"three_d_property_id": "27-21-13-255-000022-B001-F01-U011", "UIPIN": "27-21-13-255-000022-B001-F01-U011", "ULPIN": "27-21-13-255-000022", "parent_building_id": "OWF75935A0L725", "building_name": "Department of Scientific Computing, Modeling, and Simulation", "floor_number": 1, "floor_name": "Floor 1", "unit_number": "Unit 1A", "unit_id": "U-1A", "z_min": 0.0, "z_max": 3.0, "height": 3.0, "color": "#f59e0b", "use_type": "Commercial", "status": "VERIFIED", "area_sqm": 826.5, "confidence": 0.96}}, {"type": "Feature", "geometry": {"type": "Polygon", "coordinates": [[[73.8293788, 18.5488058], [73.8293791, 18.5488562], [73.8294278, 18.5488555], [73.82948, 18.5488277], [73.8295621, 18.5487153], [73.8295931, 18.5485576], [73.8294199, 18.5485194], [73.8294098, 18.5485605], [73.8293702, 18.5485524], [73.8293857, 18.5484727], [73.82935524999999, 18.548467143430656], [73.82935524999999, 18.548642119008264], [73.8293743, 18.5486396], [73.8293979, 18.5486453], [73.8294175, 18.5486592], [73.8294299, 18.5486792], [73.8294333, 18.5487021], [73.8294273, 18.5487246], [73.8294126, 18.5487431], [73.8293915, 18.5487549], [73.8293673, 18.5487581], [73.82935524999999, 18.548755189618642], [73.82935524999999, 18.548804203389828], [73.8293788, 18.5488058]]]}, "properties": {"three_d_property_id": "27-21-13-255-000022-B001-F01-U012", "UIPIN": "27-21-13-255-000022-B001-F01-U012", "ULPIN": "27-21-13-255-000022", "parent_building_id": "OWF75935A0L725", "building_name": "Department of Scientific Computing, Modeling, and Simulation", "floor_number": 1, "floor_name": "Floor 1", "unit_number": "Unit 1B", "unit_id": "U-1B", "z_min": 0.0, "z_max": 3.0, "height": 3.0, "color": "#f59e0b", "use_type": "Commercial", "status": "VERIFIED", "area_sqm": 594.1, "confidence": 0.96}}, {"type": "Feature", "geometry": {"type": "Polygon", "coordinates": [[[73.8293172, 18.5484602], [73.8293249, 18.5484269], [73.8292819, 18.5484186], [73.8292084, 18.5484867], [73.8291385, 18.5485043], [73.8291174, 18.5485584], [73.8291517, 18.5485636], [73.8291392, 18.5486322], [73.829226, 18.5486449], [73.8292189, 18.5486826], [73.8291764, 18.5486774], [73.8291403, 18.5488421], [73.8293217, 18.5488707], [73.8293312, 18.5488288], [73.8293551, 18.5488297], [73.8293552, 18.5488042], [73.82935524999999, 18.548804203389828], [73.82935524999999, 18.548755189618642], [73.8293437, 18.5487524], [73.8293241, 18.5487384], [73.8293117, 18.5487185], [73.8293083, 18.5486956], [73.8293144, 18.5486731], [73.829329, 18.5486546], [73.8293501, 18.5486428], [73.82935524999999, 18.548642119008264], [73.82935524999999, 18.548467143430656], [73.8293172, 18.5484602]]]}, "properties": {"three_d_property_id": "27-21-13-255-000022-B001-F02-U021", "UIPIN": "27-21-13-255-000022-B001-F02-U021", "ULPIN": "27-21-13-255-000022", "parent_building_id": "OWF75935A0L725", "building_name": "Department of Scientific Computing, Modeling, and Simulation", "floor_number": 2, "floor_name": "Floor 2", "unit_number": "Unit 2A", "unit_id": "U-2A", "z_min": 3.0, "z_max": 6.0, "height": 3.0, "color": "#10b981", "use_type": "Commercial", "status": "VERIFIED", "area_sqm": 826.5, "confidence": 0.96}}, {"type": "Feature", "geometry": {"type": "Polygon", "coordinates": [[[73.8293788, 18.5488058], [73.8293791, 18.5488562], [73.8294278, 18.5488555], [73.82948, 18.5488277], [73.8295621, 18.5487153], [73.8295931, 18.5485576], [73.8294199, 18.5485194], [73.8294098, 18.5485605], [73.8293702, 18.5485524], [73.8293857, 18.5484727], [73.82935524999999, 18.548467143430656], [73.82935524999999, 18.548642119008264], [73.8293743, 18.5486396], [73.8293979, 18.5486453], [73.8294175, 18.5486592], [73.8294299, 18.5486792], [73.8294333, 18.5487021], [73.8294273, 18.5487246], [73.8294126, 18.5487431], [73.8293915, 18.5487549], [73.8293673, 18.5487581], [73.82935524999999, 18.548755189618642], [73.82935524999999, 18.548804203389828], [73.8293788, 18.5488058]]]}, "properties": {"three_d_property_id": "27-21-13-255-000022-B001-F02-U022", "UIPIN": "27-21-13-255-000022-B001-F02-U022", "ULPIN": "27-21-13-255-000022", "parent_building_id": "OWF75935A0L725", "building_name": "Department of Scientific Computing, Modeling, and Simulation", "floor_number": 2, "floor_name": "Floor 2", "unit_number": "Unit 2B", "unit_id": "U-2B", "z_min": 3.0, "z_max": 6.0, "height": 3.0, "color": "#10b981", "use_type": "Commercial", "status": "VERIFIED", "area_sqm": 594.1, "confidence": 0.96}}, {"type": "Feature", "geometry": {"type": "Polygon", "coordinates": [[[73.8293172, 18.5484602], [73.8293249, 18.5484269], [73.8292819, 18.5484186], [73.8292084, 18.5484867], [73.8291385, 18.5485043], [73.8291174, 18.5485584], [73.8291517, 18.5485636], [73.8291392, 18.5486322], [73.829226, 18.5486449], [73.8292189, 18.5486826], [73.8291764, 18.5486774], [73.8291403, 18.5488421], [73.8293217, 18.5488707], [73.8293312, 18.5488288], [73.8293551, 18.5488297], [73.8293552, 18.5488042], [73.82935524999999, 18.548804203389828], [73.82935524999999, 18.548755189618642], [73.8293437, 18.5487524], [73.8293241, 18.5487384], [73.8293117, 18.5487185], [73.8293083, 18.5486956], [73.8293144, 18.5486731], [73.829329, 18.5486546], [73.8293501, 18.5486428], [73.82935524999999, 18.548642119008264], [73.82935524999999, 18.548467143430656], [73.8293172, 18.5484602]]]}, "properties": {"three_d_property_id": "27-21-13-255-000022-B001-F03-U031", "UIPIN": "27-21-13-255-000022-B001-F03-U031", "ULPIN": "27-21-13-255-000022", "parent_building_id": "OWF75935A0L725", "building_name": "Department of Scientific Computing, Modeling, and Simulation", "floor_number": 3, "floor_name": "Floor 3", "unit_number": "Unit 3A", "unit_id": "U-3A", "z_min": 6.0, "z_max": 9.0, "height": 3.0, "color": "#0ea5e9", "use_type": "Commercial", "status": "PROVISIONAL", "area_sqm": 826.5, "confidence": 0.9}}, {"type": "Feature", "geometry": {"type": "Polygon", "coordinates": [[[73.8293788, 18.5488058], [73.8293791, 18.5488562], [73.8294278, 18.5488555], [73.82948, 18.5488277], [73.8295621, 18.5487153], [73.8295931, 18.5485576], [73.8294199, 18.5485194], [73.8294098, 18.5485605], [73.8293702, 18.5485524], [73.8293857, 18.5484727], [73.82935524999999, 18.548467143430656], [73.82935524999999, 18.548642119008264], [73.8293743, 18.5486396], [73.8293979, 18.5486453], [73.8294175, 18.5486592], [73.8294299, 18.5486792], [73.8294333, 18.5487021], [73.8294273, 18.5487246], [73.8294126, 18.5487431], [73.8293915, 18.5487549], [73.8293673, 18.5487581], [73.82935524999999, 18.548755189618642], [73.82935524999999, 18.548804203389828], [73.8293788, 18.5488058]]]}, "properties": {"three_d_property_id": "27-21-13-255-000022-B001-F03-U032", "UIPIN": "27-21-13-255-000022-B001-F03-U032", "ULPIN": "27-21-13-255-000022", "parent_building_id": "OWF75935A0L725", "building_name": "Department of Scientific Computing, Modeling, and Simulation", "floor_number": 3, "floor_name": "Floor 3", "unit_number": "Unit 3B", "unit_id": "U-3B", "z_min": 6.0, "z_max": 9.0, "height": 3.0, "color": "#0ea5e9", "use_type": "Commercial", "status": "PROVISIONAL", "area_sqm": 594.1, "confidence": 0.9}}, {"type": "Feature", "geometry": {"type": "Polygon", "coordinates": [[[73.8229609, 18.5513071], [73.8230378, 18.5514613], [73.8232052, 18.5517812], [73.8234204, 18.551681526070844], [73.8234204, 18.551586392168677], [73.8233064, 18.5516391], [73.8231547, 18.5513442], [73.8234204, 18.55122138459222], [73.8234204, 18.551094273929152], [73.8229609, 18.5513071]]]}, "properties": {"three_d_property_id": "27-21-01-063-000070-B001-F00-U001", "UIPIN": "27-21-01-063-000070-B001-F00-U001", "ULPIN": "27-21-01-063-000070", "parent_building_id": "PECQNVQHW06XKX", "building_name": "Department of Physics", "floor_number": -1, "floor_name": "Basement / Parking", "unit_number": "Parking Bay P-01", "unit_id": "P01", "z_min": -3.0, "z_max": 0.0, "height": 3.0, "color": "#64748b", "use_type": "Parking / Storage", "status": "VERIFIED", "area_sqm": 1443.4, "confidence": 0.95}}, {"type": "Feature", "geometry": {"type": "Polygon", "coordinates": [[[73.8238799, 18.5514687], [73.8236356, 18.5509946], [73.8234204, 18.551094273929152], [73.8234204, 18.55122138459222], [73.8235532, 18.55116], [73.8237048, 18.5514549], [73.8234204, 18.551586392168677], [73.8234204, 18.551681526070844], [73.8238799, 18.5514687]]]}, "properties": {"three_d_property_id": "27-21-01-063-000070-B001-F00-U002", "UIPIN": "27-21-01-063-000070-B001-F00-U002", "ULPIN": "27-21-01-063-000070", "parent_building_id": "PECQNVQHW06XKX", "building_name": "Department of Physics", "floor_number": -1, "floor_name": "Basement / Parking", "unit_number": "Parking Bay P-02", "unit_id": "P02", "z_min": -3.0, "z_max": 0.0, "height": 3.0, "color": "#64748b", "use_type": "Parking / Storage", "status": "VERIFIED", "area_sqm": 1360.3, "confidence": 0.95}}, {"type": "Feature", "geometry": {"type": "Polygon", "coordinates": [[[73.8229609, 18.5513071], [73.8230378, 18.5514613], [73.8232052, 18.5517812], [73.8234204, 18.551681526070844], [73.8234204, 18.551586392168677], [73.8233064, 18.5516391], [73.8231547, 18.5513442], [73.8234204, 18.55122138459222], [73.8234204, 18.551094273929152], [73.8229609, 18.5513071]]]}, "properties": {"three_d_property_id": "27-21-01-063-000070-B001-F01-U011", "UIPIN": "27-21-01-063-000070-B001-F01-U011", "ULPIN": "27-21-01-063-000070", "parent_building_id": "PECQNVQHW06XKX", "building_name": "Department of Physics", "floor_number": 1, "floor_name": "Floor 1", "unit_number": "Unit 1A", "unit_id": "U-1A", "z_min": 0.0, "z_max": 3.0, "height": 3.0, "color": "#f59e0b", "use_type": "Commercial", "status": "VERIFIED", "area_sqm": 1443.4, "confidence": 0.96}}, {"type": "Feature", "geometry": {"type": "Polygon", "coordinates": [[[73.8238799, 18.5514687], [73.8236356, 18.5509946], [73.8234204, 18.551094273929152], [73.8234204, 18.55122138459222], [73.8235532, 18.55116], [73.8237048, 18.5514549], [73.8234204, 18.551586392168677], [73.8234204, 18.551681526070844], [73.8238799, 18.5514687]]]}, "properties": {"three_d_property_id": "27-21-01-063-000070-B001-F01-U012", "UIPIN": "27-21-01-063-000070-B001-F01-U012", "ULPIN": "27-21-01-063-000070", "parent_building_id": "PECQNVQHW06XKX", "building_name": "Department of Physics", "floor_number": 1, "floor_name": "Floor 1", "unit_number": "Unit 1B", "unit_id": "U-1B", "z_min": 0.0, "z_max": 3.0, "height": 3.0, "color": "#f59e0b", "use_type": "Commercial", "status": "VERIFIED", "area_sqm": 1360.3, "confidence": 0.96}}, {"type": "Feature", "geometry": {"type": "Polygon", "coordinates": [[[73.8229609, 18.5513071], [73.8230378, 18.5514613], [73.8232052, 18.5517812], [73.8234204, 18.551681526070844], [73.8234204, 18.551586392168677], [73.8233064, 18.5516391], [73.8231547, 18.5513442], [73.8234204, 18.55122138459222], [73.8234204, 18.551094273929152], [73.8229609, 18.5513071]]]}, "properties": {"three_d_property_id": "27-21-01-063-000070-B001-F02-U021", "UIPIN": "27-21-01-063-000070-B001-F02-U021", "ULPIN": "27-21-01-063-000070", "parent_building_id": "PECQNVQHW06XKX", "building_name": "Department of Physics", "floor_number": 2, "floor_name": "Floor 2", "unit_number": "Unit 2A", "unit_id": "U-2A", "z_min": 3.0, "z_max": 6.0, "height": 3.0, "color": "#10b981", "use_type": "Commercial", "status": "VERIFIED", "area_sqm": 1443.4, "confidence": 0.96}}, {"type": "Feature", "geometry": {"type": "Polygon", "coordinates": [[[73.8238799, 18.5514687], [73.8236356, 18.5509946], [73.8234204, 18.551094273929152], [73.8234204, 18.55122138459222], [73.8235532, 18.55116], [73.8237048, 18.5514549], [73.8234204, 18.551586392168677], [73.8234204, 18.551681526070844], [73.8238799, 18.5514687]]]}, "properties": {"three_d_property_id": "27-21-01-063-000070-B001-F02-U022", "UIPIN": "27-21-01-063-000070-B001-F02-U022", "ULPIN": "27-21-01-063-000070", "parent_building_id": "PECQNVQHW06XKX", "building_name": "Department of Physics", "floor_number": 2, "floor_name": "Floor 2", "unit_number": "Unit 2B", "unit_id": "U-2B", "z_min": 3.0, "z_max": 6.0, "height": 3.0, "color": "#10b981", "use_type": "Commercial", "status": "VERIFIED", "area_sqm": 1360.3, "confidence": 0.96}}, {"type": "Feature", "geometry": {"type": "Polygon", "coordinates": [[[73.824747, 18.5528446], [73.8244239, 18.5528871], [73.82447226858257, 18.5532634], [73.8248083239081, 18.5532634], [73.824747, 18.5528446]]]}, "properties": {"three_d_property_id": "27-21-06-155-000082-B001-F00-U001", "UIPIN": "27-21-06-155-000082-B001-F00-U001", "ULPIN": "27-21-06-155-000082", "parent_building_id": "F1C8WQUUY5X9L8", "building_name": "Pune University Main Building", "floor_number": -1, "floor_name": "Basement / Parking", "unit_number": "Parking Bay P-01", "unit_id": "P01", "z_min": -3.0, "z_max": 0.0, "height": 3.0, "color": "#64748b", "use_type": "Parking / Storage", "status": "VERIFIED", "area_sqm": 1474.3, "confidence": 0.95}}, {"type": "Feature", "geometry": {"type": "Polygon", "coordinates": [[[73.8245261, 18.5536822], [73.824863, 18.5536368], [73.8248083239081, 18.5532634], [73.82447226858257, 18.5532634], [73.8245261, 18.5536822]]]}, "properties": {"three_d_property_id": "27-21-06-155-000082-B001-F00-U002", "UIPIN": "27-21-06-155-000082-B001-F00-U002", "ULPIN": "27-21-06-155-000082", "parent_building_id": "F1C8WQUUY5X9L8", "building_name": "Pune University Main Building", "floor_number": -1, "floor_name": "Basement / Parking", "unit_number": "Parking Bay P-02", "unit_id": "P02", "z_min": -3.0, "z_max": 0.0, "height": 3.0, "color": "#64748b", "use_type": "Parking / Storage", "status": "VERIFIED", "area_sqm": 1500.2, "confidence": 0.95}}, {"type": "Feature", "geometry": {"type": "Polygon", "coordinates": [[[73.824747, 18.5528446], [73.8244239, 18.5528871], [73.82447226858257, 18.5532634], [73.8248083239081, 18.5532634], [73.824747, 18.5528446]]]}, "properties": {"three_d_property_id": "27-21-06-155-000082-B001-F01-U011", "UIPIN": "27-21-06-155-000082-B001-F01-U011", "ULPIN": "27-21-06-155-000082", "parent_building_id": "F1C8WQUUY5X9L8", "building_name": "Pune University Main Building", "floor_number": 1, "floor_name": "Floor 1", "unit_number": "Unit 1A", "unit_id": "U-1A", "z_min": 0.0, "z_max": 3.0, "height": 3.0, "color": "#f59e0b", "use_type": "Commercial", "status": "VERIFIED", "area_sqm": 1474.3, "confidence": 0.96}}, {"type": "Feature", "geometry": {"type": "Polygon", "coordinates": [[[73.8245261, 18.5536822], [73.824863, 18.5536368], [73.8248083239081, 18.5532634], [73.82447226858257, 18.5532634], [73.8245261, 18.5536822]]]}, "properties": {"three_d_property_id": "27-21-06-155-000082-B001-F01-U012", "UIPIN": "27-21-06-155-000082-B001-F01-U012", "ULPIN": "27-21-06-155-000082", "parent_building_id": "F1C8WQUUY5X9L8", "building_name": "Pune University Main Building", "floor_number": 1, "floor_name": "Floor 1", "unit_number": "Unit 1B", "unit_id": "U-1B", "z_min": 0.0, "z_max": 3.0, "height": 3.0, "color": "#f59e0b", "use_type": "Commercial", "status": "VERIFIED", "area_sqm": 1500.2, "confidence": 0.96}}, {"type": "Feature", "geometry": {"type": "Polygon", "coordinates": [[[73.824747, 18.5528446], [73.8244239, 18.5528871], [73.82447226858257, 18.5532634], [73.8248083239081, 18.5532634], [73.824747, 18.5528446]]]}, "properties": {"three_d_property_id": "27-21-06-155-000082-B001-F02-U021", "UIPIN": "27-21-06-155-000082-B001-F02-U021", "ULPIN": "27-21-06-155-000082", "parent_building_id": "F1C8WQUUY5X9L8", "building_name": "Pune University Main Building", "floor_number": 2, "floor_name": "Floor 2", "unit_number": "Unit 2A", "unit_id": "U-2A", "z_min": 3.0, "z_max": 6.0, "height": 3.0, "color": "#10b981", "use_type": "Commercial", "status": "VERIFIED", "area_sqm": 1474.3, "confidence": 0.96}}, {"type": "Feature", "geometry": {"type": "Polygon", "coordinates": [[[73.8245261, 18.5536822], [73.824863, 18.5536368], [73.8248083239081, 18.5532634], [73.82447226858257, 18.5532634], [73.8245261, 18.5536822]]]}, "properties": {"three_d_property_id": "27-21-06-155-000082-B001-F02-U022", "UIPIN": "27-21-06-155-000082-B001-F02-U022", "ULPIN": "27-21-06-155-000082", "parent_building_id": "F1C8WQUUY5X9L8", "building_name": "Pune University Main Building", "floor_number": 2, "floor_name": "Floor 2", "unit_number": "Unit 2B", "unit_id": "U-2B", "z_min": 3.0, "z_max": 6.0, "height": 3.0, "color": "#10b981", "use_type": "Commercial", "status": "VERIFIED", "area_sqm": 1500.2, "confidence": 0.96}}, {"type": "Feature", "geometry": {"type": "Polygon", "coordinates": [[[73.824747, 18.5528446], [73.8244239, 18.5528871], [73.82447226858257, 18.5532634], [73.8248083239081, 18.5532634], [73.824747, 18.5528446]]]}, "properties": {"three_d_property_id": "27-21-06-155-000082-B001-F03-U031", "UIPIN": "27-21-06-155-000082-B001-F03-U031", "ULPIN": "27-21-06-155-000082", "parent_building_id": "F1C8WQUUY5X9L8", "building_name": "Pune University Main Building", "floor_number": 3, "floor_name": "Floor 3", "unit_number": "Unit 3A", "unit_id": "U-3A", "z_min": 6.0, "z_max": 9.0, "height": 3.0, "color": "#0ea5e9", "use_type": "Commercial", "status": "PROVISIONAL", "area_sqm": 1474.3, "confidence": 0.9}}, {"type": "Feature", "geometry": {"type": "Polygon", "coordinates": [[[73.8245261, 18.5536822], [73.824863, 18.5536368], [73.8248083239081, 18.5532634], [73.82447226858257, 18.5532634], [73.8245261, 18.5536822]]]}, "properties": {"three_d_property_id": "27-21-06-155-000082-B001-F03-U032", "UIPIN": "27-21-06-155-000082-B001-F03-U032", "ULPIN": "27-21-06-155-000082", "parent_building_id": "F1C8WQUUY5X9L8", "building_name": "Pune University Main Building", "floor_number": 3, "floor_name": "Floor 3", "unit_number": "Unit 3B", "unit_id": "U-3B", "z_min": 6.0, "z_max": 9.0, "height": 3.0, "color": "#0ea5e9", "use_type": "Commercial", "status": "PROVISIONAL", "area_sqm": 1500.2, "confidence": 0.9}}, {"type": "Feature", "geometry": {"type": "Polygon", "coordinates": [[[73.8235009, 18.5517566], [73.8235974, 18.5519397], [73.8237584, 18.55185360250896], [73.8237584, 18.55161886457935], [73.8235009, 18.5517566]]]}, "properties": {"three_d_property_id": "27-21-10-520-000083-B001-F00-U001", "UIPIN": "27-21-10-520-000083-B001-F00-U001", "ULPIN": "27-21-10-520-000083", "parent_building_id": "PQW2VMCQBNKX9D", "building_name": "CDAC", "floor_number": -1, "floor_name": "Basement / Parking", "unit_number": "Parking Bay P-01", "unit_id": "P01", "z_min": -3.0, "z_max": 0.0, "height": 3.0, "color": "#64748b", "use_type": "Parking / Storage", "status": "VERIFIED", "area_sqm": 547.8, "confidence": 0.95}}, {"type": "Feature", "geometry": {"type": "Polygon", "coordinates": [[[73.8240159, 18.5517159], [73.8239193, 18.5515328], [73.8237584, 18.55161886457935], [73.8237584, 18.55185360250896], [73.8240159, 18.5517159]]]}, "properties": {"three_d_property_id": "27-21-10-520-000083-B001-F00-U002", "UIPIN": "27-21-10-520-000083-B001-F00-U002", "ULPIN": "27-21-10-520-000083", "parent_building_id": "PQW2VMCQBNKX9D", "building_name": "CDAC", "floor_number": -1, "floor_name": "Basement / Parking", "unit_number": "Parking Bay P-02", "unit_id": "P02", "z_min": -3.0, "z_max": 0.0, "height": 3.0, "color": "#64748b", "use_type": "Parking / Storage", "status": "VERIFIED", "area_sqm": 547.7, "confidence": 0.95}}, {"type": "Feature", "geometry": {"type": "Polygon", "coordinates": [[[73.8235009, 18.5517566], [73.8235974, 18.5519397], [73.8237584, 18.55185360250896], [73.8237584, 18.55161886457935], [73.8235009, 18.5517566]]]}, "properties": {"three_d_property_id": "27-21-10-520-000083-B001-F01-U011", "UIPIN": "27-21-10-520-000083-B001-F01-U011", "ULPIN": "27-21-10-520-000083", "parent_building_id": "PQW2VMCQBNKX9D", "building_name": "CDAC", "floor_number": 1, "floor_name": "Floor 1", "unit_number": "Unit 1A", "unit_id": "U-1A", "z_min": 0.0, "z_max": 3.0, "height": 3.0, "color": "#f59e0b", "use_type": "Commercial", "status": "VERIFIED", "area_sqm": 547.8, "confidence": 0.96}}, {"type": "Feature", "geometry": {"type": "Polygon", "coordinates": [[[73.8240159, 18.5517159], [73.8239193, 18.5515328], [73.8237584, 18.55161886457935], [73.8237584, 18.55185360250896], [73.8240159, 18.5517159]]]}, "properties": {"three_d_property_id": "27-21-10-520-000083-B001-F01-U012", "UIPIN": "27-21-10-520-000083-B001-F01-U012", "ULPIN": "27-21-10-520-000083", "parent_building_id": "PQW2VMCQBNKX9D", "building_name": "CDAC", "floor_number": 1, "floor_name": "Floor 1", "unit_number": "Unit 1B", "unit_id": "U-1B", "z_min": 0.0, "z_max": 3.0, "height": 3.0, "color": "#f59e0b", "use_type": "Commercial", "status": "VERIFIED", "area_sqm": 547.7, "confidence": 0.96}}, {"type": "Feature", "geometry": {"type": "Polygon", "coordinates": [[[73.8235009, 18.5517566], [73.8235974, 18.5519397], [73.8237584, 18.55185360250896], [73.8237584, 18.55161886457935], [73.8235009, 18.5517566]]]}, "properties": {"three_d_property_id": "27-21-10-520-000083-B001-F02-U021", "UIPIN": "27-21-10-520-000083-B001-F02-U021", "ULPIN": "27-21-10-520-000083", "parent_building_id": "PQW2VMCQBNKX9D", "building_name": "CDAC", "floor_number": 2, "floor_name": "Floor 2", "unit_number": "Unit 2A", "unit_id": "U-2A", "z_min": 3.0, "z_max": 6.0, "height": 3.0, "color": "#10b981", "use_type": "Commercial", "status": "VERIFIED", "area_sqm": 547.8, "confidence": 0.96}}, {"type": "Feature", "geometry": {"type": "Polygon", "coordinates": [[[73.8240159, 18.5517159], [73.8239193, 18.5515328], [73.8237584, 18.55161886457935], [73.8237584, 18.55185360250896], [73.8240159, 18.5517159]]]}, "properties": {"three_d_property_id": "27-21-10-520-000083-B001-F02-U022", "UIPIN": "27-21-10-520-000083-B001-F02-U022", "ULPIN": "27-21-10-520-000083", "parent_building_id": "PQW2VMCQBNKX9D", "building_name": "CDAC", "floor_number": 2, "floor_name": "Floor 2", "unit_number": "Unit 2B", "unit_id": "U-2B", "z_min": 3.0, "z_max": 6.0, "height": 3.0, "color": "#10b981", "use_type": "Commercial", "status": "VERIFIED", "area_sqm": 547.7, "confidence": 0.96}}, {"type": "Feature", "geometry": {"type": "Polygon", "coordinates": [[[73.8235009, 18.5517566], [73.8235974, 18.5519397], [73.8237584, 18.55185360250896], [73.8237584, 18.55161886457935], [73.8235009, 18.5517566]]]}, "properties": {"three_d_property_id": "27-21-10-520-000083-B001-F03-U031", "UIPIN": "27-21-10-520-000083-B001-F03-U031", "ULPIN": "27-21-10-520-000083", "parent_building_id": "PQW2VMCQBNKX9D", "building_name": "CDAC", "floor_number": 3, "floor_name": "Floor 3", "unit_number": "Unit 3A", "unit_id": "U-3A", "z_min": 6.0, "z_max": 9.0, "height": 3.0, "color": "#0ea5e9", "use_type": "Commercial", "status": "PROVISIONAL", "area_sqm": 547.8, "confidence": 0.9}}, {"type": "Feature", "geometry": {"type": "Polygon", "coordinates": [[[73.8240159, 18.5517159], [73.8239193, 18.5515328], [73.8237584, 18.55161886457935], [73.8237584, 18.55185360250896], [73.8240159, 18.5517159]]]}, "properties": {"three_d_property_id": "27-21-10-520-000083-B001-F03-U032", "UIPIN": "27-21-10-520-000083-B001-F03-U032", "ULPIN": "27-21-10-520-000083", "parent_building_id": "PQW2VMCQBNKX9D", "building_name": "CDAC", "floor_number": 3, "floor_name": "Floor 3", "unit_number": "Unit 3B", "unit_id": "U-3B", "z_min": 6.0, "z_max": 9.0, "height": 3.0, "color": "#0ea5e9", "use_type": "Commercial", "status": "PROVISIONAL", "area_sqm": 547.7, "confidence": 0.9}}, {"type": "Feature", "geometry": {"type": "Polygon", "coordinates": [[[73.8300408, 18.5353311], [73.8299916, 18.5353322], [73.8299798, 18.5348558], [73.8297206, 18.5348616], [73.829724, 18.5349999], [73.8296521, 18.5350016], [73.8296579, 18.5352314], [73.829718, 18.5352301], [73.8297205, 18.5353338], [73.8296708, 18.5353349], [73.82967877477996, 18.53565535], [73.83004884333435, 18.53565535], [73.8300408, 18.5353311]]]}, "properties": {"three_d_property_id": "27-21-11-113-000114-B001-F00-U001", "UIPIN": "27-21-11-113-000114-B001-F00-U001", "ULPIN": "27-21-11-113-000114", "parent_building_id": "SLWF90KM3TZK3N", "building_name": "ICC Trade Tower", "floor_number": -1, "floor_name": "Basement / Parking", "unit_number": "Parking Bay P-01", "unit_id": "P01", "z_min": -3.0, "z_max": 0.0, "height": 3.0, "color": "#64748b", "use_type": "Parking / Storage", "status": "VERIFIED", "area_sqm": 2900.3, "confidence": 0.95}}, {"type": "Feature", "geometry": {"type": "Polygon", "coordinates": [[[73.8296872, 18.5359939], [73.8297525, 18.5359925], [73.8297551, 18.5360988], [73.829684, 18.5361004], [73.8296893, 18.536314], [73.8297692, 18.5363122], [73.8297728, 18.5364549], [73.8300192, 18.5364494], [73.8300143, 18.5362536], [73.8300078, 18.5359893], [73.8300571, 18.5359882], [73.83004884333435, 18.53565535], [73.82967877477996, 18.53565535], [73.8296872, 18.5359939]]]}, "properties": {"three_d_property_id": "27-21-11-113-000114-B001-F00-U002", "UIPIN": "27-21-11-113-000114-B001-F00-U002", "ULPIN": "27-21-11-113-000114", "parent_building_id": "SLWF90KM3TZK3N", "building_name": "ICC Trade Tower", "floor_number": -1, "floor_name": "Basement / Parking", "unit_number": "Parking Bay P-02", "unit_id": "P02", "z_min": -3.0, "z_max": 0.0, "height": 3.0, "color": "#64748b", "use_type": "Parking / Storage", "status": "VERIFIED", "area_sqm": 2854.8, "confidence": 0.95}}, {"type": "Feature", "geometry": {"type": "Polygon", "coordinates": [[[73.8300408, 18.5353311], [73.8299916, 18.5353322], [73.8299798, 18.5348558], [73.8297206, 18.5348616], [73.829724, 18.5349999], [73.8296521, 18.5350016], [73.8296579, 18.5352314], [73.829718, 18.5352301], [73.8297205, 18.5353338], [73.8296708, 18.5353349], [73.82967877477996, 18.53565535], [73.83004884333435, 18.53565535], [73.8300408, 18.5353311]]]}, "properties": {"three_d_property_id": "27-21-11-113-000114-B001-F01-U011", "UIPIN": "27-21-11-113-000114-B001-F01-U011", "ULPIN": "27-21-11-113-000114", "parent_building_id": "SLWF90KM3TZK3N", "building_name": "ICC Trade Tower", "floor_number": 1, "floor_name": "Floor 1", "unit_number": "Unit 1A", "unit_id": "U-1A", "z_min": 0.0, "z_max": 3.0, "height": 3.0, "color": "#f59e0b", "use_type": "Commercial", "status": "VERIFIED", "area_sqm": 2900.3, "confidence": 0.96}}, {"type": "Feature", "geometry": {"type": "Polygon", "coordinates": [[[73.8296872, 18.5359939], [73.8297525, 18.5359925], [73.8297551, 18.5360988], [73.829684, 18.5361004], [73.8296893, 18.536314], [73.8297692, 18.5363122], [73.8297728, 18.5364549], [73.8300192, 18.5364494], [73.8300143, 18.5362536], [73.8300078, 18.5359893], [73.8300571, 18.5359882], [73.83004884333435, 18.53565535], [73.82967877477996, 18.53565535], [73.8296872, 18.5359939]]]}, "properties": {"three_d_property_id": "27-21-11-113-000114-B001-F01-U012", "UIPIN": "27-21-11-113-000114-B001-F01-U012", "ULPIN": "27-21-11-113-000114", "parent_building_id": "SLWF90KM3TZK3N", "building_name": "ICC Trade Tower", "floor_number": 1, "floor_name": "Floor 1", "unit_number": "Unit 1B", "unit_id": "U-1B", "z_min": 0.0, "z_max": 3.0, "height": 3.0, "color": "#f59e0b", "use_type": "Commercial", "status": "VERIFIED", "area_sqm": 2854.8, "confidence": 0.96}}, {"type": "Feature", "geometry": {"type": "Polygon", "coordinates": [[[73.8300408, 18.5353311], [73.8299916, 18.5353322], [73.8299798, 18.5348558], [73.8297206, 18.5348616], [73.829724, 18.5349999], [73.8296521, 18.5350016], [73.8296579, 18.5352314], [73.829718, 18.5352301], [73.8297205, 18.5353338], [73.8296708, 18.5353349], [73.82967877477996, 18.53565535], [73.83004884333435, 18.53565535], [73.8300408, 18.5353311]]]}, "properties": {"three_d_property_id": "27-21-11-113-000114-B001-F02-U021", "UIPIN": "27-21-11-113-000114-B001-F02-U021", "ULPIN": "27-21-11-113-000114", "parent_building_id": "SLWF90KM3TZK3N", "building_name": "ICC Trade Tower", "floor_number": 2, "floor_name": "Floor 2", "unit_number": "Unit 2A", "unit_id": "U-2A", "z_min": 3.0, "z_max": 6.0, "height": 3.0, "color": "#10b981", "use_type": "Commercial", "status": "VERIFIED", "area_sqm": 2900.3, "confidence": 0.96}}, {"type": "Feature", "geometry": {"type": "Polygon", "coordinates": [[[73.8296872, 18.5359939], [73.8297525, 18.5359925], [73.8297551, 18.5360988], [73.829684, 18.5361004], [73.8296893, 18.536314], [73.8297692, 18.5363122], [73.8297728, 18.5364549], [73.8300192, 18.5364494], [73.8300143, 18.5362536], [73.8300078, 18.5359893], [73.8300571, 18.5359882], [73.83004884333435, 18.53565535], [73.82967877477996, 18.53565535], [73.8296872, 18.5359939]]]}, "properties": {"three_d_property_id": "27-21-11-113-000114-B001-F02-U022", "UIPIN": "27-21-11-113-000114-B001-F02-U022", "ULPIN": "27-21-11-113-000114", "parent_building_id": "SLWF90KM3TZK3N", "building_name": "ICC Trade Tower", "floor_number": 2, "floor_name": "Floor 2", "unit_number": "Unit 2B", "unit_id": "U-2B", "z_min": 3.0, "z_max": 6.0, "height": 3.0, "color": "#10b981", "use_type": "Commercial", "status": "VERIFIED", "area_sqm": 2854.8, "confidence": 0.96}}, {"type": "Feature", "geometry": {"type": "Polygon", "coordinates": [[[73.8300408, 18.5353311], [73.8299916, 18.5353322], [73.8299798, 18.5348558], [73.8297206, 18.5348616], [73.829724, 18.5349999], [73.8296521, 18.5350016], [73.8296579, 18.5352314], [73.829718, 18.5352301], [73.8297205, 18.5353338], [73.8296708, 18.5353349], [73.82967877477996, 18.53565535], [73.83004884333435, 18.53565535], [73.8300408, 18.5353311]]]}, "properties": {"three_d_property_id": "27-21-11-113-000114-B001-F03-U031", "UIPIN": "27-21-11-113-000114-B001-F03-U031", "ULPIN": "27-21-11-113-000114", "parent_building_id": "SLWF90KM3TZK3N", "building_name": "ICC Trade Tower", "floor_number": 3, "floor_name": "Floor 3", "unit_number": "Unit 3A", "unit_id": "U-3A", "z_min": 6.0, "z_max": 9.0, "height": 3.0, "color": "#0ea5e9", "use_type": "Commercial", "status": "PROVISIONAL", "area_sqm": 2900.3, "confidence": 0.9}}, {"type": "Feature", "geometry": {"type": "Polygon", "coordinates": [[[73.8296872, 18.5359939], [73.8297525, 18.5359925], [73.8297551, 18.5360988], [73.829684, 18.5361004], [73.8296893, 18.536314], [73.8297692, 18.5363122], [73.8297728, 18.5364549], [73.8300192, 18.5364494], [73.8300143, 18.5362536], [73.8300078, 18.5359893], [73.8300571, 18.5359882], [73.83004884333435, 18.53565535], [73.82967877477996, 18.53565535], [73.8296872, 18.5359939]]]}, "properties": {"three_d_property_id": "27-21-11-113-000114-B001-F03-U032", "UIPIN": "27-21-11-113-000114-B001-F03-U032", "ULPIN": "27-21-11-113-000114", "parent_building_id": "SLWF90KM3TZK3N", "building_name": "ICC Trade Tower", "floor_number": 3, "floor_name": "Floor 3", "unit_number": "Unit 3B", "unit_id": "U-3B", "z_min": 6.0, "z_max": 9.0, "height": 3.0, "color": "#0ea5e9", "use_type": "Commercial", "status": "PROVISIONAL", "area_sqm": 2854.8, "confidence": 0.9}}, {"type": "Feature", "geometry": {"type": "Polygon", "coordinates": [[[73.8300408, 18.5353311], [73.8299916, 18.5353322], [73.8299798, 18.5348558], [73.8297206, 18.5348616], [73.829724, 18.5349999], [73.8296521, 18.5350016], [73.8296579, 18.5352314], [73.829718, 18.5352301], [73.8297205, 18.5353338], [73.8296708, 18.5353349], [73.82967877477996, 18.53565535], [73.83004884333435, 18.53565535], [73.8300408, 18.5353311]]]}, "properties": {"three_d_property_id": "27-21-11-113-000114-B001-F04-U041", "UIPIN": "27-21-11-113-000114-B001-F04-U041", "ULPIN": "27-21-11-113-000114", "parent_building_id": "SLWF90KM3TZK3N", "building_name": "ICC Trade Tower", "floor_number": 4, "floor_name": "Floor 4", "unit_number": "Unit 4A", "unit_id": "U-4A", "z_min": 9.0, "z_max": 12.0, "height": 3.0, "color": "#8b5cf6", "use_type": "Commercial", "status": "PROVISIONAL", "area_sqm": 2900.3, "confidence": 0.9}}, {"type": "Feature", "geometry": {"type": "Polygon", "coordinates": [[[73.8296872, 18.5359939], [73.8297525, 18.5359925], [73.8297551, 18.5360988], [73.829684, 18.5361004], [73.8296893, 18.536314], [73.8297692, 18.5363122], [73.8297728, 18.5364549], [73.8300192, 18.5364494], [73.8300143, 18.5362536], [73.8300078, 18.5359893], [73.8300571, 18.5359882], [73.83004884333435, 18.53565535], [73.82967877477996, 18.53565535], [73.8296872, 18.5359939]]]}, "properties": {"three_d_property_id": "27-21-11-113-000114-B001-F04-U042", "UIPIN": "27-21-11-113-000114-B001-F04-U042", "ULPIN": "27-21-11-113-000114", "parent_building_id": "SLWF90KM3TZK3N", "building_name": "ICC Trade Tower", "floor_number": 4, "floor_name": "Floor 4", "unit_number": "Unit 4B", "unit_id": "U-4B", "z_min": 9.0, "z_max": 12.0, "height": 3.0, "color": "#8b5cf6", "use_type": "Commercial", "status": "PROVISIONAL", "area_sqm": 2854.8, "confidence": 0.9}}, {"type": "Feature", "geometry": {"type": "Polygon", "coordinates": [[[73.8300408, 18.5353311], [73.8299916, 18.5353322], [73.8299798, 18.5348558], [73.8297206, 18.5348616], [73.829724, 18.5349999], [73.8296521, 18.5350016], [73.8296579, 18.5352314], [73.829718, 18.5352301], [73.8297205, 18.5353338], [73.8296708, 18.5353349], [73.82967877477996, 18.53565535], [73.83004884333435, 18.53565535], [73.8300408, 18.5353311]]]}, "properties": {"three_d_property_id": "27-21-11-113-000114-B001-F05-U051", "UIPIN": "27-21-11-113-000114-B001-F05-U051", "ULPIN": "27-21-11-113-000114", "parent_building_id": "SLWF90KM3TZK3N", "building_name": "ICC Trade Tower", "floor_number": 5, "floor_name": "Floor 5", "unit_number": "Unit 5A", "unit_id": "U-5A", "z_min": 12.0, "z_max": 15.0, "height": 3.0, "color": "#ec4899", "use_type": "Commercial", "status": "PROVISIONAL", "area_sqm": 2900.3, "confidence": 0.9}}, {"type": "Feature", "geometry": {"type": "Polygon", "coordinates": [[[73.8296872, 18.5359939], [73.8297525, 18.5359925], [73.8297551, 18.5360988], [73.829684, 18.5361004], [73.8296893, 18.536314], [73.8297692, 18.5363122], [73.8297728, 18.5364549], [73.8300192, 18.5364494], [73.8300143, 18.5362536], [73.8300078, 18.5359893], [73.8300571, 18.5359882], [73.83004884333435, 18.53565535], [73.82967877477996, 18.53565535], [73.8296872, 18.5359939]]]}, "properties": {"three_d_property_id": "27-21-11-113-000114-B001-F05-U052", "UIPIN": "27-21-11-113-000114-B001-F05-U052", "ULPIN": "27-21-11-113-000114", "parent_building_id": "SLWF90KM3TZK3N", "building_name": "ICC Trade Tower", "floor_number": 5, "floor_name": "Floor 5", "unit_number": "Unit 5B", "unit_id": "U-5B", "z_min": 12.0, "z_max": 15.0, "height": 3.0, "color": "#ec4899", "use_type": "Commercial", "status": "PROVISIONAL", "area_sqm": 2854.8, "confidence": 0.9}}, {"type": "Feature", "geometry": {"type": "Polygon", "coordinates": [[[73.8300408, 18.5353311], [73.8299916, 18.5353322], [73.8299798, 18.5348558], [73.8297206, 18.5348616], [73.829724, 18.5349999], [73.8296521, 18.5350016], [73.8296579, 18.5352314], [73.829718, 18.5352301], [73.8297205, 18.5353338], [73.8296708, 18.5353349], [73.82967877477996, 18.53565535], [73.83004884333435, 18.53565535], [73.8300408, 18.5353311]]]}, "properties": {"three_d_property_id": "27-21-11-113-000114-B001-F06-U061", "UIPIN": "27-21-11-113-000114-B001-F06-U061", "ULPIN": "27-21-11-113-000114", "parent_building_id": "SLWF90KM3TZK3N", "building_name": "ICC Trade Tower", "floor_number": 6, "floor_name": "Floor 6", "unit_number": "Unit 6A", "unit_id": "U-6A", "z_min": 15.0, "z_max": 18.0, "height": 3.0, "color": "#6366f1", "use_type": "Commercial", "status": "PROVISIONAL", "area_sqm": 2900.3, "confidence": 0.9}}, {"type": "Feature", "geometry": {"type": "Polygon", "coordinates": [[[73.8296872, 18.5359939], [73.8297525, 18.5359925], [73.8297551, 18.5360988], [73.829684, 18.5361004], [73.8296893, 18.536314], [73.8297692, 18.5363122], [73.8297728, 18.5364549], [73.8300192, 18.5364494], [73.8300143, 18.5362536], [73.8300078, 18.5359893], [73.8300571, 18.5359882], [73.83004884333435, 18.53565535], [73.82967877477996, 18.53565535], [73.8296872, 18.5359939]]]}, "properties": {"three_d_property_id": "27-21-11-113-000114-B001-F06-U062", "UIPIN": "27-21-11-113-000114-B001-F06-U062", "ULPIN": "27-21-11-113-000114", "parent_building_id": "SLWF90KM3TZK3N", "building_name": "ICC Trade Tower", "floor_number": 6, "floor_name": "Floor 6", "unit_number": "Unit 6B", "unit_id": "U-6B", "z_min": 15.0, "z_max": 18.0, "height": 3.0, "color": "#6366f1", "use_type": "Commercial", "status": "PROVISIONAL", "area_sqm": 2854.8, "confidence": 0.9}}, {"type": "Feature", "geometry": {"type": "Polygon", "coordinates": [[[73.8300408, 18.5353311], [73.8299916, 18.5353322], [73.8299798, 18.5348558], [73.8297206, 18.5348616], [73.829724, 18.5349999], [73.8296521, 18.5350016], [73.8296579, 18.5352314], [73.829718, 18.5352301], [73.8297205, 18.5353338], [73.8296708, 18.5353349], [73.82967877477996, 18.53565535], [73.83004884333435, 18.53565535], [73.8300408, 18.5353311]]]}, "properties": {"three_d_property_id": "27-21-11-113-000114-B001-F07-U071", "UIPIN": "27-21-11-113-000114-B001-F07-U071", "ULPIN": "27-21-11-113-000114", "parent_building_id": "SLWF90KM3TZK3N", "building_name": "ICC Trade Tower", "floor_number": 7, "floor_name": "Floor 7", "unit_number": "Unit 7A", "unit_id": "U-7A", "z_min": 18.0, "z_max": 21.0, "height": 3.0, "color": "#ec4899", "use_type": "Commercial", "status": "PROVISIONAL", "area_sqm": 2900.3, "confidence": 0.9}}, {"type": "Feature", "geometry": {"type": "Polygon", "coordinates": [[[73.8296872, 18.5359939], [73.8297525, 18.5359925], [73.8297551, 18.5360988], [73.829684, 18.5361004], [73.8296893, 18.536314], [73.8297692, 18.5363122], [73.8297728, 18.5364549], [73.8300192, 18.5364494], [73.8300143, 18.5362536], [73.8300078, 18.5359893], [73.8300571, 18.5359882], [73.83004884333435, 18.53565535], [73.82967877477996, 18.53565535], [73.8296872, 18.5359939]]]}, "properties": {"three_d_property_id": "27-21-11-113-000114-B001-F07-U072", "UIPIN": "27-21-11-113-000114-B001-F07-U072", "ULPIN": "27-21-11-113-000114", "parent_building_id": "SLWF90KM3TZK3N", "building_name": "ICC Trade Tower", "floor_number": 7, "floor_name": "Floor 7", "unit_number": "Unit 7B", "unit_id": "U-7B", "z_min": 18.0, "z_max": 21.0, "height": 3.0, "color": "#ec4899", "use_type": "Commercial", "status": "PROVISIONAL", "area_sqm": 2854.8, "confidence": 0.9}}, {"type": "Feature", "geometry": {"type": "Polygon", "coordinates": [[[73.8300408, 18.5353311], [73.8299916, 18.5353322], [73.8299798, 18.5348558], [73.8297206, 18.5348616], [73.829724, 18.5349999], [73.8296521, 18.5350016], [73.8296579, 18.5352314], [73.829718, 18.5352301], [73.8297205, 18.5353338], [73.8296708, 18.5353349], [73.82967877477996, 18.53565535], [73.83004884333435, 18.53565535], [73.8300408, 18.5353311]]]}, "properties": {"three_d_property_id": "27-21-11-113-000114-B001-F08-U081", "UIPIN": "27-21-11-113-000114-B001-F08-U081", "ULPIN": "27-21-11-113-000114", "parent_building_id": "SLWF90KM3TZK3N", "building_name": "ICC Trade Tower", "floor_number": 8, "floor_name": "Floor 8", "unit_number": "Unit 8A", "unit_id": "U-8A", "z_min": 21.0, "z_max": 24.0, "height": 3.0, "color": "#3b82f6", "use_type": "Commercial", "status": "PROVISIONAL", "area_sqm": 2900.3, "confidence": 0.9}}, {"type": "Feature", "geometry": {"type": "Polygon", "coordinates": [[[73.8296872, 18.5359939], [73.8297525, 18.5359925], [73.8297551, 18.5360988], [73.829684, 18.5361004], [73.8296893, 18.536314], [73.8297692, 18.5363122], [73.8297728, 18.5364549], [73.8300192, 18.5364494], [73.8300143, 18.5362536], [73.8300078, 18.5359893], [73.8300571, 18.5359882], [73.83004884333435, 18.53565535], [73.82967877477996, 18.53565535], [73.8296872, 18.5359939]]]}, "properties": {"three_d_property_id": "27-21-11-113-000114-B001-F08-U082", "UIPIN": "27-21-11-113-000114-B001-F08-U082", "ULPIN": "27-21-11-113-000114", "parent_building_id": "SLWF90KM3TZK3N", "building_name": "ICC Trade Tower", "floor_number": 8, "floor_name": "Floor 8", "unit_number": "Unit 8B", "unit_id": "U-8B", "z_min": 21.0, "z_max": 24.0, "height": 3.0, "color": "#3b82f6", "use_type": "Commercial", "status": "PROVISIONAL", "area_sqm": 2854.8, "confidence": 0.9}}, {"type": "Feature", "geometry": {"type": "Polygon", "coordinates": [[[73.8300408, 18.5353311], [73.8299916, 18.5353322], [73.8299798, 18.5348558], [73.8297206, 18.5348616], [73.829724, 18.5349999], [73.8296521, 18.5350016], [73.8296579, 18.5352314], [73.829718, 18.5352301], [73.8297205, 18.5353338], [73.8296708, 18.5353349], [73.82967877477996, 18.53565535], [73.83004884333435, 18.53565535], [73.8300408, 18.5353311]]]}, "properties": {"three_d_property_id": "27-21-11-113-000114-B001-F09-U091", "UIPIN": "27-21-11-113-000114-B001-F09-U091", "ULPIN": "27-21-11-113-000114", "parent_building_id": "SLWF90KM3TZK3N", "building_name": "ICC Trade Tower", "floor_number": 9, "floor_name": "Floor 9", "unit_number": "Unit 9A", "unit_id": "U-9A", "z_min": 24.0, "z_max": 27.0, "height": 3.0, "color": "#14b8a6", "use_type": "Commercial", "status": "PROVISIONAL", "area_sqm": 2900.3, "confidence": 0.9}}, {"type": "Feature", "geometry": {"type": "Polygon", "coordinates": [[[73.8296872, 18.5359939], [73.8297525, 18.5359925], [73.8297551, 18.5360988], [73.829684, 18.5361004], [73.8296893, 18.536314], [73.8297692, 18.5363122], [73.8297728, 18.5364549], [73.8300192, 18.5364494], [73.8300143, 18.5362536], [73.8300078, 18.5359893], [73.8300571, 18.5359882], [73.83004884333435, 18.53565535], [73.82967877477996, 18.53565535], [73.8296872, 18.5359939]]]}, "properties": {"three_d_property_id": "27-21-11-113-000114-B001-F09-U092", "UIPIN": "27-21-11-113-000114-B001-F09-U092", "ULPIN": "27-21-11-113-000114", "parent_building_id": "SLWF90KM3TZK3N", "building_name": "ICC Trade Tower", "floor_number": 9, "floor_name": "Floor 9", "unit_number": "Unit 9B", "unit_id": "U-9B", "z_min": 24.0, "z_max": 27.0, "height": 3.0, "color": "#14b8a6", "use_type": "Commercial", "status": "PROVISIONAL", "area_sqm": 2854.8, "confidence": 0.9}}, {"type": "Feature", "geometry": {"type": "Polygon", "coordinates": [[[73.8333584, 18.5617624], [73.8334189, 18.5617482], [73.8334295, 18.561789], [73.8335202, 18.5617677], [73.8335009, 18.5616937], [73.8334742, 18.5617], [73.8334466, 18.5615944], [73.8333318, 18.5616214], [73.8333445, 18.5616699], [73.8332567, 18.5616906], [73.833275, 18.5617606], [73.833258, 18.5617646], [73.833284, 18.5618637], [73.8332886, 18.5618786], [73.83329989923729, 18.56191425], [73.83339812396, 18.56191425], [73.8333584, 18.5617624]]]}, "properties": {"three_d_property_id": "27-21-13-033-000412-B001-F00-U001", "UIPIN": "27-21-13-033-000412-B001-F00-U001", "ULPIN": "27-21-13-033-000412", "parent_building_id": "KW1XSRQKRST3TA", "building_name": "The Landmark Apartments", "floor_number": -1, "floor_name": "Basement / Parking", "unit_number": "Parking Bay P-01", "unit_id": "P01", "z_min": -3.0, "z_max": 0.0, "height": 3.0, "color": "#64748b", "use_type": "Parking / Storage", "status": "VERIFIED", "area_sqm": 498.2, "confidence": 0.95}}, {"type": "Feature", "geometry": {"type": "Polygon", "coordinates": [[[73.8333073, 18.5619376], [73.8333422, 18.5620017], [73.8332679, 18.5620174], [73.8333408, 18.5622341], [73.8333737, 18.5622299], [73.8334227, 18.5621595], [73.8334179, 18.5621413], [73.8335352, 18.5621137], [73.83354, 18.5621319], [73.8336112, 18.5621152], [73.833575, 18.5619768], [73.8334238, 18.5620124], [73.83339812396, 18.56191425], [73.83329989923729, 18.56191425], [73.8333073, 18.5619376]]]}, "properties": {"three_d_property_id": "27-21-13-033-000412-B001-F00-U002", "UIPIN": "27-21-13-033-000412-B001-F00-U002", "ULPIN": "27-21-13-033-000412", "parent_building_id": "KW1XSRQKRST3TA", "building_name": "The Landmark Apartments", "floor_number": -1, "floor_name": "Basement / Parking", "unit_number": "Parking Bay P-02", "unit_id": "P02", "z_min": -3.0, "z_max": 0.0, "height": 3.0, "color": "#64748b", "use_type": "Parking / Storage", "status": "VERIFIED", "area_sqm": 626.3, "confidence": 0.95}}, {"type": "Feature", "geometry": {"type": "Polygon", "coordinates": [[[73.8333584, 18.5617624], [73.8334189, 18.5617482], [73.8334295, 18.561789], [73.8335202, 18.5617677], [73.8335009, 18.5616937], [73.8334742, 18.5617], [73.8334466, 18.5615944], [73.8333318, 18.5616214], [73.8333445, 18.5616699], [73.8332567, 18.5616906], [73.833275, 18.5617606], [73.833258, 18.5617646], [73.833284, 18.5618637], [73.8332886, 18.5618786], [73.83329989923729, 18.56191425], [73.83339812396, 18.56191425], [73.8333584, 18.5617624]]]}, "properties": {"three_d_property_id": "27-21-13-033-000412-B001-F01-U011", "UIPIN": "27-21-13-033-000412-B001-F01-U011", "ULPIN": "27-21-13-033-000412", "parent_building_id": "KW1XSRQKRST3TA", "building_name": "The Landmark Apartments", "floor_number": 1, "floor_name": "Floor 1", "unit_number": "Unit 1A", "unit_id": "U-1A", "z_min": 0.0, "z_max": 3.0, "height": 3.0, "color": "#f59e0b", "use_type": "Residential", "status": "VERIFIED", "area_sqm": 498.2, "confidence": 0.96}}, {"type": "Feature", "geometry": {"type": "Polygon", "coordinates": [[[73.8333073, 18.5619376], [73.8333422, 18.5620017], [73.8332679, 18.5620174], [73.8333408, 18.5622341], [73.8333737, 18.5622299], [73.8334227, 18.5621595], [73.8334179, 18.5621413], [73.8335352, 18.5621137], [73.83354, 18.5621319], [73.8336112, 18.5621152], [73.833575, 18.5619768], [73.8334238, 18.5620124], [73.83339812396, 18.56191425], [73.83329989923729, 18.56191425], [73.8333073, 18.5619376]]]}, "properties": {"three_d_property_id": "27-21-13-033-000412-B001-F01-U012", "UIPIN": "27-21-13-033-000412-B001-F01-U012", "ULPIN": "27-21-13-033-000412", "parent_building_id": "KW1XSRQKRST3TA", "building_name": "The Landmark Apartments", "floor_number": 1, "floor_name": "Floor 1", "unit_number": "Unit 1B", "unit_id": "U-1B", "z_min": 0.0, "z_max": 3.0, "height": 3.0, "color": "#f59e0b", "use_type": "Residential", "status": "VERIFIED", "area_sqm": 626.3, "confidence": 0.96}}, {"type": "Feature", "geometry": {"type": "Polygon", "coordinates": [[[73.8333584, 18.5617624], [73.8334189, 18.5617482], [73.8334295, 18.561789], [73.8335202, 18.5617677], [73.8335009, 18.5616937], [73.8334742, 18.5617], [73.8334466, 18.5615944], [73.8333318, 18.5616214], [73.8333445, 18.5616699], [73.8332567, 18.5616906], [73.833275, 18.5617606], [73.833258, 18.5617646], [73.833284, 18.5618637], [73.8332886, 18.5618786], [73.83329989923729, 18.56191425], [73.83339812396, 18.56191425], [73.8333584, 18.5617624]]]}, "properties": {"three_d_property_id": "27-21-13-033-000412-B001-F02-U021", "UIPIN": "27-21-13-033-000412-B001-F02-U021", "ULPIN": "27-21-13-033-000412", "parent_building_id": "KW1XSRQKRST3TA", "building_name": "The Landmark Apartments", "floor_number": 2, "floor_name": "Floor 2", "unit_number": "Unit 2A", "unit_id": "U-2A", "z_min": 3.0, "z_max": 6.0, "height": 3.0, "color": "#10b981", "use_type": "Residential", "status": "VERIFIED", "area_sqm": 498.2, "confidence": 0.96}}, {"type": "Feature", "geometry": {"type": "Polygon", "coordinates": [[[73.8333073, 18.5619376], [73.8333422, 18.5620017], [73.8332679, 18.5620174], [73.8333408, 18.5622341], [73.8333737, 18.5622299], [73.8334227, 18.5621595], [73.8334179, 18.5621413], [73.8335352, 18.5621137], [73.83354, 18.5621319], [73.8336112, 18.5621152], [73.833575, 18.5619768], [73.8334238, 18.5620124], [73.83339812396, 18.56191425], [73.83329989923729, 18.56191425], [73.8333073, 18.5619376]]]}, "properties": {"three_d_property_id": "27-21-13-033-000412-B001-F02-U022", "UIPIN": "27-21-13-033-000412-B001-F02-U022", "ULPIN": "27-21-13-033-000412", "parent_building_id": "KW1XSRQKRST3TA", "building_name": "The Landmark Apartments", "floor_number": 2, "floor_name": "Floor 2", "unit_number": "Unit 2B", "unit_id": "U-2B", "z_min": 3.0, "z_max": 6.0, "height": 3.0, "color": "#10b981", "use_type": "Residential", "status": "VERIFIED", "area_sqm": 626.3, "confidence": 0.96}}, {"type": "Feature", "geometry": {"type": "Polygon", "coordinates": [[[73.8333584, 18.5617624], [73.8334189, 18.5617482], [73.8334295, 18.561789], [73.8335202, 18.5617677], [73.8335009, 18.5616937], [73.8334742, 18.5617], [73.8334466, 18.5615944], [73.8333318, 18.5616214], [73.8333445, 18.5616699], [73.8332567, 18.5616906], [73.833275, 18.5617606], [73.833258, 18.5617646], [73.833284, 18.5618637], [73.8332886, 18.5618786], [73.83329989923729, 18.56191425], [73.83339812396, 18.56191425], [73.8333584, 18.5617624]]]}, "properties": {"three_d_property_id": "27-21-13-033-000412-B001-F03-U031", "UIPIN": "27-21-13-033-000412-B001-F03-U031", "ULPIN": "27-21-13-033-000412", "parent_building_id": "KW1XSRQKRST3TA", "building_name": "The Landmark Apartments", "floor_number": 3, "floor_name": "Floor 3", "unit_number": "Unit 3A", "unit_id": "U-3A", "z_min": 6.0, "z_max": 9.0, "height": 3.0, "color": "#0ea5e9", "use_type": "Residential", "status": "PROVISIONAL", "area_sqm": 498.2, "confidence": 0.9}}, {"type": "Feature", "geometry": {"type": "Polygon", "coordinates": [[[73.8333073, 18.5619376], [73.8333422, 18.5620017], [73.8332679, 18.5620174], [73.8333408, 18.5622341], [73.8333737, 18.5622299], [73.8334227, 18.5621595], [73.8334179, 18.5621413], [73.8335352, 18.5621137], [73.83354, 18.5621319], [73.8336112, 18.5621152], [73.833575, 18.5619768], [73.8334238, 18.5620124], [73.83339812396, 18.56191425], [73.83329989923729, 18.56191425], [73.8333073, 18.5619376]]]}, "properties": {"three_d_property_id": "27-21-13-033-000412-B001-F03-U032", "UIPIN": "27-21-13-033-000412-B001-F03-U032", "ULPIN": "27-21-13-033-000412", "parent_building_id": "KW1XSRQKRST3TA", "building_name": "The Landmark Apartments", "floor_number": 3, "floor_name": "Floor 3", "unit_number": "Unit 3B", "unit_id": "U-3B", "z_min": 6.0, "z_max": 9.0, "height": 3.0, "color": "#0ea5e9", "use_type": "Residential", "status": "PROVISIONAL", "area_sqm": 626.3, "confidence": 0.9}}, {"type": "Feature", "geometry": {"type": "Polygon", "coordinates": [[[73.8333584, 18.5617624], [73.8334189, 18.5617482], [73.8334295, 18.561789], [73.8335202, 18.5617677], [73.8335009, 18.5616937], [73.8334742, 18.5617], [73.8334466, 18.5615944], [73.8333318, 18.5616214], [73.8333445, 18.5616699], [73.8332567, 18.5616906], [73.833275, 18.5617606], [73.833258, 18.5617646], [73.833284, 18.5618637], [73.8332886, 18.5618786], [73.83329989923729, 18.56191425], [73.83339812396, 18.56191425], [73.8333584, 18.5617624]]]}, "properties": {"three_d_property_id": "27-21-13-033-000412-B001-F04-U041", "UIPIN": "27-21-13-033-000412-B001-F04-U041", "ULPIN": "27-21-13-033-000412", "parent_building_id": "KW1XSRQKRST3TA", "building_name": "The Landmark Apartments", "floor_number": 4, "floor_name": "Floor 4", "unit_number": "Unit 4A", "unit_id": "U-4A", "z_min": 9.0, "z_max": 12.0, "height": 3.0, "color": "#8b5cf6", "use_type": "Residential", "status": "PROVISIONAL", "area_sqm": 498.2, "confidence": 0.9}}, {"type": "Feature", "geometry": {"type": "Polygon", "coordinates": [[[73.8333073, 18.5619376], [73.8333422, 18.5620017], [73.8332679, 18.5620174], [73.8333408, 18.5622341], [73.8333737, 18.5622299], [73.8334227, 18.5621595], [73.8334179, 18.5621413], [73.8335352, 18.5621137], [73.83354, 18.5621319], [73.8336112, 18.5621152], [73.833575, 18.5619768], [73.8334238, 18.5620124], [73.83339812396, 18.56191425], [73.83329989923729, 18.56191425], [73.8333073, 18.5619376]]]}, "properties": {"three_d_property_id": "27-21-13-033-000412-B001-F04-U042", "UIPIN": "27-21-13-033-000412-B001-F04-U042", "ULPIN": "27-21-13-033-000412", "parent_building_id": "KW1XSRQKRST3TA", "building_name": "The Landmark Apartments", "floor_number": 4, "floor_name": "Floor 4", "unit_number": "Unit 4B", "unit_id": "U-4B", "z_min": 9.0, "z_max": 12.0, "height": 3.0, "color": "#8b5cf6", "use_type": "Residential", "status": "PROVISIONAL", "area_sqm": 626.3, "confidence": 0.9}}, {"type": "Feature", "geometry": {"type": "Polygon", "coordinates": [[[73.8333584, 18.5617624], [73.8334189, 18.5617482], [73.8334295, 18.561789], [73.8335202, 18.5617677], [73.8335009, 18.5616937], [73.8334742, 18.5617], [73.8334466, 18.5615944], [73.8333318, 18.5616214], [73.8333445, 18.5616699], [73.8332567, 18.5616906], [73.833275, 18.5617606], [73.833258, 18.5617646], [73.833284, 18.5618637], [73.8332886, 18.5618786], [73.83329989923729, 18.56191425], [73.83339812396, 18.56191425], [73.8333584, 18.5617624]]]}, "properties": {"three_d_property_id": "27-21-13-033-000412-B001-F05-U051", "UIPIN": "27-21-13-033-000412-B001-F05-U051", "ULPIN": "27-21-13-033-000412", "parent_building_id": "KW1XSRQKRST3TA", "building_name": "The Landmark Apartments", "floor_number": 5, "floor_name": "Floor 5", "unit_number": "Unit 5A", "unit_id": "U-5A", "z_min": 12.0, "z_max": 15.0, "height": 3.0, "color": "#ec4899", "use_type": "Residential", "status": "PROVISIONAL", "area_sqm": 498.2, "confidence": 0.9}}, {"type": "Feature", "geometry": {"type": "Polygon", "coordinates": [[[73.8333073, 18.5619376], [73.8333422, 18.5620017], [73.8332679, 18.5620174], [73.8333408, 18.5622341], [73.8333737, 18.5622299], [73.8334227, 18.5621595], [73.8334179, 18.5621413], [73.8335352, 18.5621137], [73.83354, 18.5621319], [73.8336112, 18.5621152], [73.833575, 18.5619768], [73.8334238, 18.5620124], [73.83339812396, 18.56191425], [73.83329989923729, 18.56191425], [73.8333073, 18.5619376]]]}, "properties": {"three_d_property_id": "27-21-13-033-000412-B001-F05-U052", "UIPIN": "27-21-13-033-000412-B001-F05-U052", "ULPIN": "27-21-13-033-000412", "parent_building_id": "KW1XSRQKRST3TA", "building_name": "The Landmark Apartments", "floor_number": 5, "floor_name": "Floor 5", "unit_number": "Unit 5B", "unit_id": "U-5B", "z_min": 12.0, "z_max": 15.0, "height": 3.0, "color": "#ec4899", "use_type": "Residential", "status": "PROVISIONAL", "area_sqm": 626.3, "confidence": 0.9}}, {"type": "Feature", "geometry": {"type": "Polygon", "coordinates": [[[73.8333584, 18.5617624], [73.8334189, 18.5617482], [73.8334295, 18.561789], [73.8335202, 18.5617677], [73.8335009, 18.5616937], [73.8334742, 18.5617], [73.8334466, 18.5615944], [73.8333318, 18.5616214], [73.8333445, 18.5616699], [73.8332567, 18.5616906], [73.833275, 18.5617606], [73.833258, 18.5617646], [73.833284, 18.5618637], [73.8332886, 18.5618786], [73.83329989923729, 18.56191425], [73.83339812396, 18.56191425], [73.8333584, 18.5617624]]]}, "properties": {"three_d_property_id": "27-21-13-033-000412-B001-F06-U061", "UIPIN": "27-21-13-033-000412-B001-F06-U061", "ULPIN": "27-21-13-033-000412", "parent_building_id": "KW1XSRQKRST3TA", "building_name": "The Landmark Apartments", "floor_number": 6, "floor_name": "Floor 6", "unit_number": "Unit 6A", "unit_id": "U-6A", "z_min": 15.0, "z_max": 18.0, "height": 3.0, "color": "#6366f1", "use_type": "Residential", "status": "PROVISIONAL", "area_sqm": 498.2, "confidence": 0.9}}, {"type": "Feature", "geometry": {"type": "Polygon", "coordinates": [[[73.8333073, 18.5619376], [73.8333422, 18.5620017], [73.8332679, 18.5620174], [73.8333408, 18.5622341], [73.8333737, 18.5622299], [73.8334227, 18.5621595], [73.8334179, 18.5621413], [73.8335352, 18.5621137], [73.83354, 18.5621319], [73.8336112, 18.5621152], [73.833575, 18.5619768], [73.8334238, 18.5620124], [73.83339812396, 18.56191425], [73.83329989923729, 18.56191425], [73.8333073, 18.5619376]]]}, "properties": {"three_d_property_id": "27-21-13-033-000412-B001-F06-U062", "UIPIN": "27-21-13-033-000412-B001-F06-U062", "ULPIN": "27-21-13-033-000412", "parent_building_id": "KW1XSRQKRST3TA", "building_name": "The Landmark Apartments", "floor_number": 6, "floor_name": "Floor 6", "unit_number": "Unit 6B", "unit_id": "U-6B", "z_min": 15.0, "z_max": 18.0, "height": 3.0, "color": "#6366f1", "use_type": "Residential", "status": "PROVISIONAL", "area_sqm": 626.3, "confidence": 0.9}}, {"type": "Feature", "geometry": {"type": "Polygon", "coordinates": [[[73.8333584, 18.5617624], [73.8334189, 18.5617482], [73.8334295, 18.561789], [73.8335202, 18.5617677], [73.8335009, 18.5616937], [73.8334742, 18.5617], [73.8334466, 18.5615944], [73.8333318, 18.5616214], [73.8333445, 18.5616699], [73.8332567, 18.5616906], [73.833275, 18.5617606], [73.833258, 18.5617646], [73.833284, 18.5618637], [73.8332886, 18.5618786], [73.83329989923729, 18.56191425], [73.83339812396, 18.56191425], [73.8333584, 18.5617624]]]}, "properties": {"three_d_property_id": "27-21-13-033-000412-B001-F07-U071", "UIPIN": "27-21-13-033-000412-B001-F07-U071", "ULPIN": "27-21-13-033-000412", "parent_building_id": "KW1XSRQKRST3TA", "building_name": "The Landmark Apartments", "floor_number": 7, "floor_name": "Floor 7", "unit_number": "Unit 7A", "unit_id": "U-7A", "z_min": 18.0, "z_max": 21.0, "height": 3.0, "color": "#ec4899", "use_type": "Residential", "status": "PROVISIONAL", "area_sqm": 498.2, "confidence": 0.9}}, {"type": "Feature", "geometry": {"type": "Polygon", "coordinates": [[[73.8333073, 18.5619376], [73.8333422, 18.5620017], [73.8332679, 18.5620174], [73.8333408, 18.5622341], [73.8333737, 18.5622299], [73.8334227, 18.5621595], [73.8334179, 18.5621413], [73.8335352, 18.5621137], [73.83354, 18.5621319], [73.8336112, 18.5621152], [73.833575, 18.5619768], [73.8334238, 18.5620124], [73.83339812396, 18.56191425], [73.83329989923729, 18.56191425], [73.8333073, 18.5619376]]]}, "properties": {"three_d_property_id": "27-21-13-033-000412-B001-F07-U072", "UIPIN": "27-21-13-033-000412-B001-F07-U072", "ULPIN": "27-21-13-033-000412", "parent_building_id": "KW1XSRQKRST3TA", "building_name": "The Landmark Apartments", "floor_number": 7, "floor_name": "Floor 7", "unit_number": "Unit 7B", "unit_id": "U-7B", "z_min": 18.0, "z_max": 21.0, "height": 3.0, "color": "#ec4899", "use_type": "Residential", "status": "PROVISIONAL", "area_sqm": 626.3, "confidence": 0.9}}, {"type": "Feature", "geometry": {"type": "Polygon", "coordinates": [[[73.8380344, 18.5643853], [73.8380532, 18.5645943], [73.8381711, 18.564584806873526], [73.8381711, 18.564374293126473], [73.8380344, 18.5643853]]]}, "properties": {"three_d_property_id": "27-21-06-261-000446-B001-F00-U001", "UIPIN": "27-21-06-261-000446-B001-F00-U001", "ULPIN": "27-21-06-261-000446", "parent_building_id": "9YKIPUT7SSOQZ3", "building_name": "Mont Vert Pristine", "floor_number": -1, "floor_name": "Basement / Parking", "unit_number": "Parking Bay P-01", "unit_id": "P01", "z_min": -3.0, "z_max": 0.0, "height": 3.0, "color": "#64748b", "use_type": "Parking / Storage", "status": "VERIFIED", "area_sqm": 298.9, "confidence": 0.95}}, {"type": "Feature", "geometry": {"type": "Polygon", "coordinates": [[[73.8383078, 18.5645738], [73.838289, 18.5643648], [73.8381711, 18.564374293126473], [73.8381711, 18.564584806873526], [73.8383078, 18.5645738]]]}, "properties": {"three_d_property_id": "27-21-06-261-000446-B001-F00-U002", "UIPIN": "27-21-06-261-000446-B001-F00-U002", "ULPIN": "27-21-06-261-000446", "parent_building_id": "9YKIPUT7SSOQZ3", "building_name": "Mont Vert Pristine", "floor_number": -1, "floor_name": "Basement / Parking", "unit_number": "Parking Bay P-02", "unit_id": "P02", "z_min": -3.0, "z_max": 0.0, "height": 3.0, "color": "#64748b", "use_type": "Parking / Storage", "status": "VERIFIED", "area_sqm": 298.9, "confidence": 0.95}}, {"type": "Feature", "geometry": {"type": "Polygon", "coordinates": [[[73.8380344, 18.5643853], [73.8380532, 18.5645943], [73.8381711, 18.564584806873526], [73.8381711, 18.564374293126473], [73.8380344, 18.5643853]]]}, "properties": {"three_d_property_id": "27-21-06-261-000446-B001-F01-U011", "UIPIN": "27-21-06-261-000446-B001-F01-U011", "ULPIN": "27-21-06-261-000446", "parent_building_id": "9YKIPUT7SSOQZ3", "building_name": "Mont Vert Pristine", "floor_number": 1, "floor_name": "Floor 1", "unit_number": "Unit 1A", "unit_id": "U-1A", "z_min": 0.0, "z_max": 3.0, "height": 3.0, "color": "#f59e0b", "use_type": "Commercial", "status": "VERIFIED", "area_sqm": 298.9, "confidence": 0.96}}, {"type": "Feature", "geometry": {"type": "Polygon", "coordinates": [[[73.8383078, 18.5645738], [73.838289, 18.5643648], [73.8381711, 18.564374293126473], [73.8381711, 18.564584806873526], [73.8383078, 18.5645738]]]}, "properties": {"three_d_property_id": "27-21-06-261-000446-B001-F01-U012", "UIPIN": "27-21-06-261-000446-B001-F01-U012", "ULPIN": "27-21-06-261-000446", "parent_building_id": "9YKIPUT7SSOQZ3", "building_name": "Mont Vert Pristine", "floor_number": 1, "floor_name": "Floor 1", "unit_number": "Unit 1B", "unit_id": "U-1B", "z_min": 0.0, "z_max": 3.0, "height": 3.0, "color": "#f59e0b", "use_type": "Commercial", "status": "VERIFIED", "area_sqm": 298.9, "confidence": 0.96}}, {"type": "Feature", "geometry": {"type": "Polygon", "coordinates": [[[73.8380344, 18.5643853], [73.8380532, 18.5645943], [73.8381711, 18.564584806873526], [73.8381711, 18.564374293126473], [73.8380344, 18.5643853]]]}, "properties": {"three_d_property_id": "27-21-06-261-000446-B001-F02-U021", "UIPIN": "27-21-06-261-000446-B001-F02-U021", "ULPIN": "27-21-06-261-000446", "parent_building_id": "9YKIPUT7SSOQZ3", "building_name": "Mont Vert Pristine", "floor_number": 2, "floor_name": "Floor 2", "unit_number": "Unit 2A", "unit_id": "U-2A", "z_min": 3.0, "z_max": 6.0, "height": 3.0, "color": "#10b981", "use_type": "Commercial", "status": "VERIFIED", "area_sqm": 298.9, "confidence": 0.96}}, {"type": "Feature", "geometry": {"type": "Polygon", "coordinates": [[[73.8383078, 18.5645738], [73.838289, 18.5643648], [73.8381711, 18.564374293126473], [73.8381711, 18.564584806873526], [73.8383078, 18.5645738]]]}, "properties": {"three_d_property_id": "27-21-06-261-000446-B001-F02-U022", "UIPIN": "27-21-06-261-000446-B001-F02-U022", "ULPIN": "27-21-06-261-000446", "parent_building_id": "9YKIPUT7SSOQZ3", "building_name": "Mont Vert Pristine", "floor_number": 2, "floor_name": "Floor 2", "unit_number": "Unit 2B", "unit_id": "U-2B", "z_min": 3.0, "z_max": 6.0, "height": 3.0, "color": "#10b981", "use_type": "Commercial", "status": "VERIFIED", "area_sqm": 298.9, "confidence": 0.96}}, {"type": "Feature", "geometry": {"type": "Polygon", "coordinates": [[[73.8380344, 18.5643853], [73.8380532, 18.5645943], [73.8381711, 18.564584806873526], [73.8381711, 18.564374293126473], [73.8380344, 18.5643853]]]}, "properties": {"three_d_property_id": "27-21-06-261-000446-B001-F03-U031", "UIPIN": "27-21-06-261-000446-B001-F03-U031", "ULPIN": "27-21-06-261-000446", "parent_building_id": "9YKIPUT7SSOQZ3", "building_name": "Mont Vert Pristine", "floor_number": 3, "floor_name": "Floor 3", "unit_number": "Unit 3A", "unit_id": "U-3A", "z_min": 6.0, "z_max": 9.0, "height": 3.0, "color": "#0ea5e9", "use_type": "Commercial", "status": "PROVISIONAL", "area_sqm": 298.9, "confidence": 0.9}}, {"type": "Feature", "geometry": {"type": "Polygon", "coordinates": [[[73.8383078, 18.5645738], [73.838289, 18.5643648], [73.8381711, 18.564374293126473], [73.8381711, 18.564584806873526], [73.8383078, 18.5645738]]]}, "properties": {"three_d_property_id": "27-21-06-261-000446-B001-F03-U032", "UIPIN": "27-21-06-261-000446-B001-F03-U032", "ULPIN": "27-21-06-261-000446", "parent_building_id": "9YKIPUT7SSOQZ3", "building_name": "Mont Vert Pristine", "floor_number": 3, "floor_name": "Floor 3", "unit_number": "Unit 3B", "unit_id": "U-3B", "z_min": 6.0, "z_max": 9.0, "height": 3.0, "color": "#0ea5e9", "use_type": "Commercial", "status": "PROVISIONAL", "area_sqm": 298.9, "confidence": 0.9}}, {"type": "Feature", "geometry": {"type": "Polygon", "coordinates": [[[73.8380344, 18.5643853], [73.8380532, 18.5645943], [73.8381711, 18.564584806873526], [73.8381711, 18.564374293126473], [73.8380344, 18.5643853]]]}, "properties": {"three_d_property_id": "27-21-06-261-000446-B001-F04-U041", "UIPIN": "27-21-06-261-000446-B001-F04-U041", "ULPIN": "27-21-06-261-000446", "parent_building_id": "9YKIPUT7SSOQZ3", "building_name": "Mont Vert Pristine", "floor_number": 4, "floor_name": "Floor 4", "unit_number": "Unit 4A", "unit_id": "U-4A", "z_min": 9.0, "z_max": 12.0, "height": 3.0, "color": "#8b5cf6", "use_type": "Commercial", "status": "PROVISIONAL", "area_sqm": 298.9, "confidence": 0.9}}, {"type": "Feature", "geometry": {"type": "Polygon", "coordinates": [[[73.8383078, 18.5645738], [73.838289, 18.5643648], [73.8381711, 18.564374293126473], [73.8381711, 18.564584806873526], [73.8383078, 18.5645738]]]}, "properties": {"three_d_property_id": "27-21-06-261-000446-B001-F04-U042", "UIPIN": "27-21-06-261-000446-B001-F04-U042", "ULPIN": "27-21-06-261-000446", "parent_building_id": "9YKIPUT7SSOQZ3", "building_name": "Mont Vert Pristine", "floor_number": 4, "floor_name": "Floor 4", "unit_number": "Unit 4B", "unit_id": "U-4B", "z_min": 9.0, "z_max": 12.0, "height": 3.0, "color": "#8b5cf6", "use_type": "Commercial", "status": "PROVISIONAL", "area_sqm": 298.9, "confidence": 0.9}}, {"type": "Feature", "geometry": {"type": "Polygon", "coordinates": [[[73.8380344, 18.5643853], [73.8380532, 18.5645943], [73.8381711, 18.564584806873526], [73.8381711, 18.564374293126473], [73.8380344, 18.5643853]]]}, "properties": {"three_d_property_id": "27-21-06-261-000446-B001-F05-U051", "UIPIN": "27-21-06-261-000446-B001-F05-U051", "ULPIN": "27-21-06-261-000446", "parent_building_id": "9YKIPUT7SSOQZ3", "building_name": "Mont Vert Pristine", "floor_number": 5, "floor_name": "Floor 5", "unit_number": "Unit 5A", "unit_id": "U-5A", "z_min": 12.0, "z_max": 15.0, "height": 3.0, "color": "#ec4899", "use_type": "Commercial", "status": "PROVISIONAL", "area_sqm": 298.9, "confidence": 0.9}}, {"type": "Feature", "geometry": {"type": "Polygon", "coordinates": [[[73.8383078, 18.5645738], [73.838289, 18.5643648], [73.8381711, 18.564374293126473], [73.8381711, 18.564584806873526], [73.8383078, 18.5645738]]]}, "properties": {"three_d_property_id": "27-21-06-261-000446-B001-F05-U052", "UIPIN": "27-21-06-261-000446-B001-F05-U052", "ULPIN": "27-21-06-261-000446", "parent_building_id": "9YKIPUT7SSOQZ3", "building_name": "Mont Vert Pristine", "floor_number": 5, "floor_name": "Floor 5", "unit_number": "Unit 5B", "unit_id": "U-5B", "z_min": 12.0, "z_max": 15.0, "height": 3.0, "color": "#ec4899", "use_type": "Commercial", "status": "PROVISIONAL", "area_sqm": 298.9, "confidence": 0.9}}, {"type": "Feature", "geometry": {"type": "Polygon", "coordinates": [[[73.8380344, 18.5643853], [73.8380532, 18.5645943], [73.8381711, 18.564584806873526], [73.8381711, 18.564374293126473], [73.8380344, 18.5643853]]]}, "properties": {"three_d_property_id": "27-21-06-261-000446-B001-F06-U061", "UIPIN": "27-21-06-261-000446-B001-F06-U061", "ULPIN": "27-21-06-261-000446", "parent_building_id": "9YKIPUT7SSOQZ3", "building_name": "Mont Vert Pristine", "floor_number": 6, "floor_name": "Floor 6", "unit_number": "Unit 6A", "unit_id": "U-6A", "z_min": 15.0, "z_max": 18.0, "height": 3.0, "color": "#6366f1", "use_type": "Commercial", "status": "PROVISIONAL", "area_sqm": 298.9, "confidence": 0.9}}, {"type": "Feature", "geometry": {"type": "Polygon", "coordinates": [[[73.8383078, 18.5645738], [73.838289, 18.5643648], [73.8381711, 18.564374293126473], [73.8381711, 18.564584806873526], [73.8383078, 18.5645738]]]}, "properties": {"three_d_property_id": "27-21-06-261-000446-B001-F06-U062", "UIPIN": "27-21-06-261-000446-B001-F06-U062", "ULPIN": "27-21-06-261-000446", "parent_building_id": "9YKIPUT7SSOQZ3", "building_name": "Mont Vert Pristine", "floor_number": 6, "floor_name": "Floor 6", "unit_number": "Unit 6B", "unit_id": "U-6B", "z_min": 15.0, "z_max": 18.0, "height": 3.0, "color": "#6366f1", "use_type": "Commercial", "status": "PROVISIONAL", "area_sqm": 298.9, "confidence": 0.9}}, {"type": "Feature", "geometry": {"type": "Polygon", "coordinates": [[[73.8380344, 18.5643853], [73.8380532, 18.5645943], [73.8381711, 18.564584806873526], [73.8381711, 18.564374293126473], [73.8380344, 18.5643853]]]}, "properties": {"three_d_property_id": "27-21-06-261-000446-B001-F07-U071", "UIPIN": "27-21-06-261-000446-B001-F07-U071", "ULPIN": "27-21-06-261-000446", "parent_building_id": "9YKIPUT7SSOQZ3", "building_name": "Mont Vert Pristine", "floor_number": 7, "floor_name": "Floor 7", "unit_number": "Unit 7A", "unit_id": "U-7A", "z_min": 18.0, "z_max": 21.0, "height": 3.0, "color": "#ec4899", "use_type": "Commercial", "status": "PROVISIONAL", "area_sqm": 298.9, "confidence": 0.9}}, {"type": "Feature", "geometry": {"type": "Polygon", "coordinates": [[[73.8383078, 18.5645738], [73.838289, 18.5643648], [73.8381711, 18.564374293126473], [73.8381711, 18.564584806873526], [73.8383078, 18.5645738]]]}, "properties": {"three_d_property_id": "27-21-06-261-000446-B001-F07-U072", "UIPIN": "27-21-06-261-000446-B001-F07-U072", "ULPIN": "27-21-06-261-000446", "parent_building_id": "9YKIPUT7SSOQZ3", "building_name": "Mont Vert Pristine", "floor_number": 7, "floor_name": "Floor 7", "unit_number": "Unit 7B", "unit_id": "U-7B", "z_min": 18.0, "z_max": 21.0, "height": 3.0, "color": "#ec4899", "use_type": "Commercial", "status": "PROVISIONAL", "area_sqm": 298.9, "confidence": 0.9}}, {"type": "Feature", "geometry": {"type": "Polygon", "coordinates": [[[73.8380344, 18.5643853], [73.8380532, 18.5645943], [73.8381711, 18.564584806873526], [73.8381711, 18.564374293126473], [73.8380344, 18.5643853]]]}, "properties": {"three_d_property_id": "27-21-06-261-000446-B001-F08-U081", "UIPIN": "27-21-06-261-000446-B001-F08-U081", "ULPIN": "27-21-06-261-000446", "parent_building_id": "9YKIPUT7SSOQZ3", "building_name": "Mont Vert Pristine", "floor_number": 8, "floor_name": "Floor 8", "unit_number": "Unit 8A", "unit_id": "U-8A", "z_min": 21.0, "z_max": 24.0, "height": 3.0, "color": "#3b82f6", "use_type": "Commercial", "status": "PROVISIONAL", "area_sqm": 298.9, "confidence": 0.9}}, {"type": "Feature", "geometry": {"type": "Polygon", "coordinates": [[[73.8383078, 18.5645738], [73.838289, 18.5643648], [73.8381711, 18.564374293126473], [73.8381711, 18.564584806873526], [73.8383078, 18.5645738]]]}, "properties": {"three_d_property_id": "27-21-06-261-000446-B001-F08-U082", "UIPIN": "27-21-06-261-000446-B001-F08-U082", "ULPIN": "27-21-06-261-000446", "parent_building_id": "9YKIPUT7SSOQZ3", "building_name": "Mont Vert Pristine", "floor_number": 8, "floor_name": "Floor 8", "unit_number": "Unit 8B", "unit_id": "U-8B", "z_min": 21.0, "z_max": 24.0, "height": 3.0, "color": "#3b82f6", "use_type": "Commercial", "status": "PROVISIONAL", "area_sqm": 298.9, "confidence": 0.9}}, {"type": "Feature", "geometry": {"type": "Polygon", "coordinates": [[[73.8380344, 18.5643853], [73.8380532, 18.5645943], [73.8381711, 18.564584806873526], [73.8381711, 18.564374293126473], [73.8380344, 18.5643853]]]}, "properties": {"three_d_property_id": "27-21-06-261-000446-B001-F09-U091", "UIPIN": "27-21-06-261-000446-B001-F09-U091", "ULPIN": "27-21-06-261-000446", "parent_building_id": "9YKIPUT7SSOQZ3", "building_name": "Mont Vert Pristine", "floor_number": 9, "floor_name": "Floor 9", "unit_number": "Unit 9A", "unit_id": "U-9A", "z_min": 24.0, "z_max": 27.0, "height": 3.0, "color": "#14b8a6", "use_type": "Commercial", "status": "PROVISIONAL", "area_sqm": 298.9, "confidence": 0.9}}, {"type": "Feature", "geometry": {"type": "Polygon", "coordinates": [[[73.8383078, 18.5645738], [73.838289, 18.5643648], [73.8381711, 18.564374293126473], [73.8381711, 18.564584806873526], [73.8383078, 18.5645738]]]}, "properties": {"three_d_property_id": "27-21-06-261-000446-B001-F09-U092", "UIPIN": "27-21-06-261-000446-B001-F09-U092", "ULPIN": "27-21-06-261-000446", "parent_building_id": "9YKIPUT7SSOQZ3", "building_name": "Mont Vert Pristine", "floor_number": 9, "floor_name": "Floor 9", "unit_number": "Unit 9B", "unit_id": "U-9B", "z_min": 24.0, "z_max": 27.0, "height": 3.0, "color": "#14b8a6", "use_type": "Commercial", "status": "PROVISIONAL", "area_sqm": 298.9, "confidence": 0.9}}, {"type": "Feature", "geometry": {"type": "Polygon", "coordinates": [[[73.8380344, 18.5643853], [73.8380532, 18.5645943], [73.8381711, 18.564584806873526], [73.8381711, 18.564374293126473], [73.8380344, 18.5643853]]]}, "properties": {"three_d_property_id": "27-21-06-261-000446-B001-F10-U101", "UIPIN": "27-21-06-261-000446-B001-F10-U101", "ULPIN": "27-21-06-261-000446", "parent_building_id": "9YKIPUT7SSOQZ3", "building_name": "Mont Vert Pristine", "floor_number": 10, "floor_name": "Floor 10", "unit_number": "Unit 10A", "unit_id": "U-10A", "z_min": 27.0, "z_max": 30.0, "height": 3.0, "color": "#f97316", "use_type": "Commercial", "status": "PROVISIONAL", "area_sqm": 298.9, "confidence": 0.9}}, {"type": "Feature", "geometry": {"type": "Polygon", "coordinates": [[[73.8383078, 18.5645738], [73.838289, 18.5643648], [73.8381711, 18.564374293126473], [73.8381711, 18.564584806873526], [73.8383078, 18.5645738]]]}, "properties": {"three_d_property_id": "27-21-06-261-000446-B001-F10-U102", "UIPIN": "27-21-06-261-000446-B001-F10-U102", "ULPIN": "27-21-06-261-000446", "parent_building_id": "9YKIPUT7SSOQZ3", "building_name": "Mont Vert Pristine", "floor_number": 10, "floor_name": "Floor 10", "unit_number": "Unit 10B", "unit_id": "U-10B", "z_min": 27.0, "z_max": 30.0, "height": 3.0, "color": "#f97316", "use_type": "Commercial", "status": "PROVISIONAL", "area_sqm": 298.9, "confidence": 0.9}}, {"type": "Feature", "geometry": {"type": "Polygon", "coordinates": [[[73.8380344, 18.5643853], [73.8380532, 18.5645943], [73.8381711, 18.564584806873526], [73.8381711, 18.564374293126473], [73.8380344, 18.5643853]]]}, "properties": {"three_d_property_id": "27-21-06-261-000446-B001-F11-U111", "UIPIN": "27-21-06-261-000446-B001-F11-U111", "ULPIN": "27-21-06-261-000446", "parent_building_id": "9YKIPUT7SSOQZ3", "building_name": "Mont Vert Pristine", "floor_number": 11, "floor_name": "Floor 11", "unit_number": "Unit 11A", "unit_id": "U-11A", "z_min": 30.0, "z_max": 33.0, "height": 3.0, "color": "#8b5cf6", "use_type": "Commercial", "status": "PROVISIONAL", "area_sqm": 298.9, "confidence": 0.9}}, {"type": "Feature", "geometry": {"type": "Polygon", "coordinates": [[[73.8383078, 18.5645738], [73.838289, 18.5643648], [73.8381711, 18.564374293126473], [73.8381711, 18.564584806873526], [73.8383078, 18.5645738]]]}, "properties": {"three_d_property_id": "27-21-06-261-000446-B001-F11-U112", "UIPIN": "27-21-06-261-000446-B001-F11-U112", "ULPIN": "27-21-06-261-000446", "parent_building_id": "9YKIPUT7SSOQZ3", "building_name": "Mont Vert Pristine", "floor_number": 11, "floor_name": "Floor 11", "unit_number": "Unit 11B", "unit_id": "U-11B", "z_min": 30.0, "z_max": 33.0, "height": 3.0, "color": "#8b5cf6", "use_type": "Commercial", "status": "PROVISIONAL", "area_sqm": 298.9, "confidence": 0.9}}, {"type": "Feature", "geometry": {"type": "Polygon", "coordinates": [[[73.8381244, 18.5428014], [73.8381071, 18.5428019], [73.8381053, 18.5427478], [73.8380507, 18.5427495], [73.8380513, 18.5427666], [73.8380101, 18.5427678], [73.8380118, 18.5428169], [73.8380321, 18.5428163], [73.8380326, 18.5428321], [73.8380031, 18.542833], [73.83800343103448, 18.5428426], [73.83812578381679, 18.5428426], [73.8381244, 18.5428014]]]}, "properties": {"three_d_property_id": "27-21-12-180-000525-B001-F00-U001", "UIPIN": "27-21-12-180-000525-B001-F00-U001", "ULPIN": "27-21-12-180-000525", "parent_building_id": "GPS0132AN417VF", "building_name": "Deepak Stores", "floor_number": -1, "floor_name": "Basement / Parking", "unit_number": "Parking Bay P-01", "unit_id": "P01", "z_min": -3.0, "z_max": 0.0, "height": 3.0, "color": "#64748b", "use_type": "Parking / Storage", "status": "VERIFIED", "area_sqm": 97.2, "confidence": 0.95}}, {"type": "Feature", "geometry": {"type": "Polygon", "coordinates": [[[73.8380067, 18.5429374], [73.8380752, 18.5429353], [73.8380747, 18.542922], [73.8381522, 18.5429197], [73.8381503, 18.5428661], [73.8381266, 18.5428669], [73.83812578381679, 18.5428426], [73.83800343103448, 18.5428426], [73.8380067, 18.5429374]]]}, "properties": {"three_d_property_id": "27-21-12-180-000525-B001-F00-U002", "UIPIN": "27-21-12-180-000525-B001-F00-U002", "ULPIN": "27-21-12-180-000525", "parent_building_id": "GPS0132AN417VF", "building_name": "Deepak Stores", "floor_number": -1, "floor_name": "Basement / Parking", "unit_number": "Parking Bay P-02", "unit_id": "P02", "z_min": -3.0, "z_max": 0.0, "height": 3.0, "color": "#64748b", "use_type": "Parking / Storage", "status": "VERIFIED", "area_sqm": 133.0, "confidence": 0.95}}, {"type": "Feature", "geometry": {"type": "Polygon", "coordinates": [[[73.8381244, 18.5428014], [73.8381071, 18.5428019], [73.8381053, 18.5427478], [73.8380507, 18.5427495], [73.8380513, 18.5427666], [73.8380101, 18.5427678], [73.8380118, 18.5428169], [73.8380321, 18.5428163], [73.8380326, 18.5428321], [73.8380031, 18.542833], [73.83800343103448, 18.5428426], [73.83812578381679, 18.5428426], [73.8381244, 18.5428014]]]}, "properties": {"three_d_property_id": "27-21-12-180-000525-B001-F01-U011", "UIPIN": "27-21-12-180-000525-B001-F01-U011", "ULPIN": "27-21-12-180-000525", "parent_building_id": "GPS0132AN417VF", "building_name": "Deepak Stores", "floor_number": 1, "floor_name": "Floor 1", "unit_number": "Unit 1A", "unit_id": "U-1A", "z_min": 0.0, "z_max": 3.0, "height": 3.0, "color": "#f59e0b", "use_type": "Commercial", "status": "VERIFIED", "area_sqm": 97.2, "confidence": 0.96}}, {"type": "Feature", "geometry": {"type": "Polygon", "coordinates": [[[73.8380067, 18.5429374], [73.8380752, 18.5429353], [73.8380747, 18.542922], [73.8381522, 18.5429197], [73.8381503, 18.5428661], [73.8381266, 18.5428669], [73.83812578381679, 18.5428426], [73.83800343103448, 18.5428426], [73.8380067, 18.5429374]]]}, "properties": {"three_d_property_id": "27-21-12-180-000525-B001-F01-U012", "UIPIN": "27-21-12-180-000525-B001-F01-U012", "ULPIN": "27-21-12-180-000525", "parent_building_id": "GPS0132AN417VF", "building_name": "Deepak Stores", "floor_number": 1, "floor_name": "Floor 1", "unit_number": "Unit 1B", "unit_id": "U-1B", "z_min": 0.0, "z_max": 3.0, "height": 3.0, "color": "#f59e0b", "use_type": "Commercial", "status": "VERIFIED", "area_sqm": 133.0, "confidence": 0.96}}, {"type": "Feature", "geometry": {"type": "Polygon", "coordinates": [[[73.8381244, 18.5428014], [73.8381071, 18.5428019], [73.8381053, 18.5427478], [73.8380507, 18.5427495], [73.8380513, 18.5427666], [73.8380101, 18.5427678], [73.8380118, 18.5428169], [73.8380321, 18.5428163], [73.8380326, 18.5428321], [73.8380031, 18.542833], [73.83800343103448, 18.5428426], [73.83812578381679, 18.5428426], [73.8381244, 18.5428014]]]}, "properties": {"three_d_property_id": "27-21-12-180-000525-B001-F02-U021", "UIPIN": "27-21-12-180-000525-B001-F02-U021", "ULPIN": "27-21-12-180-000525", "parent_building_id": "GPS0132AN417VF", "building_name": "Deepak Stores", "floor_number": 2, "floor_name": "Floor 2", "unit_number": "Unit 2A", "unit_id": "U-2A", "z_min": 3.0, "z_max": 6.0, "height": 3.0, "color": "#10b981", "use_type": "Commercial", "status": "VERIFIED", "area_sqm": 97.2, "confidence": 0.96}}, {"type": "Feature", "geometry": {"type": "Polygon", "coordinates": [[[73.8380067, 18.5429374], [73.8380752, 18.5429353], [73.8380747, 18.542922], [73.8381522, 18.5429197], [73.8381503, 18.5428661], [73.8381266, 18.5428669], [73.83812578381679, 18.5428426], [73.83800343103448, 18.5428426], [73.8380067, 18.5429374]]]}, "properties": {"three_d_property_id": "27-21-12-180-000525-B001-F02-U022", "UIPIN": "27-21-12-180-000525-B001-F02-U022", "ULPIN": "27-21-12-180-000525", "parent_building_id": "GPS0132AN417VF", "building_name": "Deepak Stores", "floor_number": 2, "floor_name": "Floor 2", "unit_number": "Unit 2B", "unit_id": "U-2B", "z_min": 3.0, "z_max": 6.0, "height": 3.0, "color": "#10b981", "use_type": "Commercial", "status": "VERIFIED", "area_sqm": 133.0, "confidence": 0.96}}, {"type": "Feature", "geometry": {"type": "Polygon", "coordinates": [[[73.8381244, 18.5428014], [73.8381071, 18.5428019], [73.8381053, 18.5427478], [73.8380507, 18.5427495], [73.8380513, 18.5427666], [73.8380101, 18.5427678], [73.8380118, 18.5428169], [73.8380321, 18.5428163], [73.8380326, 18.5428321], [73.8380031, 18.542833], [73.83800343103448, 18.5428426], [73.83812578381679, 18.5428426], [73.8381244, 18.5428014]]]}, "properties": {"three_d_property_id": "27-21-12-180-000525-B001-F03-U031", "UIPIN": "27-21-12-180-000525-B001-F03-U031", "ULPIN": "27-21-12-180-000525", "parent_building_id": "GPS0132AN417VF", "building_name": "Deepak Stores", "floor_number": 3, "floor_name": "Floor 3", "unit_number": "Unit 3A", "unit_id": "U-3A", "z_min": 6.0, "z_max": 9.0, "height": 3.0, "color": "#0ea5e9", "use_type": "Commercial", "status": "PROVISIONAL", "area_sqm": 97.2, "confidence": 0.9}}, {"type": "Feature", "geometry": {"type": "Polygon", "coordinates": [[[73.8380067, 18.5429374], [73.8380752, 18.5429353], [73.8380747, 18.542922], [73.8381522, 18.5429197], [73.8381503, 18.5428661], [73.8381266, 18.5428669], [73.83812578381679, 18.5428426], [73.83800343103448, 18.5428426], [73.8380067, 18.5429374]]]}, "properties": {"three_d_property_id": "27-21-12-180-000525-B001-F03-U032", "UIPIN": "27-21-12-180-000525-B001-F03-U032", "ULPIN": "27-21-12-180-000525", "parent_building_id": "GPS0132AN417VF", "building_name": "Deepak Stores", "floor_number": 3, "floor_name": "Floor 3", "unit_number": "Unit 3B", "unit_id": "U-3B", "z_min": 6.0, "z_max": 9.0, "height": 3.0, "color": "#0ea5e9", "use_type": "Commercial", "status": "PROVISIONAL", "area_sqm": 133.0, "confidence": 0.9}}, {"type": "Feature", "geometry": {"type": "Polygon", "coordinates": [[[73.8378312, 18.5414638], [73.8379163, 18.5415461], [73.83793159999999, 18.541531884356107], [73.83793159999999, 18.541370428867772], [73.8378312, 18.5414638]]]}, "properties": {"three_d_property_id": "27-21-15-426-000526-B001-F01-U011", "UIPIN": "27-21-15-426-000526-B001-F01-U011", "ULPIN": "27-21-15-426-000526", "parent_building_id": "JQQNVCEQFGAS0R", "building_name": "Shripad", "floor_number": 1, "floor_name": "Floor 1", "unit_number": "Unit 1A", "unit_id": "U-1A", "z_min": 0.0, "z_max": 3.0, "height": 3.0, "color": "#f59e0b", "use_type": "Commercial", "status": "VERIFIED", "area_sqm": 104.2, "confidence": 0.96}}, {"type": "Feature", "geometry": {"type": "Polygon", "coordinates": [[[73.838032, 18.5414386], [73.8379469, 18.5413562], [73.83793159999999, 18.541370428867772], [73.83793159999999, 18.541531884356107], [73.838032, 18.5414386]]]}, "properties": {"three_d_property_id": "27-21-15-426-000526-B001-F01-U012", "UIPIN": "27-21-15-426-000526-B001-F01-U012", "ULPIN": "27-21-15-426-000526", "parent_building_id": "JQQNVCEQFGAS0R", "building_name": "Shripad", "floor_number": 1, "floor_name": "Floor 1", "unit_number": "Unit 1B", "unit_id": "U-1B", "z_min": 0.0, "z_max": 3.0, "height": 3.0, "color": "#f59e0b", "use_type": "Commercial", "status": "VERIFIED", "area_sqm": 104.2, "confidence": 0.96}}, {"type": "Feature", "geometry": {"type": "Polygon", "coordinates": [[[73.8378426, 18.5415614], [73.8378764, 18.5415299], [73.8378367, 18.5414915], [73.8377613, 18.5415616], [73.83777250457516, 18.54157245], [73.83785402317073, 18.54157245], [73.8378426, 18.5415614]]]}, "properties": {"three_d_property_id": "27-21-15-770-000527-B001-F00-U001", "UIPIN": "27-21-15-770-000527-B001-F00-U001", "ULPIN": "27-21-15-770-000527", "parent_building_id": "78NRXVOB7NUGPJ", "building_name": "Shripad", "floor_number": -1, "floor_name": "Basement / Parking", "unit_number": "Parking Bay P-01", "unit_id": "P01", "z_min": -3.0, "z_max": 0.0, "height": 3.0, "color": "#64748b", "use_type": "Parking / Storage", "status": "VERIFIED", "area_sqm": 55.9, "confidence": 0.95}}, {"type": "Feature", "geometry": {"type": "Polygon", "coordinates": [[[73.8378561, 18.5416534], [73.8378977, 18.5416147], [73.83785402317073, 18.54157245], [73.83777250457516, 18.54157245], [73.8378561, 18.5416534]]]}, "properties": {"three_d_property_id": "27-21-15-770-000527-B001-F00-U002", "UIPIN": "27-21-15-770-000527-B001-F00-U002", "ULPIN": "27-21-15-770-000527", "parent_building_id": "78NRXVOB7NUGPJ", "building_name": "Shripad", "floor_number": -1, "floor_name": "Basement / Parking", "unit_number": "Parking Bay P-02", "unit_id": "P02", "z_min": -3.0, "z_max": 0.0, "height": 3.0, "color": "#64748b", "use_type": "Parking / Storage", "status": "VERIFIED", "area_sqm": 56.0, "confidence": 0.95}}, {"type": "Feature", "geometry": {"type": "Polygon", "coordinates": [[[73.8378426, 18.5415614], [73.8378764, 18.5415299], [73.8378367, 18.5414915], [73.8377613, 18.5415616], [73.83777250457516, 18.54157245], [73.83785402317073, 18.54157245], [73.8378426, 18.5415614]]]}, "properties": {"three_d_property_id": "27-21-15-770-000527-B001-F01-U011", "UIPIN": "27-21-15-770-000527-B001-F01-U011", "ULPIN": "27-21-15-770-000527", "parent_building_id": "78NRXVOB7NUGPJ", "building_name": "Shripad", "floor_number": 1, "floor_name": "Floor 1", "unit_number": "Unit 1A", "unit_id": "U-1A", "z_min": 0.0, "z_max": 3.0, "height": 3.0, "color": "#f59e0b", "use_type": "Commercial", "status": "VERIFIED", "area_sqm": 55.9, "confidence": 0.96}}, {"type": "Feature", "geometry": {"type": "Polygon", "coordinates": [[[73.8378561, 18.5416534], [73.8378977, 18.5416147], [73.83785402317073, 18.54157245], [73.83777250457516, 18.54157245], [73.8378561, 18.5416534]]]}, "properties": {"three_d_property_id": "27-21-15-770-000527-B001-F01-U012", "UIPIN": "27-21-15-770-000527-B001-F01-U012", "ULPIN": "27-21-15-770-000527", "parent_building_id": "78NRXVOB7NUGPJ", "building_name": "Shripad", "floor_number": 1, "floor_name": "Floor 1", "unit_number": "Unit 1B", "unit_id": "U-1B", "z_min": 0.0, "z_max": 3.0, "height": 3.0, "color": "#f59e0b", "use_type": "Commercial", "status": "VERIFIED", "area_sqm": 56.0, "confidence": 0.96}}, {"type": "Feature", "geometry": {"type": "Polygon", "coordinates": [[[73.8378426, 18.5415614], [73.8378764, 18.5415299], [73.8378367, 18.5414915], [73.8377613, 18.5415616], [73.83777250457516, 18.54157245], [73.83785402317073, 18.54157245], [73.8378426, 18.5415614]]]}, "properties": {"three_d_property_id": "27-21-15-770-000527-B001-F02-U021", "UIPIN": "27-21-15-770-000527-B001-F02-U021", "ULPIN": "27-21-15-770-000527", "parent_building_id": "78NRXVOB7NUGPJ", "building_name": "Shripad", "floor_number": 2, "floor_name": "Floor 2", "unit_number": "Unit 2A", "unit_id": "U-2A", "z_min": 3.0, "z_max": 6.0, "height": 3.0, "color": "#10b981", "use_type": "Commercial", "status": "VERIFIED", "area_sqm": 55.9, "confidence": 0.96}}, {"type": "Feature", "geometry": {"type": "Polygon", "coordinates": [[[73.8378561, 18.5416534], [73.8378977, 18.5416147], [73.83785402317073, 18.54157245], [73.83777250457516, 18.54157245], [73.8378561, 18.5416534]]]}, "properties": {"three_d_property_id": "27-21-15-770-000527-B001-F02-U022", "UIPIN": "27-21-15-770-000527-B001-F02-U022", "ULPIN": "27-21-15-770-000527", "parent_building_id": "78NRXVOB7NUGPJ", "building_name": "Shripad", "floor_number": 2, "floor_name": "Floor 2", "unit_number": "Unit 2B", "unit_id": "U-2B", "z_min": 3.0, "z_max": 6.0, "height": 3.0, "color": "#10b981", "use_type": "Commercial", "status": "VERIFIED", "area_sqm": 56.0, "confidence": 0.96}}, {"type": "Feature", "geometry": {"type": "Polygon", "coordinates": [[[73.8378426, 18.5415614], [73.8378764, 18.5415299], [73.8378367, 18.5414915], [73.8377613, 18.5415616], [73.83777250457516, 18.54157245], [73.83785402317073, 18.54157245], [73.8378426, 18.5415614]]]}, "properties": {"three_d_property_id": "27-21-15-770-000527-B001-F03-U031", "UIPIN": "27-21-15-770-000527-B001-F03-U031", "ULPIN": "27-21-15-770-000527", "parent_building_id": "78NRXVOB7NUGPJ", "building_name": "Shripad", "floor_number": 3, "floor_name": "Floor 3", "unit_number": "Unit 3A", "unit_id": "U-3A", "z_min": 6.0, "z_max": 9.0, "height": 3.0, "color": "#0ea5e9", "use_type": "Commercial", "status": "PROVISIONAL", "area_sqm": 55.9, "confidence": 0.9}}, {"type": "Feature", "geometry": {"type": "Polygon", "coordinates": [[[73.8378561, 18.5416534], [73.8378977, 18.5416147], [73.83785402317073, 18.54157245], [73.83777250457516, 18.54157245], [73.8378561, 18.5416534]]]}, "properties": {"three_d_property_id": "27-21-15-770-000527-B001-F03-U032", "UIPIN": "27-21-15-770-000527-B001-F03-U032", "ULPIN": "27-21-15-770-000527", "parent_building_id": "78NRXVOB7NUGPJ", "building_name": "Shripad", "floor_number": 3, "floor_name": "Floor 3", "unit_number": "Unit 3B", "unit_id": "U-3B", "z_min": 6.0, "z_max": 9.0, "height": 3.0, "color": "#0ea5e9", "use_type": "Commercial", "status": "PROVISIONAL", "area_sqm": 56.0, "confidence": 0.9}}, {"type": "Feature", "geometry": {"type": "Polygon", "coordinates": [[[73.8384103, 18.5424212], [73.8384004, 18.5425063], [73.8383679, 18.5425029], [73.8383628, 18.5425464], [73.8384928, 18.542559978131376], [73.8384928, 18.54242981882353], [73.8384103, 18.5424212]]]}, "properties": {"three_d_property_id": "27-21-11-152-000528-B001-F00-U001", "UIPIN": "27-21-11-152-000528-B001-F00-U001", "ULPIN": "27-21-11-152-000528", "parent_building_id": "0SRYZX70IB3WYZ", "building_name": "Medicure", "floor_number": -1, "floor_name": "Basement / Parking", "unit_number": "Parking Bay P-01", "unit_id": "P01", "z_min": -3.0, "z_max": 0.0, "height": 3.0, "color": "#64748b", "use_type": "Parking / Storage", "status": "VERIFIED", "area_sqm": 146.6, "confidence": 0.95}}, {"type": "Feature", "geometry": {"type": "Polygon", "coordinates": [[[73.8386079, 18.542572], [73.8386228, 18.5424434], [73.8384928, 18.54242981882353], [73.8384928, 18.542559978131376], [73.8386079, 18.542572]]]}, "properties": {"three_d_property_id": "27-21-11-152-000528-B001-F00-U002", "UIPIN": "27-21-11-152-000528-B001-F00-U002", "ULPIN": "27-21-11-152-000528", "parent_building_id": "0SRYZX70IB3WYZ", "building_name": "Medicure", "floor_number": -1, "floor_name": "Basement / Parking", "unit_number": "Parking Bay P-02", "unit_id": "P02", "z_min": -3.0, "z_max": 0.0, "height": 3.0, "color": "#64748b", "use_type": "Parking / Storage", "status": "VERIFIED", "area_sqm": 177.9, "confidence": 0.95}}, {"type": "Feature", "geometry": {"type": "Polygon", "coordinates": [[[73.8384103, 18.5424212], [73.8384004, 18.5425063], [73.8383679, 18.5425029], [73.8383628, 18.5425464], [73.8384928, 18.542559978131376], [73.8384928, 18.54242981882353], [73.8384103, 18.5424212]]]}, "properties": {"three_d_property_id": "27-21-11-152-000528-B001-F01-U011", "UIPIN": "27-21-11-152-000528-B001-F01-U011", "ULPIN": "27-21-11-152-000528", "parent_building_id": "0SRYZX70IB3WYZ", "building_name": "Medicure", "floor_number": 1, "floor_name": "Floor 1", "unit_number": "Unit 1A", "unit_id": "U-1A", "z_min": 0.0, "z_max": 3.0, "height": 3.0, "color": "#f59e0b", "use_type": "Commercial", "status": "VERIFIED", "area_sqm": 146.6, "confidence": 0.96}}, {"type": "Feature", "geometry": {"type": "Polygon", "coordinates": [[[73.8386079, 18.542572], [73.8386228, 18.5424434], [73.8384928, 18.54242981882353], [73.8384928, 18.542559978131376], [73.8386079, 18.542572]]]}, "properties": {"three_d_property_id": "27-21-11-152-000528-B001-F01-U012", "UIPIN": "27-21-11-152-000528-B001-F01-U012", "ULPIN": "27-21-11-152-000528", "parent_building_id": "0SRYZX70IB3WYZ", "building_name": "Medicure", "floor_number": 1, "floor_name": "Floor 1", "unit_number": "Unit 1B", "unit_id": "U-1B", "z_min": 0.0, "z_max": 3.0, "height": 3.0, "color": "#f59e0b", "use_type": "Commercial", "status": "VERIFIED", "area_sqm": 177.9, "confidence": 0.96}}, {"type": "Feature", "geometry": {"type": "Polygon", "coordinates": [[[73.8384103, 18.5424212], [73.8384004, 18.5425063], [73.8383679, 18.5425029], [73.8383628, 18.5425464], [73.8384928, 18.542559978131376], [73.8384928, 18.54242981882353], [73.8384103, 18.5424212]]]}, "properties": {"three_d_property_id": "27-21-11-152-000528-B001-F02-U021", "UIPIN": "27-21-11-152-000528-B001-F02-U021", "ULPIN": "27-21-11-152-000528", "parent_building_id": "0SRYZX70IB3WYZ", "building_name": "Medicure", "floor_number": 2, "floor_name": "Floor 2", "unit_number": "Unit 2A", "unit_id": "U-2A", "z_min": 3.0, "z_max": 6.0, "height": 3.0, "color": "#10b981", "use_type": "Commercial", "status": "VERIFIED", "area_sqm": 146.6, "confidence": 0.96}}, {"type": "Feature", "geometry": {"type": "Polygon", "coordinates": [[[73.8386079, 18.542572], [73.8386228, 18.5424434], [73.8384928, 18.54242981882353], [73.8384928, 18.542559978131376], [73.8386079, 18.542572]]]}, "properties": {"three_d_property_id": "27-21-11-152-000528-B001-F02-U022", "UIPIN": "27-21-11-152-000528-B001-F02-U022", "ULPIN": "27-21-11-152-000528", "parent_building_id": "0SRYZX70IB3WYZ", "building_name": "Medicure", "floor_number": 2, "floor_name": "Floor 2", "unit_number": "Unit 2B", "unit_id": "U-2B", "z_min": 3.0, "z_max": 6.0, "height": 3.0, "color": "#10b981", "use_type": "Commercial", "status": "VERIFIED", "area_sqm": 177.9, "confidence": 0.96}}, {"type": "Feature", "geometry": {"type": "Polygon", "coordinates": [[[73.8307404, 18.5649897], [73.8307461, 18.5650766], [73.8308206, 18.565077852521856], [73.8308206, 18.5649921], [73.8307404, 18.5649897]]]}, "properties": {"three_d_property_id": "27-21-05-869-000543-B001-F00-U001", "UIPIN": "27-21-05-869-000543-B001-F00-U001", "ULPIN": "27-21-05-869-000543", "parent_building_id": "L3KHYFK043BLSY", "building_name": "Samay apt", "floor_number": -1, "floor_name": "Basement / Parking", "unit_number": "Parking Bay P-01", "unit_id": "P01", "z_min": -3.0, "z_max": 0.0, "height": 3.0, "color": "#64748b", "use_type": "Parking / Storage", "status": "VERIFIED", "area_sqm": 74.4, "confidence": 0.95}}, {"type": "Feature", "geometry": {"type": "Polygon", "coordinates": [[[73.8307404, 18.5649897], [73.8307461, 18.5650766], [73.8308206, 18.565077852521856], [73.8308206, 18.5649921], [73.8307404, 18.5649897]]]}, "properties": {"three_d_property_id": "27-21-05-869-000543-B001-F01-U011", "UIPIN": "27-21-05-869-000543-B001-F01-U011", "ULPIN": "27-21-05-869-000543", "parent_building_id": "L3KHYFK043BLSY", "building_name": "Samay apt", "floor_number": 1, "floor_name": "Floor 1", "unit_number": "Unit 1A", "unit_id": "U-1A", "z_min": 0.0, "z_max": 3.0, "height": 3.0, "color": "#f59e0b", "use_type": "Commercial", "status": "VERIFIED", "area_sqm": 74.4, "confidence": 0.96}}, {"type": "Feature", "geometry": {"type": "Polygon", "coordinates": [[[73.8307404, 18.5649897], [73.8307461, 18.5650766], [73.8308206, 18.565077852521856], [73.8308206, 18.5649921], [73.8307404, 18.5649897]]]}, "properties": {"three_d_property_id": "27-21-05-869-000543-B001-F02-U021", "UIPIN": "27-21-05-869-000543-B001-F02-U021", "ULPIN": "27-21-05-869-000543", "parent_building_id": "L3KHYFK043BLSY", "building_name": "Samay apt", "floor_number": 2, "floor_name": "Floor 2", "unit_number": "Unit 2A", "unit_id": "U-2A", "z_min": 3.0, "z_max": 6.0, "height": 3.0, "color": "#10b981", "use_type": "Commercial", "status": "VERIFIED", "area_sqm": 74.4, "confidence": 0.96}}, {"type": "Feature", "geometry": {"type": "Polygon", "coordinates": [[[73.8307404, 18.5649897], [73.8307461, 18.5650766], [73.8308206, 18.565077852521856], [73.8308206, 18.5649921], [73.8307404, 18.5649897]]]}, "properties": {"three_d_property_id": "27-21-05-869-000543-B001-F03-U031", "UIPIN": "27-21-05-869-000543-B001-F03-U031", "ULPIN": "27-21-05-869-000543", "parent_building_id": "L3KHYFK043BLSY", "building_name": "Samay apt", "floor_number": 3, "floor_name": "Floor 3", "unit_number": "Unit 3A", "unit_id": "U-3A", "z_min": 6.0, "z_max": 9.0, "height": 3.0, "color": "#0ea5e9", "use_type": "Commercial", "status": "PROVISIONAL", "area_sqm": 74.4, "confidence": 0.9}}, {"type": "Feature", "geometry": {"type": "Polygon", "coordinates": [[[73.8327037, 18.5424144], [73.8326755, 18.5424894], [73.8325772, 18.542471], [73.8325164, 18.5425425], [73.832491, 18.5426448], [73.8325639, 18.5426628], [73.8325492, 18.5427322], [73.8325952, 18.5427962], [73.8326577, 18.5428243], [73.8327142, 18.542833358423913], [73.8327142, 18.542417641610736], [73.8327037, 18.5424144]]]}, "properties": {"three_d_property_id": "27-21-04-289-000596-B001-F00-U001", "UIPIN": "27-21-04-289-000596-B001-F00-U001", "ULPIN": "27-21-04-289-000596", "parent_building_id": "CYRXONBNPJDN2M", "building_name": "Tower E", "floor_number": -1, "floor_name": "Basement / Parking", "unit_number": "Parking Bay P-01", "unit_id": "P01", "z_min": -3.0, "z_max": 0.0, "height": 3.0, "color": "#64748b", "use_type": "Parking / Storage", "status": "VERIFIED", "area_sqm": 667.2, "confidence": 0.95}}, {"type": "Feature", "geometry": {"type": "Polygon", "coordinates": [[[73.8327313, 18.5428361], [73.8327534, 18.5427591], [73.8328222, 18.5427665], [73.8328839, 18.5427467], [73.8329228, 18.5426894], [73.8329374, 18.5426219], [73.8329086, 18.5425941], [73.8328701, 18.5425694], [73.8328661, 18.5424926], [73.832808, 18.5424466], [73.8327142, 18.542417641610736], [73.8327142, 18.542833358423913], [73.8327313, 18.5428361]]]}, "properties": {"three_d_property_id": "27-21-04-289-000596-B001-F00-U002", "UIPIN": "27-21-04-289-000596-B001-F00-U002", "ULPIN": "27-21-04-289-000596", "parent_building_id": "CYRXONBNPJDN2M", "building_name": "Tower E", "floor_number": -1, "floor_name": "Basement / Parking", "unit_number": "Parking Bay P-02", "unit_id": "P02", "z_min": -3.0, "z_max": 0.0, "height": 3.0, "color": "#64748b", "use_type": "Parking / Storage", "status": "VERIFIED", "area_sqm": 654.9, "confidence": 0.95}}, {"type": "Feature", "geometry": {"type": "Polygon", "coordinates": [[[73.8327037, 18.5424144], [73.8326755, 18.5424894], [73.8325772, 18.542471], [73.8325164, 18.5425425], [73.832491, 18.5426448], [73.8325639, 18.5426628], [73.8325492, 18.5427322], [73.8325952, 18.5427962], [73.8326577, 18.5428243], [73.8327142, 18.542833358423913], [73.8327142, 18.542417641610736], [73.8327037, 18.5424144]]]}, "properties": {"three_d_property_id": "27-21-04-289-000596-B001-F01-U011", "UIPIN": "27-21-04-289-000596-B001-F01-U011", "ULPIN": "27-21-04-289-000596", "parent_building_id": "CYRXONBNPJDN2M", "building_name": "Tower E", "floor_number": 1, "floor_name": "Floor 1", "unit_number": "Unit 1A", "unit_id": "U-1A", "z_min": 0.0, "z_max": 3.0, "height": 3.0, "color": "#f59e0b", "use_type": "Residential", "status": "VERIFIED", "area_sqm": 667.2, "confidence": 0.96}}, {"type": "Feature", "geometry": {"type": "Polygon", "coordinates": [[[73.8327313, 18.5428361], [73.8327534, 18.5427591], [73.8328222, 18.5427665], [73.8328839, 18.5427467], [73.8329228, 18.5426894], [73.8329374, 18.5426219], [73.8329086, 18.5425941], [73.8328701, 18.5425694], [73.8328661, 18.5424926], [73.832808, 18.5424466], [73.8327142, 18.542417641610736], [73.8327142, 18.542833358423913], [73.8327313, 18.5428361]]]}, "properties": {"three_d_property_id": "27-21-04-289-000596-B001-F01-U012", "UIPIN": "27-21-04-289-000596-B001-F01-U012", "ULPIN": "27-21-04-289-000596", "parent_building_id": "CYRXONBNPJDN2M", "building_name": "Tower E", "floor_number": 1, "floor_name": "Floor 1", "unit_number": "Unit 1B", "unit_id": "U-1B", "z_min": 0.0, "z_max": 3.0, "height": 3.0, "color": "#f59e0b", "use_type": "Residential", "status": "VERIFIED", "area_sqm": 654.9, "confidence": 0.96}}, {"type": "Feature", "geometry": {"type": "Polygon", "coordinates": [[[73.8327037, 18.5424144], [73.8326755, 18.5424894], [73.8325772, 18.542471], [73.8325164, 18.5425425], [73.832491, 18.5426448], [73.8325639, 18.5426628], [73.8325492, 18.5427322], [73.8325952, 18.5427962], [73.8326577, 18.5428243], [73.8327142, 18.542833358423913], [73.8327142, 18.542417641610736], [73.8327037, 18.5424144]]]}, "properties": {"three_d_property_id": "27-21-04-289-000596-B001-F02-U021", "UIPIN": "27-21-04-289-000596-B001-F02-U021", "ULPIN": "27-21-04-289-000596", "parent_building_id": "CYRXONBNPJDN2M", "building_name": "Tower E", "floor_number": 2, "floor_name": "Floor 2", "unit_number": "Unit 2A", "unit_id": "U-2A", "z_min": 3.0, "z_max": 6.0, "height": 3.0, "color": "#10b981", "use_type": "Residential", "status": "VERIFIED", "area_sqm": 667.2, "confidence": 0.96}}, {"type": "Feature", "geometry": {"type": "Polygon", "coordinates": [[[73.8327313, 18.5428361], [73.8327534, 18.5427591], [73.8328222, 18.5427665], [73.8328839, 18.5427467], [73.8329228, 18.5426894], [73.8329374, 18.5426219], [73.8329086, 18.5425941], [73.8328701, 18.5425694], [73.8328661, 18.5424926], [73.832808, 18.5424466], [73.8327142, 18.542417641610736], [73.8327142, 18.542833358423913], [73.8327313, 18.5428361]]]}, "properties": {"three_d_property_id": "27-21-04-289-000596-B001-F02-U022", "UIPIN": "27-21-04-289-000596-B001-F02-U022", "ULPIN": "27-21-04-289-000596", "parent_building_id": "CYRXONBNPJDN2M", "building_name": "Tower E", "floor_number": 2, "floor_name": "Floor 2", "unit_number": "Unit 2B", "unit_id": "U-2B", "z_min": 3.0, "z_max": 6.0, "height": 3.0, "color": "#10b981", "use_type": "Residential", "status": "VERIFIED", "area_sqm": 654.9, "confidence": 0.96}}, {"type": "Feature", "geometry": {"type": "Polygon", "coordinates": [[[73.8327037, 18.5424144], [73.8326755, 18.5424894], [73.8325772, 18.542471], [73.8325164, 18.5425425], [73.832491, 18.5426448], [73.8325639, 18.5426628], [73.8325492, 18.5427322], [73.8325952, 18.5427962], [73.8326577, 18.5428243], [73.8327142, 18.542833358423913], [73.8327142, 18.542417641610736], [73.8327037, 18.5424144]]]}, "properties": {"three_d_property_id": "27-21-04-289-000596-B001-F03-U031", "UIPIN": "27-21-04-289-000596-B001-F03-U031", "ULPIN": "27-21-04-289-000596", "parent_building_id": "CYRXONBNPJDN2M", "building_name": "Tower E", "floor_number": 3, "floor_name": "Floor 3", "unit_number": "Unit 3A", "unit_id": "U-3A", "z_min": 6.0, "z_max": 9.0, "height": 3.0, "color": "#0ea5e9", "use_type": "Residential", "status": "PROVISIONAL", "area_sqm": 667.2, "confidence": 0.9}}, {"type": "Feature", "geometry": {"type": "Polygon", "coordinates": [[[73.8327313, 18.5428361], [73.8327534, 18.5427591], [73.8328222, 18.5427665], [73.8328839, 18.5427467], [73.8329228, 18.5426894], [73.8329374, 18.5426219], [73.8329086, 18.5425941], [73.8328701, 18.5425694], [73.8328661, 18.5424926], [73.832808, 18.5424466], [73.8327142, 18.542417641610736], [73.8327142, 18.542833358423913], [73.8327313, 18.5428361]]]}, "properties": {"three_d_property_id": "27-21-04-289-000596-B001-F03-U032", "UIPIN": "27-21-04-289-000596-B001-F03-U032", "ULPIN": "27-21-04-289-000596", "parent_building_id": "CYRXONBNPJDN2M", "building_name": "Tower E", "floor_number": 3, "floor_name": "Floor 3", "unit_number": "Unit 3B", "unit_id": "U-3B", "z_min": 6.0, "z_max": 9.0, "height": 3.0, "color": "#0ea5e9", "use_type": "Residential", "status": "PROVISIONAL", "area_sqm": 654.9, "confidence": 0.9}}, {"type": "Feature", "geometry": {"type": "Polygon", "coordinates": [[[73.8327037, 18.5424144], [73.8326755, 18.5424894], [73.8325772, 18.542471], [73.8325164, 18.5425425], [73.832491, 18.5426448], [73.8325639, 18.5426628], [73.8325492, 18.5427322], [73.8325952, 18.5427962], [73.8326577, 18.5428243], [73.8327142, 18.542833358423913], [73.8327142, 18.542417641610736], [73.8327037, 18.5424144]]]}, "properties": {"three_d_property_id": "27-21-04-289-000596-B001-F04-U041", "UIPIN": "27-21-04-289-000596-B001-F04-U041", "ULPIN": "27-21-04-289-000596", "parent_building_id": "CYRXONBNPJDN2M", "building_name": "Tower E", "floor_number": 4, "floor_name": "Floor 4", "unit_number": "Unit 4A", "unit_id": "U-4A", "z_min": 9.0, "z_max": 12.0, "height": 3.0, "color": "#8b5cf6", "use_type": "Residential", "status": "PROVISIONAL", "area_sqm": 667.2, "confidence": 0.9}}, {"type": "Feature", "geometry": {"type": "Polygon", "coordinates": [[[73.8327313, 18.5428361], [73.8327534, 18.5427591], [73.8328222, 18.5427665], [73.8328839, 18.5427467], [73.8329228, 18.5426894], [73.8329374, 18.5426219], [73.8329086, 18.5425941], [73.8328701, 18.5425694], [73.8328661, 18.5424926], [73.832808, 18.5424466], [73.8327142, 18.542417641610736], [73.8327142, 18.542833358423913], [73.8327313, 18.5428361]]]}, "properties": {"three_d_property_id": "27-21-04-289-000596-B001-F04-U042", "UIPIN": "27-21-04-289-000596-B001-F04-U042", "ULPIN": "27-21-04-289-000596", "parent_building_id": "CYRXONBNPJDN2M", "building_name": "Tower E", "floor_number": 4, "floor_name": "Floor 4", "unit_number": "Unit 4B", "unit_id": "U-4B", "z_min": 9.0, "z_max": 12.0, "height": 3.0, "color": "#8b5cf6", "use_type": "Residential", "status": "PROVISIONAL", "area_sqm": 654.9, "confidence": 0.9}}, {"type": "Feature", "geometry": {"type": "Polygon", "coordinates": [[[73.8327037, 18.5424144], [73.8326755, 18.5424894], [73.8325772, 18.542471], [73.8325164, 18.5425425], [73.832491, 18.5426448], [73.8325639, 18.5426628], [73.8325492, 18.5427322], [73.8325952, 18.5427962], [73.8326577, 18.5428243], [73.8327142, 18.542833358423913], [73.8327142, 18.542417641610736], [73.8327037, 18.5424144]]]}, "properties": {"three_d_property_id": "27-21-04-289-000596-B001-F05-U051", "UIPIN": "27-21-04-289-000596-B001-F05-U051", "ULPIN": "27-21-04-289-000596", "parent_building_id": "CYRXONBNPJDN2M", "building_name": "Tower E", "floor_number": 5, "floor_name": "Floor 5", "unit_number": "Unit 5A", "unit_id": "U-5A", "z_min": 12.0, "z_max": 15.0, "height": 3.0, "color": "#ec4899", "use_type": "Residential", "status": "PROVISIONAL", "area_sqm": 667.2, "confidence": 0.9}}, {"type": "Feature", "geometry": {"type": "Polygon", "coordinates": [[[73.8327313, 18.5428361], [73.8327534, 18.5427591], [73.8328222, 18.5427665], [73.8328839, 18.5427467], [73.8329228, 18.5426894], [73.8329374, 18.5426219], [73.8329086, 18.5425941], [73.8328701, 18.5425694], [73.8328661, 18.5424926], [73.832808, 18.5424466], [73.8327142, 18.542417641610736], [73.8327142, 18.542833358423913], [73.8327313, 18.5428361]]]}, "properties": {"three_d_property_id": "27-21-04-289-000596-B001-F05-U052", "UIPIN": "27-21-04-289-000596-B001-F05-U052", "ULPIN": "27-21-04-289-000596", "parent_building_id": "CYRXONBNPJDN2M", "building_name": "Tower E", "floor_number": 5, "floor_name": "Floor 5", "unit_number": "Unit 5B", "unit_id": "U-5B", "z_min": 12.0, "z_max": 15.0, "height": 3.0, "color": "#ec4899", "use_type": "Residential", "status": "PROVISIONAL", "area_sqm": 654.9, "confidence": 0.9}}, {"type": "Feature", "geometry": {"type": "Polygon", "coordinates": [[[73.8327037, 18.5424144], [73.8326755, 18.5424894], [73.8325772, 18.542471], [73.8325164, 18.5425425], [73.832491, 18.5426448], [73.8325639, 18.5426628], [73.8325492, 18.5427322], [73.8325952, 18.5427962], [73.8326577, 18.5428243], [73.8327142, 18.542833358423913], [73.8327142, 18.542417641610736], [73.8327037, 18.5424144]]]}, "properties": {"three_d_property_id": "27-21-04-289-000596-B001-F06-U061", "UIPIN": "27-21-04-289-000596-B001-F06-U061", "ULPIN": "27-21-04-289-000596", "parent_building_id": "CYRXONBNPJDN2M", "building_name": "Tower E", "floor_number": 6, "floor_name": "Floor 6", "unit_number": "Unit 6A", "unit_id": "U-6A", "z_min": 15.0, "z_max": 18.0, "height": 3.0, "color": "#6366f1", "use_type": "Residential", "status": "PROVISIONAL", "area_sqm": 667.2, "confidence": 0.9}}, {"type": "Feature", "geometry": {"type": "Polygon", "coordinates": [[[73.8327313, 18.5428361], [73.8327534, 18.5427591], [73.8328222, 18.5427665], [73.8328839, 18.5427467], [73.8329228, 18.5426894], [73.8329374, 18.5426219], [73.8329086, 18.5425941], [73.8328701, 18.5425694], [73.8328661, 18.5424926], [73.832808, 18.5424466], [73.8327142, 18.542417641610736], [73.8327142, 18.542833358423913], [73.8327313, 18.5428361]]]}, "properties": {"three_d_property_id": "27-21-04-289-000596-B001-F06-U062", "UIPIN": "27-21-04-289-000596-B001-F06-U062", "ULPIN": "27-21-04-289-000596", "parent_building_id": "CYRXONBNPJDN2M", "building_name": "Tower E", "floor_number": 6, "floor_name": "Floor 6", "unit_number": "Unit 6B", "unit_id": "U-6B", "z_min": 15.0, "z_max": 18.0, "height": 3.0, "color": "#6366f1", "use_type": "Residential", "status": "PROVISIONAL", "area_sqm": 654.9, "confidence": 0.9}}, {"type": "Feature", "geometry": {"type": "Polygon", "coordinates": [[[73.8327037, 18.5424144], [73.8326755, 18.5424894], [73.8325772, 18.542471], [73.8325164, 18.5425425], [73.832491, 18.5426448], [73.8325639, 18.5426628], [73.8325492, 18.5427322], [73.8325952, 18.5427962], [73.8326577, 18.5428243], [73.8327142, 18.542833358423913], [73.8327142, 18.542417641610736], [73.8327037, 18.5424144]]]}, "properties": {"three_d_property_id": "27-21-04-289-000596-B001-F07-U071", "UIPIN": "27-21-04-289-000596-B001-F07-U071", "ULPIN": "27-21-04-289-000596", "parent_building_id": "CYRXONBNPJDN2M", "building_name": "Tower E", "floor_number": 7, "floor_name": "Floor 7", "unit_number": "Unit 7A", "unit_id": "U-7A", "z_min": 18.0, "z_max": 21.0, "height": 3.0, "color": "#ec4899", "use_type": "Residential", "status": "PROVISIONAL", "area_sqm": 667.2, "confidence": 0.9}}, {"type": "Feature", "geometry": {"type": "Polygon", "coordinates": [[[73.8327313, 18.5428361], [73.8327534, 18.5427591], [73.8328222, 18.5427665], [73.8328839, 18.5427467], [73.8329228, 18.5426894], [73.8329374, 18.5426219], [73.8329086, 18.5425941], [73.8328701, 18.5425694], [73.8328661, 18.5424926], [73.832808, 18.5424466], [73.8327142, 18.542417641610736], [73.8327142, 18.542833358423913], [73.8327313, 18.5428361]]]}, "properties": {"three_d_property_id": "27-21-04-289-000596-B001-F07-U072", "UIPIN": "27-21-04-289-000596-B001-F07-U072", "ULPIN": "27-21-04-289-000596", "parent_building_id": "CYRXONBNPJDN2M", "building_name": "Tower E", "floor_number": 7, "floor_name": "Floor 7", "unit_number": "Unit 7B", "unit_id": "U-7B", "z_min": 18.0, "z_max": 21.0, "height": 3.0, "color": "#ec4899", "use_type": "Residential", "status": "PROVISIONAL", "area_sqm": 654.9, "confidence": 0.9}}, {"type": "Feature", "geometry": {"type": "Polygon", "coordinates": [[[73.8327037, 18.5424144], [73.8326755, 18.5424894], [73.8325772, 18.542471], [73.8325164, 18.5425425], [73.832491, 18.5426448], [73.8325639, 18.5426628], [73.8325492, 18.5427322], [73.8325952, 18.5427962], [73.8326577, 18.5428243], [73.8327142, 18.542833358423913], [73.8327142, 18.542417641610736], [73.8327037, 18.5424144]]]}, "properties": {"three_d_property_id": "27-21-04-289-000596-B001-F08-U081", "UIPIN": "27-21-04-289-000596-B001-F08-U081", "ULPIN": "27-21-04-289-000596", "parent_building_id": "CYRXONBNPJDN2M", "building_name": "Tower E", "floor_number": 8, "floor_name": "Floor 8", "unit_number": "Unit 8A", "unit_id": "U-8A", "z_min": 21.0, "z_max": 24.0, "height": 3.0, "color": "#3b82f6", "use_type": "Residential", "status": "PROVISIONAL", "area_sqm": 667.2, "confidence": 0.9}}, {"type": "Feature", "geometry": {"type": "Polygon", "coordinates": [[[73.8327313, 18.5428361], [73.8327534, 18.5427591], [73.8328222, 18.5427665], [73.8328839, 18.5427467], [73.8329228, 18.5426894], [73.8329374, 18.5426219], [73.8329086, 18.5425941], [73.8328701, 18.5425694], [73.8328661, 18.5424926], [73.832808, 18.5424466], [73.8327142, 18.542417641610736], [73.8327142, 18.542833358423913], [73.8327313, 18.5428361]]]}, "properties": {"three_d_property_id": "27-21-04-289-000596-B001-F08-U082", "UIPIN": "27-21-04-289-000596-B001-F08-U082", "ULPIN": "27-21-04-289-000596", "parent_building_id": "CYRXONBNPJDN2M", "building_name": "Tower E", "floor_number": 8, "floor_name": "Floor 8", "unit_number": "Unit 8B", "unit_id": "U-8B", "z_min": 21.0, "z_max": 24.0, "height": 3.0, "color": "#3b82f6", "use_type": "Residential", "status": "PROVISIONAL", "area_sqm": 654.9, "confidence": 0.9}}, {"type": "Feature", "geometry": {"type": "Polygon", "coordinates": [[[73.8327037, 18.5424144], [73.8326755, 18.5424894], [73.8325772, 18.542471], [73.8325164, 18.5425425], [73.832491, 18.5426448], [73.8325639, 18.5426628], [73.8325492, 18.5427322], [73.8325952, 18.5427962], [73.8326577, 18.5428243], [73.8327142, 18.542833358423913], [73.8327142, 18.542417641610736], [73.8327037, 18.5424144]]]}, "properties": {"three_d_property_id": "27-21-04-289-000596-B001-F09-U091", "UIPIN": "27-21-04-289-000596-B001-F09-U091", "ULPIN": "27-21-04-289-000596", "parent_building_id": "CYRXONBNPJDN2M", "building_name": "Tower E", "floor_number": 9, "floor_name": "Floor 9", "unit_number": "Unit 9A", "unit_id": "U-9A", "z_min": 24.0, "z_max": 27.0, "height": 3.0, "color": "#14b8a6", "use_type": "Residential", "status": "PROVISIONAL", "area_sqm": 667.2, "confidence": 0.9}}, {"type": "Feature", "geometry": {"type": "Polygon", "coordinates": [[[73.8327313, 18.5428361], [73.8327534, 18.5427591], [73.8328222, 18.5427665], [73.8328839, 18.5427467], [73.8329228, 18.5426894], [73.8329374, 18.5426219], [73.8329086, 18.5425941], [73.8328701, 18.5425694], [73.8328661, 18.5424926], [73.832808, 18.5424466], [73.8327142, 18.542417641610736], [73.8327142, 18.542833358423913], [73.8327313, 18.5428361]]]}, "properties": {"three_d_property_id": "27-21-04-289-000596-B001-F09-U092", "UIPIN": "27-21-04-289-000596-B001-F09-U092", "ULPIN": "27-21-04-289-000596", "parent_building_id": "CYRXONBNPJDN2M", "building_name": "Tower E", "floor_number": 9, "floor_name": "Floor 9", "unit_number": "Unit 9B", "unit_id": "U-9B", "z_min": 24.0, "z_max": 27.0, "height": 3.0, "color": "#14b8a6", "use_type": "Residential", "status": "PROVISIONAL", "area_sqm": 654.9, "confidence": 0.9}}, {"type": "Feature", "geometry": {"type": "Polygon", "coordinates": [[[73.8327037, 18.5424144], [73.8326755, 18.5424894], [73.8325772, 18.542471], [73.8325164, 18.5425425], [73.832491, 18.5426448], [73.8325639, 18.5426628], [73.8325492, 18.5427322], [73.8325952, 18.5427962], [73.8326577, 18.5428243], [73.8327142, 18.542833358423913], [73.8327142, 18.542417641610736], [73.8327037, 18.5424144]]]}, "properties": {"three_d_property_id": "27-21-04-289-000596-B001-F10-U101", "UIPIN": "27-21-04-289-000596-B001-F10-U101", "ULPIN": "27-21-04-289-000596", "parent_building_id": "CYRXONBNPJDN2M", "building_name": "Tower E", "floor_number": 10, "floor_name": "Floor 10", "unit_number": "Unit 10A", "unit_id": "U-10A", "z_min": 27.0, "z_max": 30.0, "height": 3.0, "color": "#f97316", "use_type": "Residential", "status": "PROVISIONAL", "area_sqm": 667.2, "confidence": 0.9}}, {"type": "Feature", "geometry": {"type": "Polygon", "coordinates": [[[73.8327313, 18.5428361], [73.8327534, 18.5427591], [73.8328222, 18.5427665], [73.8328839, 18.5427467], [73.8329228, 18.5426894], [73.8329374, 18.5426219], [73.8329086, 18.5425941], [73.8328701, 18.5425694], [73.8328661, 18.5424926], [73.832808, 18.5424466], [73.8327142, 18.542417641610736], [73.8327142, 18.542833358423913], [73.8327313, 18.5428361]]]}, "properties": {"three_d_property_id": "27-21-04-289-000596-B001-F10-U102", "UIPIN": "27-21-04-289-000596-B001-F10-U102", "ULPIN": "27-21-04-289-000596", "parent_building_id": "CYRXONBNPJDN2M", "building_name": "Tower E", "floor_number": 10, "floor_name": "Floor 10", "unit_number": "Unit 10B", "unit_id": "U-10B", "z_min": 27.0, "z_max": 30.0, "height": 3.0, "color": "#f97316", "use_type": "Residential", "status": "PROVISIONAL", "area_sqm": 654.9, "confidence": 0.9}}, {"type": "Feature", "geometry": {"type": "Polygon", "coordinates": [[[73.835113, 18.5434552], [73.8351293, 18.5436324], [73.8352276, 18.543624273743543], [73.8352276, 18.543445730704228], [73.835113, 18.5434552]]]}, "properties": {"three_d_property_id": "27-21-01-323-000597-B001-F00-U001", "UIPIN": "27-21-01-323-000597-B001-F00-U001", "ULPIN": "27-21-01-323-000597", "parent_building_id": "FDHA6GH7IDUB9R", "building_name": "Palak Apartment", "floor_number": -1, "floor_name": "Basement / Parking", "unit_number": "Parking Bay P-01", "unit_id": "P01", "z_min": -3.0, "z_max": 0.0, "height": 3.0, "color": "#64748b", "use_type": "Parking / Storage", "status": "VERIFIED", "area_sqm": 212.0, "confidence": 0.95}}, {"type": "Feature", "geometry": {"type": "Polygon", "coordinates": [[[73.8353422, 18.5436148], [73.835326, 18.5434376], [73.8352276, 18.543445730704228], [73.8352276, 18.543624273743543], [73.8353422, 18.5436148]]]}, "properties": {"three_d_property_id": "27-21-01-323-000597-B001-F00-U002", "UIPIN": "27-21-01-323-000597-B001-F00-U002", "ULPIN": "27-21-01-323-000597", "parent_building_id": "FDHA6GH7IDUB9R", "building_name": "Palak Apartment", "floor_number": -1, "floor_name": "Basement / Parking", "unit_number": "Parking Bay P-02", "unit_id": "P02", "z_min": -3.0, "z_max": 0.0, "height": 3.0, "color": "#64748b", "use_type": "Parking / Storage", "status": "VERIFIED", "area_sqm": 212.1, "confidence": 0.95}}, {"type": "Feature", "geometry": {"type": "Polygon", "coordinates": [[[73.835113, 18.5434552], [73.8351293, 18.5436324], [73.8352276, 18.543624273743543], [73.8352276, 18.543445730704228], [73.835113, 18.5434552]]]}, "properties": {"three_d_property_id": "27-21-01-323-000597-B001-F01-U011", "UIPIN": "27-21-01-323-000597-B001-F01-U011", "ULPIN": "27-21-01-323-000597", "parent_building_id": "FDHA6GH7IDUB9R", "building_name": "Palak Apartment", "floor_number": 1, "floor_name": "Floor 1", "unit_number": "Unit 1A", "unit_id": "U-1A", "z_min": 0.0, "z_max": 3.0, "height": 3.0, "color": "#f59e0b", "use_type": "Residential", "status": "VERIFIED", "area_sqm": 212.0, "confidence": 0.96}}, {"type": "Feature", "geometry": {"type": "Polygon", "coordinates": [[[73.8353422, 18.5436148], [73.835326, 18.5434376], [73.8352276, 18.543445730704228], [73.8352276, 18.543624273743543], [73.8353422, 18.5436148]]]}, "properties": {"three_d_property_id": "27-21-01-323-000597-B001-F01-U012", "UIPIN": "27-21-01-323-000597-B001-F01-U012", "ULPIN": "27-21-01-323-000597", "parent_building_id": "FDHA6GH7IDUB9R", "building_name": "Palak Apartment", "floor_number": 1, "floor_name": "Floor 1", "unit_number": "Unit 1B", "unit_id": "U-1B", "z_min": 0.0, "z_max": 3.0, "height": 3.0, "color": "#f59e0b", "use_type": "Residential", "status": "VERIFIED", "area_sqm": 212.1, "confidence": 0.96}}, {"type": "Feature", "geometry": {"type": "Polygon", "coordinates": [[[73.835113, 18.5434552], [73.8351293, 18.5436324], [73.8352276, 18.543624273743543], [73.8352276, 18.543445730704228], [73.835113, 18.5434552]]]}, "properties": {"three_d_property_id": "27-21-01-323-000597-B001-F02-U021", "UIPIN": "27-21-01-323-000597-B001-F02-U021", "ULPIN": "27-21-01-323-000597", "parent_building_id": "FDHA6GH7IDUB9R", "building_name": "Palak Apartment", "floor_number": 2, "floor_name": "Floor 2", "unit_number": "Unit 2A", "unit_id": "U-2A", "z_min": 3.0, "z_max": 6.0, "height": 3.0, "color": "#10b981", "use_type": "Residential", "status": "VERIFIED", "area_sqm": 212.0, "confidence": 0.96}}, {"type": "Feature", "geometry": {"type": "Polygon", "coordinates": [[[73.8353422, 18.5436148], [73.835326, 18.5434376], [73.8352276, 18.543445730704228], [73.8352276, 18.543624273743543], [73.8353422, 18.5436148]]]}, "properties": {"three_d_property_id": "27-21-01-323-000597-B001-F02-U022", "UIPIN": "27-21-01-323-000597-B001-F02-U022", "ULPIN": "27-21-01-323-000597", "parent_building_id": "FDHA6GH7IDUB9R", "building_name": "Palak Apartment", "floor_number": 2, "floor_name": "Floor 2", "unit_number": "Unit 2B", "unit_id": "U-2B", "z_min": 3.0, "z_max": 6.0, "height": 3.0, "color": "#10b981", "use_type": "Residential", "status": "VERIFIED", "area_sqm": 212.1, "confidence": 0.96}}, {"type": "Feature", "geometry": {"type": "Polygon", "coordinates": [[[73.835113, 18.5434552], [73.8351293, 18.5436324], [73.8352276, 18.543624273743543], [73.8352276, 18.543445730704228], [73.835113, 18.5434552]]]}, "properties": {"three_d_property_id": "27-21-01-323-000597-B001-F03-U031", "UIPIN": "27-21-01-323-000597-B001-F03-U031", "ULPIN": "27-21-01-323-000597", "parent_building_id": "FDHA6GH7IDUB9R", "building_name": "Palak Apartment", "floor_number": 3, "floor_name": "Floor 3", "unit_number": "Unit 3A", "unit_id": "U-3A", "z_min": 6.0, "z_max": 9.0, "height": 3.0, "color": "#0ea5e9", "use_type": "Residential", "status": "PROVISIONAL", "area_sqm": 212.0, "confidence": 0.9}}, {"type": "Feature", "geometry": {"type": "Polygon", "coordinates": [[[73.8353422, 18.5436148], [73.835326, 18.5434376], [73.8352276, 18.543445730704228], [73.8352276, 18.543624273743543], [73.8353422, 18.5436148]]]}, "properties": {"three_d_property_id": "27-21-01-323-000597-B001-F03-U032", "UIPIN": "27-21-01-323-000597-B001-F03-U032", "ULPIN": "27-21-01-323-000597", "parent_building_id": "FDHA6GH7IDUB9R", "building_name": "Palak Apartment", "floor_number": 3, "floor_name": "Floor 3", "unit_number": "Unit 3B", "unit_id": "U-3B", "z_min": 6.0, "z_max": 9.0, "height": 3.0, "color": "#0ea5e9", "use_type": "Residential", "status": "PROVISIONAL", "area_sqm": 212.1, "confidence": 0.9}}, {"type": "Feature", "geometry": {"type": "Polygon", "coordinates": [[[73.835113, 18.5434552], [73.8351293, 18.5436324], [73.8352276, 18.543624273743543], [73.8352276, 18.543445730704228], [73.835113, 18.5434552]]]}, "properties": {"three_d_property_id": "27-21-01-323-000597-B001-F04-U041", "UIPIN": "27-21-01-323-000597-B001-F04-U041", "ULPIN": "27-21-01-323-000597", "parent_building_id": "FDHA6GH7IDUB9R", "building_name": "Palak Apartment", "floor_number": 4, "floor_name": "Floor 4", "unit_number": "Unit 4A", "unit_id": "U-4A", "z_min": 9.0, "z_max": 12.0, "height": 3.0, "color": "#8b5cf6", "use_type": "Residential", "status": "PROVISIONAL", "area_sqm": 212.0, "confidence": 0.9}}, {"type": "Feature", "geometry": {"type": "Polygon", "coordinates": [[[73.8353422, 18.5436148], [73.835326, 18.5434376], [73.8352276, 18.543445730704228], [73.8352276, 18.543624273743543], [73.8353422, 18.5436148]]]}, "properties": {"three_d_property_id": "27-21-01-323-000597-B001-F04-U042", "UIPIN": "27-21-01-323-000597-B001-F04-U042", "ULPIN": "27-21-01-323-000597", "parent_building_id": "FDHA6GH7IDUB9R", "building_name": "Palak Apartment", "floor_number": 4, "floor_name": "Floor 4", "unit_number": "Unit 4B", "unit_id": "U-4B", "z_min": 9.0, "z_max": 12.0, "height": 3.0, "color": "#8b5cf6", "use_type": "Residential", "status": "PROVISIONAL", "area_sqm": 212.1, "confidence": 0.9}}, {"type": "Feature", "geometry": {"type": "Polygon", "coordinates": [[[73.8356888, 18.5444516], [73.8356774, 18.5446059], [73.8357413, 18.5446101], [73.8357442, 18.5445715], [73.8357908, 18.544574575907593], [73.8357908, 18.54445837158774], [73.8356888, 18.5444516]]]}, "properties": {"three_d_property_id": "27-21-11-397-000600-B001-F00-U001", "UIPIN": "27-21-11-397-000600-B001-F00-U001", "ULPIN": "27-21-11-397-000600", "parent_building_id": "Z9S9VS1QEKW7BZ", "building_name": "Sakar Apartments", "floor_number": -1, "floor_name": "Basement / Parking", "unit_number": "Parking Bay P-01", "unit_id": "P01", "z_min": -3.0, "z_max": 0.0, "height": 3.0, "color": "#64748b", "use_type": "Parking / Storage", "status": "VERIFIED", "area_sqm": 165.4, "confidence": 0.95}}, {"type": "Feature", "geometry": {"type": "Polygon", "coordinates": [[[73.8358957, 18.5445815], [73.8359042, 18.5444659], [73.8357908, 18.54445837158774], [73.8357908, 18.544574575907593], [73.8358957, 18.5445815]]]}, "properties": {"three_d_property_id": "27-21-11-397-000600-B001-F00-U002", "UIPIN": "27-21-11-397-000600-B001-F00-U002", "ULPIN": "27-21-11-397-000600", "parent_building_id": "Z9S9VS1QEKW7BZ", "building_name": "Sakar Apartments", "floor_number": -1, "floor_name": "Basement / Parking", "unit_number": "Parking Bay P-02", "unit_id": "P02", "z_min": -3.0, "z_max": 0.0, "height": 3.0, "color": "#64748b", "use_type": "Parking / Storage", "status": "VERIFIED", "area_sqm": 141.4, "confidence": 0.95}}, {"type": "Feature", "geometry": {"type": "Polygon", "coordinates": [[[73.8356888, 18.5444516], [73.8356774, 18.5446059], [73.8357413, 18.5446101], [73.8357442, 18.5445715], [73.8357908, 18.544574575907593], [73.8357908, 18.54445837158774], [73.8356888, 18.5444516]]]}, "properties": {"three_d_property_id": "27-21-11-397-000600-B001-F01-U011", "UIPIN": "27-21-11-397-000600-B001-F01-U011", "ULPIN": "27-21-11-397-000600", "parent_building_id": "Z9S9VS1QEKW7BZ", "building_name": "Sakar Apartments", "floor_number": 1, "floor_name": "Floor 1", "unit_number": "Unit 1A", "unit_id": "U-1A", "z_min": 0.0, "z_max": 3.0, "height": 3.0, "color": "#f59e0b", "use_type": "Commercial", "status": "VERIFIED", "area_sqm": 165.4, "confidence": 0.96}}, {"type": "Feature", "geometry": {"type": "Polygon", "coordinates": [[[73.8358957, 18.5445815], [73.8359042, 18.5444659], [73.8357908, 18.54445837158774], [73.8357908, 18.544574575907593], [73.8358957, 18.5445815]]]}, "properties": {"three_d_property_id": "27-21-11-397-000600-B001-F01-U012", "UIPIN": "27-21-11-397-000600-B001-F01-U012", "ULPIN": "27-21-11-397-000600", "parent_building_id": "Z9S9VS1QEKW7BZ", "building_name": "Sakar Apartments", "floor_number": 1, "floor_name": "Floor 1", "unit_number": "Unit 1B", "unit_id": "U-1B", "z_min": 0.0, "z_max": 3.0, "height": 3.0, "color": "#f59e0b", "use_type": "Commercial", "status": "VERIFIED", "area_sqm": 141.4, "confidence": 0.96}}, {"type": "Feature", "geometry": {"type": "Polygon", "coordinates": [[[73.8356888, 18.5444516], [73.8356774, 18.5446059], [73.8357413, 18.5446101], [73.8357442, 18.5445715], [73.8357908, 18.544574575907593], [73.8357908, 18.54445837158774], [73.8356888, 18.5444516]]]}, "properties": {"three_d_property_id": "27-21-11-397-000600-B001-F02-U021", "UIPIN": "27-21-11-397-000600-B001-F02-U021", "ULPIN": "27-21-11-397-000600", "parent_building_id": "Z9S9VS1QEKW7BZ", "building_name": "Sakar Apartments", "floor_number": 2, "floor_name": "Floor 2", "unit_number": "Unit 2A", "unit_id": "U-2A", "z_min": 3.0, "z_max": 6.0, "height": 3.0, "color": "#10b981", "use_type": "Commercial", "status": "VERIFIED", "area_sqm": 165.4, "confidence": 0.96}}, {"type": "Feature", "geometry": {"type": "Polygon", "coordinates": [[[73.8358957, 18.5445815], [73.8359042, 18.5444659], [73.8357908, 18.54445837158774], [73.8357908, 18.544574575907593], [73.8358957, 18.5445815]]]}, "properties": {"three_d_property_id": "27-21-11-397-000600-B001-F02-U022", "UIPIN": "27-21-11-397-000600-B001-F02-U022", "ULPIN": "27-21-11-397-000600", "parent_building_id": "Z9S9VS1QEKW7BZ", "building_name": "Sakar Apartments", "floor_number": 2, "floor_name": "Floor 2", "unit_number": "Unit 2B", "unit_id": "U-2B", "z_min": 3.0, "z_max": 6.0, "height": 3.0, "color": "#10b981", "use_type": "Commercial", "status": "VERIFIED", "area_sqm": 141.4, "confidence": 0.96}}, {"type": "Feature", "geometry": {"type": "Polygon", "coordinates": [[[73.8356888, 18.5444516], [73.8356774, 18.5446059], [73.8357413, 18.5446101], [73.8357442, 18.5445715], [73.8357908, 18.544574575907593], [73.8357908, 18.54445837158774], [73.8356888, 18.5444516]]]}, "properties": {"three_d_property_id": "27-21-11-397-000600-B001-F03-U031", "UIPIN": "27-21-11-397-000600-B001-F03-U031", "ULPIN": "27-21-11-397-000600", "parent_building_id": "Z9S9VS1QEKW7BZ", "building_name": "Sakar Apartments", "floor_number": 3, "floor_name": "Floor 3", "unit_number": "Unit 3A", "unit_id": "U-3A", "z_min": 6.0, "z_max": 9.0, "height": 3.0, "color": "#0ea5e9", "use_type": "Commercial", "status": "PROVISIONAL", "area_sqm": 165.4, "confidence": 0.9}}, {"type": "Feature", "geometry": {"type": "Polygon", "coordinates": [[[73.8358957, 18.5445815], [73.8359042, 18.5444659], [73.8357908, 18.54445837158774], [73.8357908, 18.544574575907593], [73.8358957, 18.5445815]]]}, "properties": {"three_d_property_id": "27-21-11-397-000600-B001-F03-U032", "UIPIN": "27-21-11-397-000600-B001-F03-U032", "ULPIN": "27-21-11-397-000600", "parent_building_id": "Z9S9VS1QEKW7BZ", "building_name": "Sakar Apartments", "floor_number": 3, "floor_name": "Floor 3", "unit_number": "Unit 3B", "unit_id": "U-3B", "z_min": 6.0, "z_max": 9.0, "height": 3.0, "color": "#0ea5e9", "use_type": "Commercial", "status": "PROVISIONAL", "area_sqm": 141.4, "confidence": 0.9}}, {"type": "Feature", "geometry": {"type": "Polygon", "coordinates": [[[73.8356888, 18.5444516], [73.8356774, 18.5446059], [73.8357413, 18.5446101], [73.8357442, 18.5445715], [73.8357908, 18.544574575907593], [73.8357908, 18.54445837158774], [73.8356888, 18.5444516]]]}, "properties": {"three_d_property_id": "27-21-11-397-000600-B001-F04-U041", "UIPIN": "27-21-11-397-000600-B001-F04-U041", "ULPIN": "27-21-11-397-000600", "parent_building_id": "Z9S9VS1QEKW7BZ", "building_name": "Sakar Apartments", "floor_number": 4, "floor_name": "Floor 4", "unit_number": "Unit 4A", "unit_id": "U-4A", "z_min": 9.0, "z_max": 12.0, "height": 3.0, "color": "#8b5cf6", "use_type": "Commercial", "status": "PROVISIONAL", "area_sqm": 165.4, "confidence": 0.9}}, {"type": "Feature", "geometry": {"type": "Polygon", "coordinates": [[[73.8358957, 18.5445815], [73.8359042, 18.5444659], [73.8357908, 18.54445837158774], [73.8357908, 18.544574575907593], [73.8358957, 18.5445815]]]}, "properties": {"three_d_property_id": "27-21-11-397-000600-B001-F04-U042", "UIPIN": "27-21-11-397-000600-B001-F04-U042", "ULPIN": "27-21-11-397-000600", "parent_building_id": "Z9S9VS1QEKW7BZ", "building_name": "Sakar Apartments", "floor_number": 4, "floor_name": "Floor 4", "unit_number": "Unit 4B", "unit_id": "U-4B", "z_min": 9.0, "z_max": 12.0, "height": 3.0, "color": "#8b5cf6", "use_type": "Commercial", "status": "PROVISIONAL", "area_sqm": 141.4, "confidence": 0.9}}, {"type": "Feature", "geometry": {"type": "Polygon", "coordinates": [[[73.8356888, 18.5444516], [73.8356774, 18.5446059], [73.8357413, 18.5446101], [73.8357442, 18.5445715], [73.8357908, 18.544574575907593], [73.8357908, 18.54445837158774], [73.8356888, 18.5444516]]]}, "properties": {"three_d_property_id": "27-21-11-397-000600-B001-F05-U051", "UIPIN": "27-21-11-397-000600-B001-F05-U051", "ULPIN": "27-21-11-397-000600", "parent_building_id": "Z9S9VS1QEKW7BZ", "building_name": "Sakar Apartments", "floor_number": 5, "floor_name": "Floor 5", "unit_number": "Unit 5A", "unit_id": "U-5A", "z_min": 12.0, "z_max": 15.0, "height": 3.0, "color": "#ec4899", "use_type": "Commercial", "status": "PROVISIONAL", "area_sqm": 165.4, "confidence": 0.9}}, {"type": "Feature", "geometry": {"type": "Polygon", "coordinates": [[[73.8358957, 18.5445815], [73.8359042, 18.5444659], [73.8357908, 18.54445837158774], [73.8357908, 18.544574575907593], [73.8358957, 18.5445815]]]}, "properties": {"three_d_property_id": "27-21-11-397-000600-B001-F05-U052", "UIPIN": "27-21-11-397-000600-B001-F05-U052", "ULPIN": "27-21-11-397-000600", "parent_building_id": "Z9S9VS1QEKW7BZ", "building_name": "Sakar Apartments", "floor_number": 5, "floor_name": "Floor 5", "unit_number": "Unit 5B", "unit_id": "U-5B", "z_min": 12.0, "z_max": 15.0, "height": 3.0, "color": "#ec4899", "use_type": "Commercial", "status": "PROVISIONAL", "area_sqm": 141.4, "confidence": 0.9}}, {"type": "Feature", "geometry": {"type": "Polygon", "coordinates": [[[73.8356888, 18.5444516], [73.8356774, 18.5446059], [73.8357413, 18.5446101], [73.8357442, 18.5445715], [73.8357908, 18.544574575907593], [73.8357908, 18.54445837158774], [73.8356888, 18.5444516]]]}, "properties": {"three_d_property_id": "27-21-11-397-000600-B001-F06-U061", "UIPIN": "27-21-11-397-000600-B001-F06-U061", "ULPIN": "27-21-11-397-000600", "parent_building_id": "Z9S9VS1QEKW7BZ", "building_name": "Sakar Apartments", "floor_number": 6, "floor_name": "Floor 6", "unit_number": "Unit 6A", "unit_id": "U-6A", "z_min": 15.0, "z_max": 18.0, "height": 3.0, "color": "#6366f1", "use_type": "Commercial", "status": "PROVISIONAL", "area_sqm": 165.4, "confidence": 0.9}}, {"type": "Feature", "geometry": {"type": "Polygon", "coordinates": [[[73.8358957, 18.5445815], [73.8359042, 18.5444659], [73.8357908, 18.54445837158774], [73.8357908, 18.544574575907593], [73.8358957, 18.5445815]]]}, "properties": {"three_d_property_id": "27-21-11-397-000600-B001-F06-U062", "UIPIN": "27-21-11-397-000600-B001-F06-U062", "ULPIN": "27-21-11-397-000600", "parent_building_id": "Z9S9VS1QEKW7BZ", "building_name": "Sakar Apartments", "floor_number": 6, "floor_name": "Floor 6", "unit_number": "Unit 6B", "unit_id": "U-6B", "z_min": 15.0, "z_max": 18.0, "height": 3.0, "color": "#6366f1", "use_type": "Commercial", "status": "PROVISIONAL", "area_sqm": 141.4, "confidence": 0.9}}, {"type": "Feature", "geometry": {"type": "Polygon", "coordinates": [[[73.8150963, 18.5643043], [73.8150955, 18.5641965], [73.8150445, 18.5641968], [73.8150441, 18.5641568], [73.8150952, 18.5641565], [73.8150943, 18.5640474], [73.81495465, 18.564048343245645], [73.81495465, 18.564305307109848], [73.8150963, 18.5643043]]]}, "properties": {"three_d_property_id": "27-21-11-044-000603-B001-F00-U002", "UIPIN": "27-21-11-044-000603-B001-F00-U002", "ULPIN": "27-21-11-044-000603", "parent_building_id": "B4O47EN48NYSJ5", "building_name": "A1, Prism Society", "floor_number": -1, "floor_name": "Basement / Parking", "unit_number": "Parking Bay P-02", "unit_id": "P02", "z_min": -3.0, "z_max": 0.0, "height": 3.0, "color": "#64748b", "use_type": "Parking / Storage", "status": "VERIFIED", "area_sqm": 380.3, "confidence": 0.95}}, {"type": "Feature", "geometry": {"type": "Polygon", "coordinates": [[[73.8150963, 18.5643043], [73.8150955, 18.5641965], [73.8150445, 18.5641968], [73.8150441, 18.5641568], [73.8150952, 18.5641565], [73.8150943, 18.5640474], [73.81495465, 18.564048343245645], [73.81495465, 18.564305307109848], [73.8150963, 18.5643043]]]}, "properties": {"three_d_property_id": "27-21-11-044-000603-B001-F01-U012", "UIPIN": "27-21-11-044-000603-B001-F01-U012", "ULPIN": "27-21-11-044-000603", "parent_building_id": "B4O47EN48NYSJ5", "building_name": "A1, Prism Society", "floor_number": 1, "floor_name": "Floor 1", "unit_number": "Unit 1B", "unit_id": "U-1B", "z_min": 0.0, "z_max": 3.0, "height": 3.0, "color": "#f59e0b", "use_type": "Commercial", "status": "VERIFIED", "area_sqm": 380.3, "confidence": 0.96}}, {"type": "Feature", "geometry": {"type": "Polygon", "coordinates": [[[73.8150963, 18.5643043], [73.8150955, 18.5641965], [73.8150445, 18.5641968], [73.8150441, 18.5641568], [73.8150952, 18.5641565], [73.8150943, 18.5640474], [73.81495465, 18.564048343245645], [73.81495465, 18.564305307109848], [73.8150963, 18.5643043]]]}, "properties": {"three_d_property_id": "27-21-11-044-000603-B001-F02-U022", "UIPIN": "27-21-11-044-000603-B001-F02-U022", "ULPIN": "27-21-11-044-000603", "parent_building_id": "B4O47EN48NYSJ5", "building_name": "A1, Prism Society", "floor_number": 2, "floor_name": "Floor 2", "unit_number": "Unit 2B", "unit_id": "U-2B", "z_min": 3.0, "z_max": 6.0, "height": 3.0, "color": "#10b981", "use_type": "Commercial", "status": "VERIFIED", "area_sqm": 380.3, "confidence": 0.96}}, {"type": "Feature", "geometry": {"type": "Polygon", "coordinates": [[[73.8150963, 18.5643043], [73.8150955, 18.5641965], [73.8150445, 18.5641968], [73.8150441, 18.5641568], [73.8150952, 18.5641565], [73.8150943, 18.5640474], [73.81495465, 18.564048343245645], [73.81495465, 18.564305307109848], [73.8150963, 18.5643043]]]}, "properties": {"three_d_property_id": "27-21-11-044-000603-B001-F03-U032", "UIPIN": "27-21-11-044-000603-B001-F03-U032", "ULPIN": "27-21-11-044-000603", "parent_building_id": "B4O47EN48NYSJ5", "building_name": "A1, Prism Society", "floor_number": 3, "floor_name": "Floor 3", "unit_number": "Unit 3B", "unit_id": "U-3B", "z_min": 6.0, "z_max": 9.0, "height": 3.0, "color": "#0ea5e9", "use_type": "Commercial", "status": "PROVISIONAL", "area_sqm": 380.3, "confidence": 0.9}}, {"type": "Feature", "geometry": {"type": "Polygon", "coordinates": [[[73.8150963, 18.5643043], [73.8150955, 18.5641965], [73.8150445, 18.5641968], [73.8150441, 18.5641568], [73.8150952, 18.5641565], [73.8150943, 18.5640474], [73.81495465, 18.564048343245645], [73.81495465, 18.564305307109848], [73.8150963, 18.5643043]]]}, "properties": {"three_d_property_id": "27-21-11-044-000603-B001-F04-U042", "UIPIN": "27-21-11-044-000603-B001-F04-U042", "ULPIN": "27-21-11-044-000603", "parent_building_id": "B4O47EN48NYSJ5", "building_name": "A1, Prism Society", "floor_number": 4, "floor_name": "Floor 4", "unit_number": "Unit 4B", "unit_id": "U-4B", "z_min": 9.0, "z_max": 12.0, "height": 3.0, "color": "#8b5cf6", "use_type": "Commercial", "status": "PROVISIONAL", "area_sqm": 380.3, "confidence": 0.9}}, {"type": "Feature", "geometry": {"type": "Polygon", "coordinates": [[[73.8150963, 18.5643043], [73.8150955, 18.5641965], [73.8150445, 18.5641968], [73.8150441, 18.5641568], [73.8150952, 18.5641565], [73.8150943, 18.5640474], [73.81495465, 18.564048343245645], [73.81495465, 18.564305307109848], [73.8150963, 18.5643043]]]}, "properties": {"three_d_property_id": "27-21-11-044-000603-B001-F05-U052", "UIPIN": "27-21-11-044-000603-B001-F05-U052", "ULPIN": "27-21-11-044-000603", "parent_building_id": "B4O47EN48NYSJ5", "building_name": "A1, Prism Society", "floor_number": 5, "floor_name": "Floor 5", "unit_number": "Unit 5B", "unit_id": "U-5B", "z_min": 12.0, "z_max": 15.0, "height": 3.0, "color": "#ec4899", "use_type": "Commercial", "status": "PROVISIONAL", "area_sqm": 380.3, "confidence": 0.9}}, {"type": "Feature", "geometry": {"type": "Polygon", "coordinates": [[[73.8150963, 18.5643043], [73.8150955, 18.5641965], [73.8150445, 18.5641968], [73.8150441, 18.5641568], [73.8150952, 18.5641565], [73.8150943, 18.5640474], [73.81495465, 18.564048343245645], [73.81495465, 18.564305307109848], [73.8150963, 18.5643043]]]}, "properties": {"three_d_property_id": "27-21-11-044-000603-B001-F06-U062", "UIPIN": "27-21-11-044-000603-B001-F06-U062", "ULPIN": "27-21-11-044-000603", "parent_building_id": "B4O47EN48NYSJ5", "building_name": "A1, Prism Society", "floor_number": 6, "floor_name": "Floor 6", "unit_number": "Unit 6B", "unit_id": "U-6B", "z_min": 15.0, "z_max": 18.0, "height": 3.0, "color": "#6366f1", "use_type": "Commercial", "status": "PROVISIONAL", "area_sqm": 380.3, "confidence": 0.9}}, {"type": "Feature", "geometry": {"type": "Polygon", "coordinates": [[[73.8150963, 18.5643043], [73.8150955, 18.5641965], [73.8150445, 18.5641968], [73.8150441, 18.5641568], [73.8150952, 18.5641565], [73.8150943, 18.5640474], [73.81495465, 18.564048343245645], [73.81495465, 18.564305307109848], [73.8150963, 18.5643043]]]}, "properties": {"three_d_property_id": "27-21-11-044-000603-B001-F07-U072", "UIPIN": "27-21-11-044-000603-B001-F07-U072", "ULPIN": "27-21-11-044-000603", "parent_building_id": "B4O47EN48NYSJ5", "building_name": "A1, Prism Society", "floor_number": 7, "floor_name": "Floor 7", "unit_number": "Unit 7B", "unit_id": "U-7B", "z_min": 18.0, "z_max": 21.0, "height": 3.0, "color": "#ec4899", "use_type": "Commercial", "status": "PROVISIONAL", "area_sqm": 380.3, "confidence": 0.9}}, {"type": "Feature", "geometry": {"type": "Polygon", "coordinates": [[[73.8150963, 18.5643043], [73.8150955, 18.5641965], [73.8150445, 18.5641968], [73.8150441, 18.5641568], [73.8150952, 18.5641565], [73.8150943, 18.5640474], [73.81495465, 18.564048343245645], [73.81495465, 18.564305307109848], [73.8150963, 18.5643043]]]}, "properties": {"three_d_property_id": "27-21-11-044-000603-B001-F08-U082", "UIPIN": "27-21-11-044-000603-B001-F08-U082", "ULPIN": "27-21-11-044-000603", "parent_building_id": "B4O47EN48NYSJ5", "building_name": "A1, Prism Society", "floor_number": 8, "floor_name": "Floor 8", "unit_number": "Unit 8B", "unit_id": "U-8B", "z_min": 21.0, "z_max": 24.0, "height": 3.0, "color": "#3b82f6", "use_type": "Commercial", "status": "PROVISIONAL", "area_sqm": 380.3, "confidence": 0.9}}, {"type": "Feature", "geometry": {"type": "Polygon", "coordinates": [[[73.8150963, 18.5643043], [73.8150955, 18.5641965], [73.8150445, 18.5641968], [73.8150441, 18.5641568], [73.8150952, 18.5641565], [73.8150943, 18.5640474], [73.81495465, 18.564048343245645], [73.81495465, 18.564305307109848], [73.8150963, 18.5643043]]]}, "properties": {"three_d_property_id": "27-21-11-044-000603-B001-F09-U092", "UIPIN": "27-21-11-044-000603-B001-F09-U092", "ULPIN": "27-21-11-044-000603", "parent_building_id": "B4O47EN48NYSJ5", "building_name": "A1, Prism Society", "floor_number": 9, "floor_name": "Floor 9", "unit_number": "Unit 9B", "unit_id": "U-9B", "z_min": 24.0, "z_max": 27.0, "height": 3.0, "color": "#14b8a6", "use_type": "Commercial", "status": "PROVISIONAL", "area_sqm": 380.3, "confidence": 0.9}}, {"type": "Feature", "geometry": {"type": "Polygon", "coordinates": [[[73.8150963, 18.5643043], [73.8150955, 18.5641965], [73.8150445, 18.5641968], [73.8150441, 18.5641568], [73.8150952, 18.5641565], [73.8150943, 18.5640474], [73.81495465, 18.564048343245645], [73.81495465, 18.564305307109848], [73.8150963, 18.5643043]]]}, "properties": {"three_d_property_id": "27-21-11-044-000603-B001-F10-U102", "UIPIN": "27-21-11-044-000603-B001-F10-U102", "ULPIN": "27-21-11-044-000603", "parent_building_id": "B4O47EN48NYSJ5", "building_name": "A1, Prism Society", "floor_number": 10, "floor_name": "Floor 10", "unit_number": "Unit 10B", "unit_id": "U-10B", "z_min": 27.0, "z_max": 30.0, "height": 3.0, "color": "#f97316", "use_type": "Commercial", "status": "PROVISIONAL", "area_sqm": 380.3, "confidence": 0.9}}, {"type": "Feature", "geometry": {"type": "Polygon", "coordinates": [[[73.8150963, 18.5643043], [73.8150955, 18.5641965], [73.8150445, 18.5641968], [73.8150441, 18.5641568], [73.8150952, 18.5641565], [73.8150943, 18.5640474], [73.81495465, 18.564048343245645], [73.81495465, 18.564305307109848], [73.8150963, 18.5643043]]]}, "properties": {"three_d_property_id": "27-21-11-044-000603-B001-F11-U112", "UIPIN": "27-21-11-044-000603-B001-F11-U112", "ULPIN": "27-21-11-044-000603", "parent_building_id": "B4O47EN48NYSJ5", "building_name": "A1, Prism Society", "floor_number": 11, "floor_name": "Floor 11", "unit_number": "Unit 11B", "unit_id": "U-11B", "z_min": 30.0, "z_max": 33.0, "height": 3.0, "color": "#8b5cf6", "use_type": "Commercial", "status": "PROVISIONAL", "area_sqm": 380.3, "confidence": 0.9}}, {"type": "Feature", "geometry": {"type": "Polygon", "coordinates": [[[73.8150963, 18.5643043], [73.8150955, 18.5641965], [73.8150445, 18.5641968], [73.8150441, 18.5641568], [73.8150952, 18.5641565], [73.8150943, 18.5640474], [73.81495465, 18.564048343245645], [73.81495465, 18.564305307109848], [73.8150963, 18.5643043]]]}, "properties": {"three_d_property_id": "27-21-11-044-000603-B001-F12-U122", "UIPIN": "27-21-11-044-000603-B001-F12-U122", "ULPIN": "27-21-11-044-000603", "parent_building_id": "B4O47EN48NYSJ5", "building_name": "A1, Prism Society", "floor_number": 12, "floor_name": "Floor 12", "unit_number": "Unit 12B", "unit_id": "U-12B", "z_min": 33.0, "z_max": 36.0, "height": 3.0, "color": "#ec4899", "use_type": "Commercial", "status": "PROVISIONAL", "area_sqm": 380.3, "confidence": 0.9}}, {"type": "Feature", "geometry": {"type": "Polygon", "coordinates": [[[73.8317917, 18.5356746], [73.831766, 18.5357218], [73.8317825, 18.5357298], [73.8317583, 18.5357741], [73.8317419, 18.535766], [73.8317154, 18.5358144], [73.8318609, 18.53588582850489], [73.8318609, 18.535708571495107], [73.8317917, 18.5356746]]]}, "properties": {"three_d_property_id": "27-21-11-538-000682-B001-F00-U001", "UIPIN": "27-21-11-538-000682-B001-F00-U001", "ULPIN": "27-21-11-538-000682", "parent_building_id": "1X889U9W0TE52V", "building_name": "Nirman Vishnubaug", "floor_number": -1, "floor_name": "Basement / Parking", "unit_number": "Parking Bay P-01", "unit_id": "P01", "z_min": -3.0, "z_max": 0.0, "height": 3.0, "color": "#64748b", "use_type": "Parking / Storage", "status": "VERIFIED", "area_sqm": 201.9, "confidence": 0.95}}, {"type": "Feature", "geometry": {"type": "Polygon", "coordinates": [[[73.8319301, 18.5359198], [73.8319573, 18.53587], [73.8319388, 18.5358609], [73.8319615, 18.5358192], [73.8319801, 18.5358283], [73.8320064, 18.53578], [73.8318609, 18.535708571495107], [73.8318609, 18.53588582850489], [73.8319301, 18.5359198]]]}, "properties": {"three_d_property_id": "27-21-11-538-000682-B001-F00-U002", "UIPIN": "27-21-11-538-000682-B001-F00-U002", "ULPIN": "27-21-11-538-000682", "parent_building_id": "1X889U9W0TE52V", "building_name": "Nirman Vishnubaug", "floor_number": -1, "floor_name": "Basement / Parking", "unit_number": "Parking Bay P-02", "unit_id": "P02", "z_min": -3.0, "z_max": 0.0, "height": 3.0, "color": "#64748b", "use_type": "Parking / Storage", "status": "VERIFIED", "area_sqm": 201.3, "confidence": 0.95}}, {"type": "Feature", "geometry": {"type": "Polygon", "coordinates": [[[73.8317917, 18.5356746], [73.831766, 18.5357218], [73.8317825, 18.5357298], [73.8317583, 18.5357741], [73.8317419, 18.535766], [73.8317154, 18.5358144], [73.8318609, 18.53588582850489], [73.8318609, 18.535708571495107], [73.8317917, 18.5356746]]]}, "properties": {"three_d_property_id": "27-21-11-538-000682-B001-F01-U011", "UIPIN": "27-21-11-538-000682-B001-F01-U011", "ULPIN": "27-21-11-538-000682", "parent_building_id": "1X889U9W0TE52V", "building_name": "Nirman Vishnubaug", "floor_number": 1, "floor_name": "Floor 1", "unit_number": "Unit 1A", "unit_id": "U-1A", "z_min": 0.0, "z_max": 3.0, "height": 3.0, "color": "#f59e0b", "use_type": "Residential", "status": "VERIFIED", "area_sqm": 201.9, "confidence": 0.96}}, {"type": "Feature", "geometry": {"type": "Polygon", "coordinates": [[[73.8319301, 18.5359198], [73.8319573, 18.53587], [73.8319388, 18.5358609], [73.8319615, 18.5358192], [73.8319801, 18.5358283], [73.8320064, 18.53578], [73.8318609, 18.535708571495107], [73.8318609, 18.53588582850489], [73.8319301, 18.5359198]]]}, "properties": {"three_d_property_id": "27-21-11-538-000682-B001-F01-U012", "UIPIN": "27-21-11-538-000682-B001-F01-U012", "ULPIN": "27-21-11-538-000682", "parent_building_id": "1X889U9W0TE52V", "building_name": "Nirman Vishnubaug", "floor_number": 1, "floor_name": "Floor 1", "unit_number": "Unit 1B", "unit_id": "U-1B", "z_min": 0.0, "z_max": 3.0, "height": 3.0, "color": "#f59e0b", "use_type": "Residential", "status": "VERIFIED", "area_sqm": 201.3, "confidence": 0.96}}, {"type": "Feature", "geometry": {"type": "Polygon", "coordinates": [[[73.8317917, 18.5356746], [73.831766, 18.5357218], [73.8317825, 18.5357298], [73.8317583, 18.5357741], [73.8317419, 18.535766], [73.8317154, 18.5358144], [73.8318609, 18.53588582850489], [73.8318609, 18.535708571495107], [73.8317917, 18.5356746]]]}, "properties": {"three_d_property_id": "27-21-11-538-000682-B001-F02-U021", "UIPIN": "27-21-11-538-000682-B001-F02-U021", "ULPIN": "27-21-11-538-000682", "parent_building_id": "1X889U9W0TE52V", "building_name": "Nirman Vishnubaug", "floor_number": 2, "floor_name": "Floor 2", "unit_number": "Unit 2A", "unit_id": "U-2A", "z_min": 3.0, "z_max": 6.0, "height": 3.0, "color": "#10b981", "use_type": "Residential", "status": "VERIFIED", "area_sqm": 201.9, "confidence": 0.96}}, {"type": "Feature", "geometry": {"type": "Polygon", "coordinates": [[[73.8319301, 18.5359198], [73.8319573, 18.53587], [73.8319388, 18.5358609], [73.8319615, 18.5358192], [73.8319801, 18.5358283], [73.8320064, 18.53578], [73.8318609, 18.535708571495107], [73.8318609, 18.53588582850489], [73.8319301, 18.5359198]]]}, "properties": {"three_d_property_id": "27-21-11-538-000682-B001-F02-U022", "UIPIN": "27-21-11-538-000682-B001-F02-U022", "ULPIN": "27-21-11-538-000682", "parent_building_id": "1X889U9W0TE52V", "building_name": "Nirman Vishnubaug", "floor_number": 2, "floor_name": "Floor 2", "unit_number": "Unit 2B", "unit_id": "U-2B", "z_min": 3.0, "z_max": 6.0, "height": 3.0, "color": "#10b981", "use_type": "Residential", "status": "VERIFIED", "area_sqm": 201.3, "confidence": 0.96}}, {"type": "Feature", "geometry": {"type": "Polygon", "coordinates": [[[73.8317917, 18.5356746], [73.831766, 18.5357218], [73.8317825, 18.5357298], [73.8317583, 18.5357741], [73.8317419, 18.535766], [73.8317154, 18.5358144], [73.8318609, 18.53588582850489], [73.8318609, 18.535708571495107], [73.8317917, 18.5356746]]]}, "properties": {"three_d_property_id": "27-21-11-538-000682-B001-F03-U031", "UIPIN": "27-21-11-538-000682-B001-F03-U031", "ULPIN": "27-21-11-538-000682", "parent_building_id": "1X889U9W0TE52V", "building_name": "Nirman Vishnubaug", "floor_number": 3, "floor_name": "Floor 3", "unit_number": "Unit 3A", "unit_id": "U-3A", "z_min": 6.0, "z_max": 9.0, "height": 3.0, "color": "#0ea5e9", "use_type": "Residential", "status": "PROVISIONAL", "area_sqm": 201.9, "confidence": 0.9}}, {"type": "Feature", "geometry": {"type": "Polygon", "coordinates": [[[73.8319301, 18.5359198], [73.8319573, 18.53587], [73.8319388, 18.5358609], [73.8319615, 18.5358192], [73.8319801, 18.5358283], [73.8320064, 18.53578], [73.8318609, 18.535708571495107], [73.8318609, 18.53588582850489], [73.8319301, 18.5359198]]]}, "properties": {"three_d_property_id": "27-21-11-538-000682-B001-F03-U032", "UIPIN": "27-21-11-538-000682-B001-F03-U032", "ULPIN": "27-21-11-538-000682", "parent_building_id": "1X889U9W0TE52V", "building_name": "Nirman Vishnubaug", "floor_number": 3, "floor_name": "Floor 3", "unit_number": "Unit 3B", "unit_id": "U-3B", "z_min": 6.0, "z_max": 9.0, "height": 3.0, "color": "#0ea5e9", "use_type": "Residential", "status": "PROVISIONAL", "area_sqm": 201.3, "confidence": 0.9}}, {"type": "Feature", "geometry": {"type": "Polygon", "coordinates": [[[73.8317917, 18.5356746], [73.831766, 18.5357218], [73.8317825, 18.5357298], [73.8317583, 18.5357741], [73.8317419, 18.535766], [73.8317154, 18.5358144], [73.8318609, 18.53588582850489], [73.8318609, 18.535708571495107], [73.8317917, 18.5356746]]]}, "properties": {"three_d_property_id": "27-21-11-538-000682-B001-F04-U041", "UIPIN": "27-21-11-538-000682-B001-F04-U041", "ULPIN": "27-21-11-538-000682", "parent_building_id": "1X889U9W0TE52V", "building_name": "Nirman Vishnubaug", "floor_number": 4, "floor_name": "Floor 4", "unit_number": "Unit 4A", "unit_id": "U-4A", "z_min": 9.0, "z_max": 12.0, "height": 3.0, "color": "#8b5cf6", "use_type": "Residential", "status": "PROVISIONAL", "area_sqm": 201.9, "confidence": 0.9}}, {"type": "Feature", "geometry": {"type": "Polygon", "coordinates": [[[73.8319301, 18.5359198], [73.8319573, 18.53587], [73.8319388, 18.5358609], [73.8319615, 18.5358192], [73.8319801, 18.5358283], [73.8320064, 18.53578], [73.8318609, 18.535708571495107], [73.8318609, 18.53588582850489], [73.8319301, 18.5359198]]]}, "properties": {"three_d_property_id": "27-21-11-538-000682-B001-F04-U042", "UIPIN": "27-21-11-538-000682-B001-F04-U042", "ULPIN": "27-21-11-538-000682", "parent_building_id": "1X889U9W0TE52V", "building_name": "Nirman Vishnubaug", "floor_number": 4, "floor_name": "Floor 4", "unit_number": "Unit 4B", "unit_id": "U-4B", "z_min": 9.0, "z_max": 12.0, "height": 3.0, "color": "#8b5cf6", "use_type": "Residential", "status": "PROVISIONAL", "area_sqm": 201.3, "confidence": 0.9}}, {"type": "Feature", "geometry": {"type": "Polygon", "coordinates": [[[73.8317917, 18.5356746], [73.831766, 18.5357218], [73.8317825, 18.5357298], [73.8317583, 18.5357741], [73.8317419, 18.535766], [73.8317154, 18.5358144], [73.8318609, 18.53588582850489], [73.8318609, 18.535708571495107], [73.8317917, 18.5356746]]]}, "properties": {"three_d_property_id": "27-21-11-538-000682-B001-F05-U051", "UIPIN": "27-21-11-538-000682-B001-F05-U051", "ULPIN": "27-21-11-538-000682", "parent_building_id": "1X889U9W0TE52V", "building_name": "Nirman Vishnubaug", "floor_number": 5, "floor_name": "Floor 5", "unit_number": "Unit 5A", "unit_id": "U-5A", "z_min": 12.0, "z_max": 15.0, "height": 3.0, "color": "#ec4899", "use_type": "Residential", "status": "PROVISIONAL", "area_sqm": 201.9, "confidence": 0.9}}, {"type": "Feature", "geometry": {"type": "Polygon", "coordinates": [[[73.8319301, 18.5359198], [73.8319573, 18.53587], [73.8319388, 18.5358609], [73.8319615, 18.5358192], [73.8319801, 18.5358283], [73.8320064, 18.53578], [73.8318609, 18.535708571495107], [73.8318609, 18.53588582850489], [73.8319301, 18.5359198]]]}, "properties": {"three_d_property_id": "27-21-11-538-000682-B001-F05-U052", "UIPIN": "27-21-11-538-000682-B001-F05-U052", "ULPIN": "27-21-11-538-000682", "parent_building_id": "1X889U9W0TE52V", "building_name": "Nirman Vishnubaug", "floor_number": 5, "floor_name": "Floor 5", "unit_number": "Unit 5B", "unit_id": "U-5B", "z_min": 12.0, "z_max": 15.0, "height": 3.0, "color": "#ec4899", "use_type": "Residential", "status": "PROVISIONAL", "area_sqm": 201.3, "confidence": 0.9}}, {"type": "Feature", "geometry": {"type": "Polygon", "coordinates": [[[73.8317917, 18.5356746], [73.831766, 18.5357218], [73.8317825, 18.5357298], [73.8317583, 18.5357741], [73.8317419, 18.535766], [73.8317154, 18.5358144], [73.8318609, 18.53588582850489], [73.8318609, 18.535708571495107], [73.8317917, 18.5356746]]]}, "properties": {"three_d_property_id": "27-21-11-538-000682-B001-F06-U061", "UIPIN": "27-21-11-538-000682-B001-F06-U061", "ULPIN": "27-21-11-538-000682", "parent_building_id": "1X889U9W0TE52V", "building_name": "Nirman Vishnubaug", "floor_number": 6, "floor_name": "Floor 6", "unit_number": "Unit 6A", "unit_id": "U-6A", "z_min": 15.0, "z_max": 18.0, "height": 3.0, "color": "#6366f1", "use_type": "Residential", "status": "PROVISIONAL", "area_sqm": 201.9, "confidence": 0.9}}, {"type": "Feature", "geometry": {"type": "Polygon", "coordinates": [[[73.8319301, 18.5359198], [73.8319573, 18.53587], [73.8319388, 18.5358609], [73.8319615, 18.5358192], [73.8319801, 18.5358283], [73.8320064, 18.53578], [73.8318609, 18.535708571495107], [73.8318609, 18.53588582850489], [73.8319301, 18.5359198]]]}, "properties": {"three_d_property_id": "27-21-11-538-000682-B001-F06-U062", "UIPIN": "27-21-11-538-000682-B001-F06-U062", "ULPIN": "27-21-11-538-000682", "parent_building_id": "1X889U9W0TE52V", "building_name": "Nirman Vishnubaug", "floor_number": 6, "floor_name": "Floor 6", "unit_number": "Unit 6B", "unit_id": "U-6B", "z_min": 15.0, "z_max": 18.0, "height": 3.0, "color": "#6366f1", "use_type": "Residential", "status": "PROVISIONAL", "area_sqm": 201.3, "confidence": 0.9}}, {"type": "Feature", "geometry": {"type": "Polygon", "coordinates": [[[73.8317917, 18.5356746], [73.831766, 18.5357218], [73.8317825, 18.5357298], [73.8317583, 18.5357741], [73.8317419, 18.535766], [73.8317154, 18.5358144], [73.8318609, 18.53588582850489], [73.8318609, 18.535708571495107], [73.8317917, 18.5356746]]]}, "properties": {"three_d_property_id": "27-21-11-538-000682-B001-F07-U071", "UIPIN": "27-21-11-538-000682-B001-F07-U071", "ULPIN": "27-21-11-538-000682", "parent_building_id": "1X889U9W0TE52V", "building_name": "Nirman Vishnubaug", "floor_number": 7, "floor_name": "Floor 7", "unit_number": "Unit 7A", "unit_id": "U-7A", "z_min": 18.0, "z_max": 21.0, "height": 3.0, "color": "#ec4899", "use_type": "Residential", "status": "PROVISIONAL", "area_sqm": 201.9, "confidence": 0.9}}, {"type": "Feature", "geometry": {"type": "Polygon", "coordinates": [[[73.8319301, 18.5359198], [73.8319573, 18.53587], [73.8319388, 18.5358609], [73.8319615, 18.5358192], [73.8319801, 18.5358283], [73.8320064, 18.53578], [73.8318609, 18.535708571495107], [73.8318609, 18.53588582850489], [73.8319301, 18.5359198]]]}, "properties": {"three_d_property_id": "27-21-11-538-000682-B001-F07-U072", "UIPIN": "27-21-11-538-000682-B001-F07-U072", "ULPIN": "27-21-11-538-000682", "parent_building_id": "1X889U9W0TE52V", "building_name": "Nirman Vishnubaug", "floor_number": 7, "floor_name": "Floor 7", "unit_number": "Unit 7B", "unit_id": "U-7B", "z_min": 18.0, "z_max": 21.0, "height": 3.0, "color": "#ec4899", "use_type": "Residential", "status": "PROVISIONAL", "area_sqm": 201.3, "confidence": 0.9}}, {"type": "Feature", "geometry": {"type": "Polygon", "coordinates": [[[73.8317917, 18.5356746], [73.831766, 18.5357218], [73.8317825, 18.5357298], [73.8317583, 18.5357741], [73.8317419, 18.535766], [73.8317154, 18.5358144], [73.8318609, 18.53588582850489], [73.8318609, 18.535708571495107], [73.8317917, 18.5356746]]]}, "properties": {"three_d_property_id": "27-21-11-538-000682-B001-F08-U081", "UIPIN": "27-21-11-538-000682-B001-F08-U081", "ULPIN": "27-21-11-538-000682", "parent_building_id": "1X889U9W0TE52V", "building_name": "Nirman Vishnubaug", "floor_number": 8, "floor_name": "Floor 8", "unit_number": "Unit 8A", "unit_id": "U-8A", "z_min": 21.0, "z_max": 24.0, "height": 3.0, "color": "#3b82f6", "use_type": "Residential", "status": "PROVISIONAL", "area_sqm": 201.9, "confidence": 0.9}}, {"type": "Feature", "geometry": {"type": "Polygon", "coordinates": [[[73.8319301, 18.5359198], [73.8319573, 18.53587], [73.8319388, 18.5358609], [73.8319615, 18.5358192], [73.8319801, 18.5358283], [73.8320064, 18.53578], [73.8318609, 18.535708571495107], [73.8318609, 18.53588582850489], [73.8319301, 18.5359198]]]}, "properties": {"three_d_property_id": "27-21-11-538-000682-B001-F08-U082", "UIPIN": "27-21-11-538-000682-B001-F08-U082", "ULPIN": "27-21-11-538-000682", "parent_building_id": "1X889U9W0TE52V", "building_name": "Nirman Vishnubaug", "floor_number": 8, "floor_name": "Floor 8", "unit_number": "Unit 8B", "unit_id": "U-8B", "z_min": 21.0, "z_max": 24.0, "height": 3.0, "color": "#3b82f6", "use_type": "Residential", "status": "PROVISIONAL", "area_sqm": 201.3, "confidence": 0.9}}, {"type": "Feature", "geometry": {"type": "Polygon", "coordinates": [[[73.8317917, 18.5356746], [73.831766, 18.5357218], [73.8317825, 18.5357298], [73.8317583, 18.5357741], [73.8317419, 18.535766], [73.8317154, 18.5358144], [73.8318609, 18.53588582850489], [73.8318609, 18.535708571495107], [73.8317917, 18.5356746]]]}, "properties": {"three_d_property_id": "27-21-11-538-000682-B001-F09-U091", "UIPIN": "27-21-11-538-000682-B001-F09-U091", "ULPIN": "27-21-11-538-000682", "parent_building_id": "1X889U9W0TE52V", "building_name": "Nirman Vishnubaug", "floor_number": 9, "floor_name": "Floor 9", "unit_number": "Unit 9A", "unit_id": "U-9A", "z_min": 24.0, "z_max": 27.0, "height": 3.0, "color": "#14b8a6", "use_type": "Residential", "status": "PROVISIONAL", "area_sqm": 201.9, "confidence": 0.9}}, {"type": "Feature", "geometry": {"type": "Polygon", "coordinates": [[[73.8319301, 18.5359198], [73.8319573, 18.53587], [73.8319388, 18.5358609], [73.8319615, 18.5358192], [73.8319801, 18.5358283], [73.8320064, 18.53578], [73.8318609, 18.535708571495107], [73.8318609, 18.53588582850489], [73.8319301, 18.5359198]]]}, "properties": {"three_d_property_id": "27-21-11-538-000682-B001-F09-U092", "UIPIN": "27-21-11-538-000682-B001-F09-U092", "ULPIN": "27-21-11-538-000682", "parent_building_id": "1X889U9W0TE52V", "building_name": "Nirman Vishnubaug", "floor_number": 9, "floor_name": "Floor 9", "unit_number": "Unit 9B", "unit_id": "U-9B", "z_min": 24.0, "z_max": 27.0, "height": 3.0, "color": "#14b8a6", "use_type": "Residential", "status": "PROVISIONAL", "area_sqm": 201.3, "confidence": 0.9}}, {"type": "Feature", "geometry": {"type": "Polygon", "coordinates": [[[73.8317917, 18.5356746], [73.831766, 18.5357218], [73.8317825, 18.5357298], [73.8317583, 18.5357741], [73.8317419, 18.535766], [73.8317154, 18.5358144], [73.8318609, 18.53588582850489], [73.8318609, 18.535708571495107], [73.8317917, 18.5356746]]]}, "properties": {"three_d_property_id": "27-21-11-538-000682-B001-F10-U101", "UIPIN": "27-21-11-538-000682-B001-F10-U101", "ULPIN": "27-21-11-538-000682", "parent_building_id": "1X889U9W0TE52V", "building_name": "Nirman Vishnubaug", "floor_number": 10, "floor_name": "Floor 10", "unit_number": "Unit 10A", "unit_id": "U-10A", "z_min": 27.0, "z_max": 30.0, "height": 3.0, "color": "#f97316", "use_type": "Residential", "status": "PROVISIONAL", "area_sqm": 201.9, "confidence": 0.9}}, {"type": "Feature", "geometry": {"type": "Polygon", "coordinates": [[[73.8319301, 18.5359198], [73.8319573, 18.53587], [73.8319388, 18.5358609], [73.8319615, 18.5358192], [73.8319801, 18.5358283], [73.8320064, 18.53578], [73.8318609, 18.535708571495107], [73.8318609, 18.53588582850489], [73.8319301, 18.5359198]]]}, "properties": {"three_d_property_id": "27-21-11-538-000682-B001-F10-U102", "UIPIN": "27-21-11-538-000682-B001-F10-U102", "ULPIN": "27-21-11-538-000682", "parent_building_id": "1X889U9W0TE52V", "building_name": "Nirman Vishnubaug", "floor_number": 10, "floor_name": "Floor 10", "unit_number": "Unit 10B", "unit_id": "U-10B", "z_min": 27.0, "z_max": 30.0, "height": 3.0, "color": "#f97316", "use_type": "Residential", "status": "PROVISIONAL", "area_sqm": 201.3, "confidence": 0.9}}, {"type": "Feature", "geometry": {"type": "Polygon", "coordinates": [[[73.8317917, 18.5356746], [73.831766, 18.5357218], [73.8317825, 18.5357298], [73.8317583, 18.5357741], [73.8317419, 18.535766], [73.8317154, 18.5358144], [73.8318609, 18.53588582850489], [73.8318609, 18.535708571495107], [73.8317917, 18.5356746]]]}, "properties": {"three_d_property_id": "27-21-11-538-000682-B001-F11-U111", "UIPIN": "27-21-11-538-000682-B001-F11-U111", "ULPIN": "27-21-11-538-000682", "parent_building_id": "1X889U9W0TE52V", "building_name": "Nirman Vishnubaug", "floor_number": 11, "floor_name": "Floor 11", "unit_number": "Unit 11A", "unit_id": "U-11A", "z_min": 30.0, "z_max": 33.0, "height": 3.0, "color": "#8b5cf6", "use_type": "Residential", "status": "PROVISIONAL", "area_sqm": 201.9, "confidence": 0.9}}, {"type": "Feature", "geometry": {"type": "Polygon", "coordinates": [[[73.8319301, 18.5359198], [73.8319573, 18.53587], [73.8319388, 18.5358609], [73.8319615, 18.5358192], [73.8319801, 18.5358283], [73.8320064, 18.53578], [73.8318609, 18.535708571495107], [73.8318609, 18.53588582850489], [73.8319301, 18.5359198]]]}, "properties": {"three_d_property_id": "27-21-11-538-000682-B001-F11-U112", "UIPIN": "27-21-11-538-000682-B001-F11-U112", "ULPIN": "27-21-11-538-000682", "parent_building_id": "1X889U9W0TE52V", "building_name": "Nirman Vishnubaug", "floor_number": 11, "floor_name": "Floor 11", "unit_number": "Unit 11B", "unit_id": "U-11B", "z_min": 30.0, "z_max": 33.0, "height": 3.0, "color": "#8b5cf6", "use_type": "Residential", "status": "PROVISIONAL", "area_sqm": 201.3, "confidence": 0.9}}, {"type": "Feature", "geometry": {"type": "Polygon", "coordinates": [[[73.8317917, 18.5356746], [73.831766, 18.5357218], [73.8317825, 18.5357298], [73.8317583, 18.5357741], [73.8317419, 18.535766], [73.8317154, 18.5358144], [73.8318609, 18.53588582850489], [73.8318609, 18.535708571495107], [73.8317917, 18.5356746]]]}, "properties": {"three_d_property_id": "27-21-11-538-000682-B001-F12-U121", "UIPIN": "27-21-11-538-000682-B001-F12-U121", "ULPIN": "27-21-11-538-000682", "parent_building_id": "1X889U9W0TE52V", "building_name": "Nirman Vishnubaug", "floor_number": 12, "floor_name": "Floor 12", "unit_number": "Unit 12A", "unit_id": "U-12A", "z_min": 33.0, "z_max": 36.0, "height": 3.0, "color": "#ec4899", "use_type": "Residential", "status": "PROVISIONAL", "area_sqm": 201.9, "confidence": 0.9}}, {"type": "Feature", "geometry": {"type": "Polygon", "coordinates": [[[73.8319301, 18.5359198], [73.8319573, 18.53587], [73.8319388, 18.5358609], [73.8319615, 18.5358192], [73.8319801, 18.5358283], [73.8320064, 18.53578], [73.8318609, 18.535708571495107], [73.8318609, 18.53588582850489], [73.8319301, 18.5359198]]]}, "properties": {"three_d_property_id": "27-21-11-538-000682-B001-F12-U122", "UIPIN": "27-21-11-538-000682-B001-F12-U122", "ULPIN": "27-21-11-538-000682", "parent_building_id": "1X889U9W0TE52V", "building_name": "Nirman Vishnubaug", "floor_number": 12, "floor_name": "Floor 12", "unit_number": "Unit 12B", "unit_id": "U-12B", "z_min": 33.0, "z_max": 36.0, "height": 3.0, "color": "#ec4899", "use_type": "Residential", "status": "PROVISIONAL", "area_sqm": 201.3, "confidence": 0.9}}, {"type": "Feature", "geometry": {"type": "Polygon", "coordinates": [[[73.8166181, 18.553941], [73.8166449, 18.5539425], [73.8166509, 18.5538493], [73.816492, 18.5538401], [73.81648373525097, 18.55396905], [73.81661630430463, 18.55396905], [73.8166181, 18.553941]]]}, "properties": {"three_d_property_id": "27-21-15-238-000690-B001-F00-U001", "UIPIN": "27-21-15-238-000690-B001-F00-U001", "ULPIN": "27-21-15-238-000690", "parent_building_id": "HSUWDKEJP5K791", "building_name": "Rachana Blossom", "floor_number": -1, "floor_name": "Basement / Parking", "unit_number": "Parking Bay P-01", "unit_id": "P01", "z_min": -3.0, "z_max": 0.0, "height": 3.0, "color": "#64748b", "use_type": "Parking / Storage", "status": "VERIFIED", "area_sqm": 213.0, "confidence": 0.95}}, {"type": "Feature", "geometry": {"type": "Polygon", "coordinates": [[[73.8164837, 18.5539696], [73.8165063, 18.5539709], [73.8165034, 18.5540162], [73.8164614, 18.5540138], [73.8164567, 18.5540877], [73.8166349, 18.554098], [73.8166391, 18.5540332], [73.8166123, 18.5540316], [73.81661630430463, 18.55396905], [73.81648373525097, 18.55396905], [73.8164837, 18.5539696]]]}, "properties": {"three_d_property_id": "27-21-15-238-000690-B001-F00-U002", "UIPIN": "27-21-15-238-000690-B001-F00-U002", "ULPIN": "27-21-15-238-000690", "parent_building_id": "HSUWDKEJP5K791", "building_name": "Rachana Blossom", "floor_number": -1, "floor_name": "Basement / Parking", "unit_number": "Parking Bay P-02", "unit_id": "P02", "z_min": -3.0, "z_max": 0.0, "height": 3.0, "color": "#64748b", "use_type": "Parking / Storage", "status": "VERIFIED", "area_sqm": 206.7, "confidence": 0.95}}, {"type": "Feature", "geometry": {"type": "Polygon", "coordinates": [[[73.8166181, 18.553941], [73.8166449, 18.5539425], [73.8166509, 18.5538493], [73.816492, 18.5538401], [73.81648373525097, 18.55396905], [73.81661630430463, 18.55396905], [73.8166181, 18.553941]]]}, "properties": {"three_d_property_id": "27-21-15-238-000690-B001-F01-U011", "UIPIN": "27-21-15-238-000690-B001-F01-U011", "ULPIN": "27-21-15-238-000690", "parent_building_id": "HSUWDKEJP5K791", "building_name": "Rachana Blossom", "floor_number": 1, "floor_name": "Floor 1", "unit_number": "Unit 1A", "unit_id": "U-1A", "z_min": 0.0, "z_max": 3.0, "height": 3.0, "color": "#f59e0b", "use_type": "Residential", "status": "VERIFIED", "area_sqm": 213.0, "confidence": 0.96}}, {"type": "Feature", "geometry": {"type": "Polygon", "coordinates": [[[73.8164837, 18.5539696], [73.8165063, 18.5539709], [73.8165034, 18.5540162], [73.8164614, 18.5540138], [73.8164567, 18.5540877], [73.8166349, 18.554098], [73.8166391, 18.5540332], [73.8166123, 18.5540316], [73.81661630430463, 18.55396905], [73.81648373525097, 18.55396905], [73.8164837, 18.5539696]]]}, "properties": {"three_d_property_id": "27-21-15-238-000690-B001-F01-U012", "UIPIN": "27-21-15-238-000690-B001-F01-U012", "ULPIN": "27-21-15-238-000690", "parent_building_id": "HSUWDKEJP5K791", "building_name": "Rachana Blossom", "floor_number": 1, "floor_name": "Floor 1", "unit_number": "Unit 1B", "unit_id": "U-1B", "z_min": 0.0, "z_max": 3.0, "height": 3.0, "color": "#f59e0b", "use_type": "Residential", "status": "VERIFIED", "area_sqm": 206.7, "confidence": 0.96}}, {"type": "Feature", "geometry": {"type": "Polygon", "coordinates": [[[73.8166181, 18.553941], [73.8166449, 18.5539425], [73.8166509, 18.5538493], [73.816492, 18.5538401], [73.81648373525097, 18.55396905], [73.81661630430463, 18.55396905], [73.8166181, 18.553941]]]}, "properties": {"three_d_property_id": "27-21-15-238-000690-B001-F02-U021", "UIPIN": "27-21-15-238-000690-B001-F02-U021", "ULPIN": "27-21-15-238-000690", "parent_building_id": "HSUWDKEJP5K791", "building_name": "Rachana Blossom", "floor_number": 2, "floor_name": "Floor 2", "unit_number": "Unit 2A", "unit_id": "U-2A", "z_min": 3.0, "z_max": 6.0, "height": 3.0, "color": "#10b981", "use_type": "Residential", "status": "VERIFIED", "area_sqm": 213.0, "confidence": 0.96}}, {"type": "Feature", "geometry": {"type": "Polygon", "coordinates": [[[73.8164837, 18.5539696], [73.8165063, 18.5539709], [73.8165034, 18.5540162], [73.8164614, 18.5540138], [73.8164567, 18.5540877], [73.8166349, 18.554098], [73.8166391, 18.5540332], [73.8166123, 18.5540316], [73.81661630430463, 18.55396905], [73.81648373525097, 18.55396905], [73.8164837, 18.5539696]]]}, "properties": {"three_d_property_id": "27-21-15-238-000690-B001-F02-U022", "UIPIN": "27-21-15-238-000690-B001-F02-U022", "ULPIN": "27-21-15-238-000690", "parent_building_id": "HSUWDKEJP5K791", "building_name": "Rachana Blossom", "floor_number": 2, "floor_name": "Floor 2", "unit_number": "Unit 2B", "unit_id": "U-2B", "z_min": 3.0, "z_max": 6.0, "height": 3.0, "color": "#10b981", "use_type": "Residential", "status": "VERIFIED", "area_sqm": 206.7, "confidence": 0.96}}, {"type": "Feature", "geometry": {"type": "Polygon", "coordinates": [[[73.8166181, 18.553941], [73.8166449, 18.5539425], [73.8166509, 18.5538493], [73.816492, 18.5538401], [73.81648373525097, 18.55396905], [73.81661630430463, 18.55396905], [73.8166181, 18.553941]]]}, "properties": {"three_d_property_id": "27-21-15-238-000690-B001-F03-U031", "UIPIN": "27-21-15-238-000690-B001-F03-U031", "ULPIN": "27-21-15-238-000690", "parent_building_id": "HSUWDKEJP5K791", "building_name": "Rachana Blossom", "floor_number": 3, "floor_name": "Floor 3", "unit_number": "Unit 3A", "unit_id": "U-3A", "z_min": 6.0, "z_max": 9.0, "height": 3.0, "color": "#0ea5e9", "use_type": "Residential", "status": "PROVISIONAL", "area_sqm": 213.0, "confidence": 0.9}}, {"type": "Feature", "geometry": {"type": "Polygon", "coordinates": [[[73.8164837, 18.5539696], [73.8165063, 18.5539709], [73.8165034, 18.5540162], [73.8164614, 18.5540138], [73.8164567, 18.5540877], [73.8166349, 18.554098], [73.8166391, 18.5540332], [73.8166123, 18.5540316], [73.81661630430463, 18.55396905], [73.81648373525097, 18.55396905], [73.8164837, 18.5539696]]]}, "properties": {"three_d_property_id": "27-21-15-238-000690-B001-F03-U032", "UIPIN": "27-21-15-238-000690-B001-F03-U032", "ULPIN": "27-21-15-238-000690", "parent_building_id": "HSUWDKEJP5K791", "building_name": "Rachana Blossom", "floor_number": 3, "floor_name": "Floor 3", "unit_number": "Unit 3B", "unit_id": "U-3B", "z_min": 6.0, "z_max": 9.0, "height": 3.0, "color": "#0ea5e9", "use_type": "Residential", "status": "PROVISIONAL", "area_sqm": 206.7, "confidence": 0.9}}, {"type": "Feature", "geometry": {"type": "Polygon", "coordinates": [[[73.8166181, 18.553941], [73.8166449, 18.5539425], [73.8166509, 18.5538493], [73.816492, 18.5538401], [73.81648373525097, 18.55396905], [73.81661630430463, 18.55396905], [73.8166181, 18.553941]]]}, "properties": {"three_d_property_id": "27-21-15-238-000690-B001-F04-U041", "UIPIN": "27-21-15-238-000690-B001-F04-U041", "ULPIN": "27-21-15-238-000690", "parent_building_id": "HSUWDKEJP5K791", "building_name": "Rachana Blossom", "floor_number": 4, "floor_name": "Floor 4", "unit_number": "Unit 4A", "unit_id": "U-4A", "z_min": 9.0, "z_max": 12.0, "height": 3.0, "color": "#8b5cf6", "use_type": "Residential", "status": "PROVISIONAL", "area_sqm": 213.0, "confidence": 0.9}}, {"type": "Feature", "geometry": {"type": "Polygon", "coordinates": [[[73.8164837, 18.5539696], [73.8165063, 18.5539709], [73.8165034, 18.5540162], [73.8164614, 18.5540138], [73.8164567, 18.5540877], [73.8166349, 18.554098], [73.8166391, 18.5540332], [73.8166123, 18.5540316], [73.81661630430463, 18.55396905], [73.81648373525097, 18.55396905], [73.8164837, 18.5539696]]]}, "properties": {"three_d_property_id": "27-21-15-238-000690-B001-F04-U042", "UIPIN": "27-21-15-238-000690-B001-F04-U042", "ULPIN": "27-21-15-238-000690", "parent_building_id": "HSUWDKEJP5K791", "building_name": "Rachana Blossom", "floor_number": 4, "floor_name": "Floor 4", "unit_number": "Unit 4B", "unit_id": "U-4B", "z_min": 9.0, "z_max": 12.0, "height": 3.0, "color": "#8b5cf6", "use_type": "Residential", "status": "PROVISIONAL", "area_sqm": 206.7, "confidence": 0.9}}, {"type": "Feature", "geometry": {"type": "Polygon", "coordinates": [[[73.8166181, 18.553941], [73.8166449, 18.5539425], [73.8166509, 18.5538493], [73.816492, 18.5538401], [73.81648373525097, 18.55396905], [73.81661630430463, 18.55396905], [73.8166181, 18.553941]]]}, "properties": {"three_d_property_id": "27-21-15-238-000690-B001-F05-U051", "UIPIN": "27-21-15-238-000690-B001-F05-U051", "ULPIN": "27-21-15-238-000690", "parent_building_id": "HSUWDKEJP5K791", "building_name": "Rachana Blossom", "floor_number": 5, "floor_name": "Floor 5", "unit_number": "Unit 5A", "unit_id": "U-5A", "z_min": 12.0, "z_max": 15.0, "height": 3.0, "color": "#ec4899", "use_type": "Residential", "status": "PROVISIONAL", "area_sqm": 213.0, "confidence": 0.9}}, {"type": "Feature", "geometry": {"type": "Polygon", "coordinates": [[[73.8164837, 18.5539696], [73.8165063, 18.5539709], [73.8165034, 18.5540162], [73.8164614, 18.5540138], [73.8164567, 18.5540877], [73.8166349, 18.554098], [73.8166391, 18.5540332], [73.8166123, 18.5540316], [73.81661630430463, 18.55396905], [73.81648373525097, 18.55396905], [73.8164837, 18.5539696]]]}, "properties": {"three_d_property_id": "27-21-15-238-000690-B001-F05-U052", "UIPIN": "27-21-15-238-000690-B001-F05-U052", "ULPIN": "27-21-15-238-000690", "parent_building_id": "HSUWDKEJP5K791", "building_name": "Rachana Blossom", "floor_number": 5, "floor_name": "Floor 5", "unit_number": "Unit 5B", "unit_id": "U-5B", "z_min": 12.0, "z_max": 15.0, "height": 3.0, "color": "#ec4899", "use_type": "Residential", "status": "PROVISIONAL", "area_sqm": 206.7, "confidence": 0.9}}, {"type": "Feature", "geometry": {"type": "Polygon", "coordinates": [[[73.8166181, 18.553941], [73.8166449, 18.5539425], [73.8166509, 18.5538493], [73.816492, 18.5538401], [73.81648373525097, 18.55396905], [73.81661630430463, 18.55396905], [73.8166181, 18.553941]]]}, "properties": {"three_d_property_id": "27-21-15-238-000690-B001-F06-U061", "UIPIN": "27-21-15-238-000690-B001-F06-U061", "ULPIN": "27-21-15-238-000690", "parent_building_id": "HSUWDKEJP5K791", "building_name": "Rachana Blossom", "floor_number": 6, "floor_name": "Floor 6", "unit_number": "Unit 6A", "unit_id": "U-6A", "z_min": 15.0, "z_max": 18.0, "height": 3.0, "color": "#6366f1", "use_type": "Residential", "status": "PROVISIONAL", "area_sqm": 213.0, "confidence": 0.9}}, {"type": "Feature", "geometry": {"type": "Polygon", "coordinates": [[[73.8164837, 18.5539696], [73.8165063, 18.5539709], [73.8165034, 18.5540162], [73.8164614, 18.5540138], [73.8164567, 18.5540877], [73.8166349, 18.554098], [73.8166391, 18.5540332], [73.8166123, 18.5540316], [73.81661630430463, 18.55396905], [73.81648373525097, 18.55396905], [73.8164837, 18.5539696]]]}, "properties": {"three_d_property_id": "27-21-15-238-000690-B001-F06-U062", "UIPIN": "27-21-15-238-000690-B001-F06-U062", "ULPIN": "27-21-15-238-000690", "parent_building_id": "HSUWDKEJP5K791", "building_name": "Rachana Blossom", "floor_number": 6, "floor_name": "Floor 6", "unit_number": "Unit 6B", "unit_id": "U-6B", "z_min": 15.0, "z_max": 18.0, "height": 3.0, "color": "#6366f1", "use_type": "Residential", "status": "PROVISIONAL", "area_sqm": 206.7, "confidence": 0.9}}, {"type": "Feature", "geometry": {"type": "Polygon", "coordinates": [[[73.8166137, 18.5541731], [73.8164632, 18.5541744], [73.81646786332533, 18.55425705], [73.81661979720889, 18.55425705], [73.8166137, 18.5541731]]]}, "properties": {"three_d_property_id": "27-21-13-534-000693-B001-F00-U001", "UIPIN": "27-21-13-534-000693-B001-F00-U001", "ULPIN": "27-21-13-534-000693", "parent_building_id": "C20LSJWS1ZL7P7", "building_name": "Amrapali Apartments", "floor_number": -1, "floor_name": "Basement / Parking", "unit_number": "Parking Bay P-01", "unit_id": "P01", "z_min": -3.0, "z_max": 0.0, "height": 3.0, "color": "#64748b", "use_type": "Parking / Storage", "status": "VERIFIED", "area_sqm": 140.5, "confidence": 0.95}}, {"type": "Feature", "geometry": {"type": "Polygon", "coordinates": [[[73.8164726, 18.554341], [73.8166258, 18.5543397], [73.81661979720889, 18.55425705], [73.81646786332533, 18.55425705], [73.8164726, 18.554341]]]}, "properties": {"three_d_property_id": "27-21-13-534-000693-B001-F00-U002", "UIPIN": "27-21-13-534-000693-B001-F00-U002", "ULPIN": "27-21-13-534-000693", "parent_building_id": "C20LSJWS1ZL7P7", "building_name": "Amrapali Apartments", "floor_number": -1, "floor_name": "Basement / Parking", "unit_number": "Parking Bay P-02", "unit_id": "P02", "z_min": -3.0, "z_max": 0.0, "height": 3.0, "color": "#64748b", "use_type": "Parking / Storage", "status": "VERIFIED", "area_sqm": 141.8, "confidence": 0.95}}, {"type": "Feature", "geometry": {"type": "Polygon", "coordinates": [[[73.8166137, 18.5541731], [73.8164632, 18.5541744], [73.81646786332533, 18.55425705], [73.81661979720889, 18.55425705], [73.8166137, 18.5541731]]]}, "properties": {"three_d_property_id": "27-21-13-534-000693-B001-F01-U011", "UIPIN": "27-21-13-534-000693-B001-F01-U011", "ULPIN": "27-21-13-534-000693", "parent_building_id": "C20LSJWS1ZL7P7", "building_name": "Amrapali Apartments", "floor_number": 1, "floor_name": "Floor 1", "unit_number": "Unit 1A", "unit_id": "U-1A", "z_min": 0.0, "z_max": 3.0, "height": 3.0, "color": "#f59e0b", "use_type": "Residential", "status": "VERIFIED", "area_sqm": 140.5, "confidence": 0.96}}, {"type": "Feature", "geometry": {"type": "Polygon", "coordinates": [[[73.8164726, 18.554341], [73.8166258, 18.5543397], [73.81661979720889, 18.55425705], [73.81646786332533, 18.55425705], [73.8164726, 18.554341]]]}, "properties": {"three_d_property_id": "27-21-13-534-000693-B001-F01-U012", "UIPIN": "27-21-13-534-000693-B001-F01-U012", "ULPIN": "27-21-13-534-000693", "parent_building_id": "C20LSJWS1ZL7P7", "building_name": "Amrapali Apartments", "floor_number": 1, "floor_name": "Floor 1", "unit_number": "Unit 1B", "unit_id": "U-1B", "z_min": 0.0, "z_max": 3.0, "height": 3.0, "color": "#f59e0b", "use_type": "Residential", "status": "VERIFIED", "area_sqm": 141.8, "confidence": 0.96}}, {"type": "Feature", "geometry": {"type": "Polygon", "coordinates": [[[73.8166137, 18.5541731], [73.8164632, 18.5541744], [73.81646786332533, 18.55425705], [73.81661979720889, 18.55425705], [73.8166137, 18.5541731]]]}, "properties": {"three_d_property_id": "27-21-13-534-000693-B001-F02-U021", "UIPIN": "27-21-13-534-000693-B001-F02-U021", "ULPIN": "27-21-13-534-000693", "parent_building_id": "C20LSJWS1ZL7P7", "building_name": "Amrapali Apartments", "floor_number": 2, "floor_name": "Floor 2", "unit_number": "Unit 2A", "unit_id": "U-2A", "z_min": 3.0, "z_max": 6.0, "height": 3.0, "color": "#10b981", "use_type": "Residential", "status": "VERIFIED", "area_sqm": 140.5, "confidence": 0.96}}, {"type": "Feature", "geometry": {"type": "Polygon", "coordinates": [[[73.8164726, 18.554341], [73.8166258, 18.5543397], [73.81661979720889, 18.55425705], [73.81646786332533, 18.55425705], [73.8164726, 18.554341]]]}, "properties": {"three_d_property_id": "27-21-13-534-000693-B001-F02-U022", "UIPIN": "27-21-13-534-000693-B001-F02-U022", "ULPIN": "27-21-13-534-000693", "parent_building_id": "C20LSJWS1ZL7P7", "building_name": "Amrapali Apartments", "floor_number": 2, "floor_name": "Floor 2", "unit_number": "Unit 2B", "unit_id": "U-2B", "z_min": 3.0, "z_max": 6.0, "height": 3.0, "color": "#10b981", "use_type": "Residential", "status": "VERIFIED", "area_sqm": 141.8, "confidence": 0.96}}, {"type": "Feature", "geometry": {"type": "Polygon", "coordinates": [[[73.8166137, 18.5541731], [73.8164632, 18.5541744], [73.81646786332533, 18.55425705], [73.81661979720889, 18.55425705], [73.8166137, 18.5541731]]]}, "properties": {"three_d_property_id": "27-21-13-534-000693-B001-F03-U031", "UIPIN": "27-21-13-534-000693-B001-F03-U031", "ULPIN": "27-21-13-534-000693", "parent_building_id": "C20LSJWS1ZL7P7", "building_name": "Amrapali Apartments", "floor_number": 3, "floor_name": "Floor 3", "unit_number": "Unit 3A", "unit_id": "U-3A", "z_min": 6.0, "z_max": 9.0, "height": 3.0, "color": "#0ea5e9", "use_type": "Residential", "status": "PROVISIONAL", "area_sqm": 140.5, "confidence": 0.9}}, {"type": "Feature", "geometry": {"type": "Polygon", "coordinates": [[[73.8164726, 18.554341], [73.8166258, 18.5543397], [73.81661979720889, 18.55425705], [73.81646786332533, 18.55425705], [73.8164726, 18.554341]]]}, "properties": {"three_d_property_id": "27-21-13-534-000693-B001-F03-U032", "UIPIN": "27-21-13-534-000693-B001-F03-U032", "ULPIN": "27-21-13-534-000693", "parent_building_id": "C20LSJWS1ZL7P7", "building_name": "Amrapali Apartments", "floor_number": 3, "floor_name": "Floor 3", "unit_number": "Unit 3B", "unit_id": "U-3B", "z_min": 6.0, "z_max": 9.0, "height": 3.0, "color": "#0ea5e9", "use_type": "Residential", "status": "PROVISIONAL", "area_sqm": 141.8, "confidence": 0.9}}, {"type": "Feature", "geometry": {"type": "Polygon", "coordinates": [[[73.8166137, 18.5541731], [73.8164632, 18.5541744], [73.81646786332533, 18.55425705], [73.81661979720889, 18.55425705], [73.8166137, 18.5541731]]]}, "properties": {"three_d_property_id": "27-21-13-534-000693-B001-F04-U041", "UIPIN": "27-21-13-534-000693-B001-F04-U041", "ULPIN": "27-21-13-534-000693", "parent_building_id": "C20LSJWS1ZL7P7", "building_name": "Amrapali Apartments", "floor_number": 4, "floor_name": "Floor 4", "unit_number": "Unit 4A", "unit_id": "U-4A", "z_min": 9.0, "z_max": 12.0, "height": 3.0, "color": "#8b5cf6", "use_type": "Residential", "status": "PROVISIONAL", "area_sqm": 140.5, "confidence": 0.9}}, {"type": "Feature", "geometry": {"type": "Polygon", "coordinates": [[[73.8164726, 18.554341], [73.8166258, 18.5543397], [73.81661979720889, 18.55425705], [73.81646786332533, 18.55425705], [73.8164726, 18.554341]]]}, "properties": {"three_d_property_id": "27-21-13-534-000693-B001-F04-U042", "UIPIN": "27-21-13-534-000693-B001-F04-U042", "ULPIN": "27-21-13-534-000693", "parent_building_id": "C20LSJWS1ZL7P7", "building_name": "Amrapali Apartments", "floor_number": 4, "floor_name": "Floor 4", "unit_number": "Unit 4B", "unit_id": "U-4B", "z_min": 9.0, "z_max": 12.0, "height": 3.0, "color": "#8b5cf6", "use_type": "Residential", "status": "PROVISIONAL", "area_sqm": 141.8, "confidence": 0.9}}, {"type": "Feature", "geometry": {"type": "Polygon", "coordinates": [[[73.8166137, 18.5541731], [73.8164632, 18.5541744], [73.81646786332533, 18.55425705], [73.81661979720889, 18.55425705], [73.8166137, 18.5541731]]]}, "properties": {"three_d_property_id": "27-21-13-534-000693-B001-F05-U051", "UIPIN": "27-21-13-534-000693-B001-F05-U051", "ULPIN": "27-21-13-534-000693", "parent_building_id": "C20LSJWS1ZL7P7", "building_name": "Amrapali Apartments", "floor_number": 5, "floor_name": "Floor 5", "unit_number": "Unit 5A", "unit_id": "U-5A", "z_min": 12.0, "z_max": 15.0, "height": 3.0, "color": "#ec4899", "use_type": "Residential", "status": "PROVISIONAL", "area_sqm": 140.5, "confidence": 0.9}}, {"type": "Feature", "geometry": {"type": "Polygon", "coordinates": [[[73.8164726, 18.554341], [73.8166258, 18.5543397], [73.81661979720889, 18.55425705], [73.81646786332533, 18.55425705], [73.8164726, 18.554341]]]}, "properties": {"three_d_property_id": "27-21-13-534-000693-B001-F05-U052", "UIPIN": "27-21-13-534-000693-B001-F05-U052", "ULPIN": "27-21-13-534-000693", "parent_building_id": "C20LSJWS1ZL7P7", "building_name": "Amrapali Apartments", "floor_number": 5, "floor_name": "Floor 5", "unit_number": "Unit 5B", "unit_id": "U-5B", "z_min": 12.0, "z_max": 15.0, "height": 3.0, "color": "#ec4899", "use_type": "Residential", "status": "PROVISIONAL", "area_sqm": 141.8, "confidence": 0.9}}, {"type": "Feature", "geometry": {"type": "Polygon", "coordinates": [[[73.8303889, 18.5386527], [73.830374, 18.5386381], [73.8303945, 18.5385859], [73.8302611, 18.5385368], [73.83019092935685, 18.53867155], [73.83038150153584, 18.53867155], [73.8303889, 18.5386527]]]}, "properties": {"three_d_property_id": "27-21-13-349-000943-B001-F00-U001", "UIPIN": "27-21-13-349-000943-B001-F00-U001", "ULPIN": "27-21-13-349-000943", "parent_building_id": "NM0ALQEDS1VRTT", "building_name": "INDRAPRASTHA KARYALAY", "floor_number": -1, "floor_name": "Basement / Parking", "unit_number": "Parking Bay P-01", "unit_id": "P01", "z_min": -3.0, "z_max": 0.0, "height": 3.0, "color": "#64748b", "use_type": "Parking / Storage", "status": "VERIFIED", "area_sqm": 206.6, "confidence": 0.95}}, {"type": "Feature", "geometry": {"type": "Polygon", "coordinates": [[[73.8301607, 18.5387296], [73.8301945, 18.5387851], [73.8302661, 18.5388063], [73.8303175, 18.5387808], [73.8303362, 18.5387126], [73.8303659, 18.5387113], [73.83038150153584, 18.53867155], [73.83019092935685, 18.53867155], [73.8301607, 18.5387296]]]}, "properties": {"three_d_property_id": "27-21-13-349-000943-B001-F00-U002", "UIPIN": "27-21-13-349-000943-B001-F00-U002", "ULPIN": "27-21-13-349-000943", "parent_building_id": "NM0ALQEDS1VRTT", "building_name": "INDRAPRASTHA KARYALAY", "floor_number": -1, "floor_name": "Basement / Parking", "unit_number": "Parking Bay P-02", "unit_id": "P02", "z_min": -3.0, "z_max": 0.0, "height": 3.0, "color": "#64748b", "use_type": "Parking / Storage", "status": "VERIFIED", "area_sqm": 224.1, "confidence": 0.95}}, {"type": "Feature", "geometry": {"type": "Polygon", "coordinates": [[[73.8303889, 18.5386527], [73.830374, 18.5386381], [73.8303945, 18.5385859], [73.8302611, 18.5385368], [73.83019092935685, 18.53867155], [73.83038150153584, 18.53867155], [73.8303889, 18.5386527]]]}, "properties": {"three_d_property_id": "27-21-13-349-000943-B001-F01-U011", "UIPIN": "27-21-13-349-000943-B001-F01-U011", "ULPIN": "27-21-13-349-000943", "parent_building_id": "NM0ALQEDS1VRTT", "building_name": "INDRAPRASTHA KARYALAY", "floor_number": 1, "floor_name": "Floor 1", "unit_number": "Unit 1A", "unit_id": "U-1A", "z_min": 0.0, "z_max": 3.0, "height": 3.0, "color": "#f59e0b", "use_type": "Commercial", "status": "VERIFIED", "area_sqm": 206.6, "confidence": 0.96}}, {"type": "Feature", "geometry": {"type": "Polygon", "coordinates": [[[73.8301607, 18.5387296], [73.8301945, 18.5387851], [73.8302661, 18.5388063], [73.8303175, 18.5387808], [73.8303362, 18.5387126], [73.8303659, 18.5387113], [73.83038150153584, 18.53867155], [73.83019092935685, 18.53867155], [73.8301607, 18.5387296]]]}, "properties": {"three_d_property_id": "27-21-13-349-000943-B001-F01-U012", "UIPIN": "27-21-13-349-000943-B001-F01-U012", "ULPIN": "27-21-13-349-000943", "parent_building_id": "NM0ALQEDS1VRTT", "building_name": "INDRAPRASTHA KARYALAY", "floor_number": 1, "floor_name": "Floor 1", "unit_number": "Unit 1B", "unit_id": "U-1B", "z_min": 0.0, "z_max": 3.0, "height": 3.0, "color": "#f59e0b", "use_type": "Commercial", "status": "VERIFIED", "area_sqm": 224.1, "confidence": 0.96}}, {"type": "Feature", "geometry": {"type": "Polygon", "coordinates": [[[73.8303889, 18.5386527], [73.830374, 18.5386381], [73.8303945, 18.5385859], [73.8302611, 18.5385368], [73.83019092935685, 18.53867155], [73.83038150153584, 18.53867155], [73.8303889, 18.5386527]]]}, "properties": {"three_d_property_id": "27-21-13-349-000943-B001-F02-U021", "UIPIN": "27-21-13-349-000943-B001-F02-U021", "ULPIN": "27-21-13-349-000943", "parent_building_id": "NM0ALQEDS1VRTT", "building_name": "INDRAPRASTHA KARYALAY", "floor_number": 2, "floor_name": "Floor 2", "unit_number": "Unit 2A", "unit_id": "U-2A", "z_min": 3.0, "z_max": 6.0, "height": 3.0, "color": "#10b981", "use_type": "Commercial", "status": "VERIFIED", "area_sqm": 206.6, "confidence": 0.96}}, {"type": "Feature", "geometry": {"type": "Polygon", "coordinates": [[[73.8301607, 18.5387296], [73.8301945, 18.5387851], [73.8302661, 18.5388063], [73.8303175, 18.5387808], [73.8303362, 18.5387126], [73.8303659, 18.5387113], [73.83038150153584, 18.53867155], [73.83019092935685, 18.53867155], [73.8301607, 18.5387296]]]}, "properties": {"three_d_property_id": "27-21-13-349-000943-B001-F02-U022", "UIPIN": "27-21-13-349-000943-B001-F02-U022", "ULPIN": "27-21-13-349-000943", "parent_building_id": "NM0ALQEDS1VRTT", "building_name": "INDRAPRASTHA KARYALAY", "floor_number": 2, "floor_name": "Floor 2", "unit_number": "Unit 2B", "unit_id": "U-2B", "z_min": 3.0, "z_max": 6.0, "height": 3.0, "color": "#10b981", "use_type": "Commercial", "status": "VERIFIED", "area_sqm": 224.1, "confidence": 0.96}}, {"type": "Feature", "geometry": {"type": "Polygon", "coordinates": [[[73.8301234, 18.5454521], [73.8300557, 18.5455243], [73.83029415, 18.545724989589445], [73.83029415, 18.545595768682794], [73.8301234, 18.5454521]]]}, "properties": {"three_d_property_id": "27-21-03-884-001003-B001-F01-U011", "UIPIN": "27-21-03-884-001003-B001-F01-U011", "ULPIN": "27-21-03-884-001003", "parent_building_id": "W33A8NCXCWC0BO", "building_name": "Building W33A8N", "floor_number": 1, "floor_name": "Floor 1", "unit_number": "Unit 1A", "unit_id": "U-1A", "z_min": 0.0, "z_max": 3.0, "height": 3.0, "color": "#f59e0b", "use_type": "Commercial", "status": "VERIFIED", "area_sqm": 294.8, "confidence": 0.96}}, {"type": "Feature", "geometry": {"type": "Polygon", "coordinates": [[[73.8304649, 18.5458687], [73.8305326, 18.5457964], [73.83029415, 18.545595768682794], [73.83029415, 18.545724989589445], [73.8304649, 18.5458687]]]}, "properties": {"three_d_property_id": "27-21-03-884-001003-B001-F01-U012", "UIPIN": "27-21-03-884-001003-B001-F01-U012", "ULPIN": "27-21-03-884-001003", "parent_building_id": "W33A8NCXCWC0BO", "building_name": "Building W33A8N", "floor_number": 1, "floor_name": "Floor 1", "unit_number": "Unit 1B", "unit_id": "U-1B", "z_min": 0.0, "z_max": 3.0, "height": 3.0, "color": "#f59e0b", "use_type": "Commercial", "status": "VERIFIED", "area_sqm": 294.9, "confidence": 0.96}}, {"type": "Feature", "geometry": {"type": "Polygon", "coordinates": [[[73.8300811, 18.5459508], [73.8300177, 18.5460202], [73.830087, 18.546077], [73.83012049999999, 18.546104497109816], [73.83012049999999, 18.545983143760125], [73.8300811, 18.5459508]]]}, "properties": {"three_d_property_id": "27-21-12-966-001004-B001-F00-U001", "UIPIN": "27-21-12-966-001004-B001-F00-U001", "ULPIN": "27-21-12-966-001004", "parent_building_id": "WHUPOF0HKARPKF", "building_name": "Gents Hostel no 4", "floor_number": -1, "floor_name": "Basement / Parking", "unit_number": "Parking Bay P-01", "unit_id": "P01", "z_min": -3.0, "z_max": 0.0, "height": 3.0, "color": "#64748b", "use_type": "Parking / Storage", "status": "VERIFIED", "area_sqm": 96.2, "confidence": 0.95}}, {"type": "Feature", "geometry": {"type": "Polygon", "coordinates": [[[73.8301562, 18.5461338], [73.8301782, 18.5461098], [73.8301925, 18.5461215], [73.8302233, 18.5460878], [73.8301939, 18.5460637], [73.8302045, 18.5460521], [73.83012049999999, 18.545983143760125], [73.83012049999999, 18.546104497109816], [73.8301562, 18.5461338]]]}, "properties": {"three_d_property_id": "27-21-12-966-001004-B001-F00-U002", "UIPIN": "27-21-12-966-001004-B001-F00-U002", "ULPIN": "27-21-12-966-001004", "parent_building_id": "WHUPOF0HKARPKF", "building_name": "Gents Hostel no 4", "floor_number": -1, "floor_name": "Basement / Parking", "unit_number": "Parking Bay P-02", "unit_id": "P02", "z_min": -3.0, "z_max": 0.0, "height": 3.0, "color": "#64748b", "use_type": "Parking / Storage", "status": "VERIFIED", "area_sqm": 97.2, "confidence": 0.95}}, {"type": "Feature", "geometry": {"type": "Polygon", "coordinates": [[[73.8300811, 18.5459508], [73.8300177, 18.5460202], [73.830087, 18.546077], [73.83012049999999, 18.546104497109816], [73.83012049999999, 18.545983143760125], [73.8300811, 18.5459508]]]}, "properties": {"three_d_property_id": "27-21-12-966-001004-B001-F01-U011", "UIPIN": "27-21-12-966-001004-B001-F01-U011", "ULPIN": "27-21-12-966-001004", "parent_building_id": "WHUPOF0HKARPKF", "building_name": "Gents Hostel no 4", "floor_number": 1, "floor_name": "Floor 1", "unit_number": "Unit 1A", "unit_id": "U-1A", "z_min": 0.0, "z_max": 3.0, "height": 3.0, "color": "#f59e0b", "use_type": "Commercial", "status": "VERIFIED", "area_sqm": 96.2, "confidence": 0.96}}, {"type": "Feature", "geometry": {"type": "Polygon", "coordinates": [[[73.8301562, 18.5461338], [73.8301782, 18.5461098], [73.8301925, 18.5461215], [73.8302233, 18.5460878], [73.8301939, 18.5460637], [73.8302045, 18.5460521], [73.83012049999999, 18.545983143760125], [73.83012049999999, 18.546104497109816], [73.8301562, 18.5461338]]]}, "properties": {"three_d_property_id": "27-21-12-966-001004-B001-F01-U012", "UIPIN": "27-21-12-966-001004-B001-F01-U012", "ULPIN": "27-21-12-966-001004", "parent_building_id": "WHUPOF0HKARPKF", "building_name": "Gents Hostel no 4", "floor_number": 1, "floor_name": "Floor 1", "unit_number": "Unit 1B", "unit_id": "U-1B", "z_min": 0.0, "z_max": 3.0, "height": 3.0, "color": "#f59e0b", "use_type": "Commercial", "status": "VERIFIED", "area_sqm": 97.2, "confidence": 0.96}}, {"type": "Feature", "geometry": {"type": "Polygon", "coordinates": [[[73.8300811, 18.5459508], [73.8300177, 18.5460202], [73.830087, 18.546077], [73.83012049999999, 18.546104497109816], [73.83012049999999, 18.545983143760125], [73.8300811, 18.5459508]]]}, "properties": {"three_d_property_id": "27-21-12-966-001004-B001-F02-U021", "UIPIN": "27-21-12-966-001004-B001-F02-U021", "ULPIN": "27-21-12-966-001004", "parent_building_id": "WHUPOF0HKARPKF", "building_name": "Gents Hostel no 4", "floor_number": 2, "floor_name": "Floor 2", "unit_number": "Unit 2A", "unit_id": "U-2A", "z_min": 3.0, "z_max": 6.0, "height": 3.0, "color": "#10b981", "use_type": "Commercial", "status": "VERIFIED", "area_sqm": 96.2, "confidence": 0.96}}, {"type": "Feature", "geometry": {"type": "Polygon", "coordinates": [[[73.8301562, 18.5461338], [73.8301782, 18.5461098], [73.8301925, 18.5461215], [73.8302233, 18.5460878], [73.8301939, 18.5460637], [73.8302045, 18.5460521], [73.83012049999999, 18.545983143760125], [73.83012049999999, 18.546104497109816], [73.8301562, 18.5461338]]]}, "properties": {"three_d_property_id": "27-21-12-966-001004-B001-F02-U022", "UIPIN": "27-21-12-966-001004-B001-F02-U022", "ULPIN": "27-21-12-966-001004", "parent_building_id": "WHUPOF0HKARPKF", "building_name": "Gents Hostel no 4", "floor_number": 2, "floor_name": "Floor 2", "unit_number": "Unit 2B", "unit_id": "U-2B", "z_min": 3.0, "z_max": 6.0, "height": 3.0, "color": "#10b981", "use_type": "Commercial", "status": "VERIFIED", "area_sqm": 97.2, "confidence": 0.96}}, {"type": "Feature", "geometry": {"type": "Polygon", "coordinates": [[[73.8300811, 18.5459508], [73.8300177, 18.5460202], [73.830087, 18.546077], [73.83012049999999, 18.546104497109816], [73.83012049999999, 18.545983143760125], [73.8300811, 18.5459508]]]}, "properties": {"three_d_property_id": "27-21-12-966-001004-B001-F03-U031", "UIPIN": "27-21-12-966-001004-B001-F03-U031", "ULPIN": "27-21-12-966-001004", "parent_building_id": "WHUPOF0HKARPKF", "building_name": "Gents Hostel no 4", "floor_number": 3, "floor_name": "Floor 3", "unit_number": "Unit 3A", "unit_id": "U-3A", "z_min": 6.0, "z_max": 9.0, "height": 3.0, "color": "#0ea5e9", "use_type": "Commercial", "status": "PROVISIONAL", "area_sqm": 96.2, "confidence": 0.9}}, {"type": "Feature", "geometry": {"type": "Polygon", "coordinates": [[[73.8301562, 18.5461338], [73.8301782, 18.5461098], [73.8301925, 18.5461215], [73.8302233, 18.5460878], [73.8301939, 18.5460637], [73.8302045, 18.5460521], [73.83012049999999, 18.545983143760125], [73.83012049999999, 18.546104497109816], [73.8301562, 18.5461338]]]}, "properties": {"three_d_property_id": "27-21-12-966-001004-B001-F03-U032", "UIPIN": "27-21-12-966-001004-B001-F03-U032", "ULPIN": "27-21-12-966-001004", "parent_building_id": "WHUPOF0HKARPKF", "building_name": "Gents Hostel no 4", "floor_number": 3, "floor_name": "Floor 3", "unit_number": "Unit 3B", "unit_id": "U-3B", "z_min": 6.0, "z_max": 9.0, "height": 3.0, "color": "#0ea5e9", "use_type": "Commercial", "status": "PROVISIONAL", "area_sqm": 97.2, "confidence": 0.9}}, {"type": "Feature", "geometry": {"type": "Polygon", "coordinates": [[[73.8236003, 18.5458076], [73.8234296, 18.5458144], [73.82344084956335, 18.546068650000002], [73.82361190109644, 18.546068650000002], [73.8236003, 18.5458076]]]}, "properties": {"three_d_property_id": "27-21-03-886-001008-B001-F00-U001", "UIPIN": "27-21-03-886-001008-B001-F00-U001", "ULPIN": "27-21-03-886-001008", "parent_building_id": "ISYERUMEHCYKJB", "building_name": "Sampada", "floor_number": -1, "floor_name": "Basement / Parking", "unit_number": "Parking Bay P-01", "unit_id": "P01", "z_min": -3.0, "z_max": 0.0, "height": 3.0, "color": "#64748b", "use_type": "Parking / Storage", "status": "VERIFIED", "area_sqm": 491.4, "confidence": 0.95}}, {"type": "Feature", "geometry": {"type": "Polygon", "coordinates": [[[73.8234524, 18.5463297], [73.8236232, 18.5463229], [73.82361190109644, 18.546068650000002], [73.82344084956335, 18.546068650000002], [73.8234524, 18.5463297]]]}, "properties": {"three_d_property_id": "27-21-03-886-001008-B001-F00-U002", "UIPIN": "27-21-03-886-001008-B001-F00-U002", "ULPIN": "27-21-03-886-001008", "parent_building_id": "ISYERUMEHCYKJB", "building_name": "Sampada", "floor_number": -1, "floor_name": "Basement / Parking", "unit_number": "Parking Bay P-02", "unit_id": "P02", "z_min": -3.0, "z_max": 0.0, "height": 3.0, "color": "#64748b", "use_type": "Parking / Storage", "status": "VERIFIED", "area_sqm": 491.6, "confidence": 0.95}}, {"type": "Feature", "geometry": {"type": "Polygon", "coordinates": [[[73.8236003, 18.5458076], [73.8234296, 18.5458144], [73.82344084956335, 18.546068650000002], [73.82361190109644, 18.546068650000002], [73.8236003, 18.5458076]]]}, "properties": {"three_d_property_id": "27-21-03-886-001008-B001-F01-U011", "UIPIN": "27-21-03-886-001008-B001-F01-U011", "ULPIN": "27-21-03-886-001008", "parent_building_id": "ISYERUMEHCYKJB", "building_name": "Sampada", "floor_number": 1, "floor_name": "Floor 1", "unit_number": "Unit 1A", "unit_id": "U-1A", "z_min": 0.0, "z_max": 3.0, "height": 3.0, "color": "#f59e0b", "use_type": "Commercial", "status": "VERIFIED", "area_sqm": 491.4, "confidence": 0.96}}, {"type": "Feature", "geometry": {"type": "Polygon", "coordinates": [[[73.8234524, 18.5463297], [73.8236232, 18.5463229], [73.82361190109644, 18.546068650000002], [73.82344084956335, 18.546068650000002], [73.8234524, 18.5463297]]]}, "properties": {"three_d_property_id": "27-21-03-886-001008-B001-F01-U012", "UIPIN": "27-21-03-886-001008-B001-F01-U012", "ULPIN": "27-21-03-886-001008", "parent_building_id": "ISYERUMEHCYKJB", "building_name": "Sampada", "floor_number": 1, "floor_name": "Floor 1", "unit_number": "Unit 1B", "unit_id": "U-1B", "z_min": 0.0, "z_max": 3.0, "height": 3.0, "color": "#f59e0b", "use_type": "Commercial", "status": "VERIFIED", "area_sqm": 491.6, "confidence": 0.96}}, {"type": "Feature", "geometry": {"type": "Polygon", "coordinates": [[[73.8236003, 18.5458076], [73.8234296, 18.5458144], [73.82344084956335, 18.546068650000002], [73.82361190109644, 18.546068650000002], [73.8236003, 18.5458076]]]}, "properties": {"three_d_property_id": "27-21-03-886-001008-B001-F02-U021", "UIPIN": "27-21-03-886-001008-B001-F02-U021", "ULPIN": "27-21-03-886-001008", "parent_building_id": "ISYERUMEHCYKJB", "building_name": "Sampada", "floor_number": 2, "floor_name": "Floor 2", "unit_number": "Unit 2A", "unit_id": "U-2A", "z_min": 3.0, "z_max": 6.0, "height": 3.0, "color": "#10b981", "use_type": "Commercial", "status": "VERIFIED", "area_sqm": 491.4, "confidence": 0.96}}, {"type": "Feature", "geometry": {"type": "Polygon", "coordinates": [[[73.8234524, 18.5463297], [73.8236232, 18.5463229], [73.82361190109644, 18.546068650000002], [73.82344084956335, 18.546068650000002], [73.8234524, 18.5463297]]]}, "properties": {"three_d_property_id": "27-21-03-886-001008-B001-F02-U022", "UIPIN": "27-21-03-886-001008-B001-F02-U022", "ULPIN": "27-21-03-886-001008", "parent_building_id": "ISYERUMEHCYKJB", "building_name": "Sampada", "floor_number": 2, "floor_name": "Floor 2", "unit_number": "Unit 2B", "unit_id": "U-2B", "z_min": 3.0, "z_max": 6.0, "height": 3.0, "color": "#10b981", "use_type": "Commercial", "status": "VERIFIED", "area_sqm": 491.6, "confidence": 0.96}}, {"type": "Feature", "geometry": {"type": "Polygon", "coordinates": [[[73.8236003, 18.5458076], [73.8234296, 18.5458144], [73.82344084956335, 18.546068650000002], [73.82361190109644, 18.546068650000002], [73.8236003, 18.5458076]]]}, "properties": {"three_d_property_id": "27-21-03-886-001008-B001-F03-U031", "UIPIN": "27-21-03-886-001008-B001-F03-U031", "ULPIN": "27-21-03-886-001008", "parent_building_id": "ISYERUMEHCYKJB", "building_name": "Sampada", "floor_number": 3, "floor_name": "Floor 3", "unit_number": "Unit 3A", "unit_id": "U-3A", "z_min": 6.0, "z_max": 9.0, "height": 3.0, "color": "#0ea5e9", "use_type": "Commercial", "status": "PROVISIONAL", "area_sqm": 491.4, "confidence": 0.9}}, {"type": "Feature", "geometry": {"type": "Polygon", "coordinates": [[[73.8234524, 18.5463297], [73.8236232, 18.5463229], [73.82361190109644, 18.546068650000002], [73.82344084956335, 18.546068650000002], [73.8234524, 18.5463297]]]}, "properties": {"three_d_property_id": "27-21-03-886-001008-B001-F03-U032", "UIPIN": "27-21-03-886-001008-B001-F03-U032", "ULPIN": "27-21-03-886-001008", "parent_building_id": "ISYERUMEHCYKJB", "building_name": "Sampada", "floor_number": 3, "floor_name": "Floor 3", "unit_number": "Unit 3B", "unit_id": "U-3B", "z_min": 6.0, "z_max": 9.0, "height": 3.0, "color": "#0ea5e9", "use_type": "Commercial", "status": "PROVISIONAL", "area_sqm": 491.6, "confidence": 0.9}}, {"type": "Feature", "geometry": {"type": "Polygon", "coordinates": [[[73.8236003, 18.5458076], [73.8234296, 18.5458144], [73.82344084956335, 18.546068650000002], [73.82361190109644, 18.546068650000002], [73.8236003, 18.5458076]]]}, "properties": {"three_d_property_id": "27-21-03-886-001008-B001-F04-U041", "UIPIN": "27-21-03-886-001008-B001-F04-U041", "ULPIN": "27-21-03-886-001008", "parent_building_id": "ISYERUMEHCYKJB", "building_name": "Sampada", "floor_number": 4, "floor_name": "Floor 4", "unit_number": "Unit 4A", "unit_id": "U-4A", "z_min": 9.0, "z_max": 12.0, "height": 3.0, "color": "#8b5cf6", "use_type": "Commercial", "status": "PROVISIONAL", "area_sqm": 491.4, "confidence": 0.9}}, {"type": "Feature", "geometry": {"type": "Polygon", "coordinates": [[[73.8234524, 18.5463297], [73.8236232, 18.5463229], [73.82361190109644, 18.546068650000002], [73.82344084956335, 18.546068650000002], [73.8234524, 18.5463297]]]}, "properties": {"three_d_property_id": "27-21-03-886-001008-B001-F04-U042", "UIPIN": "27-21-03-886-001008-B001-F04-U042", "ULPIN": "27-21-03-886-001008", "parent_building_id": "ISYERUMEHCYKJB", "building_name": "Sampada", "floor_number": 4, "floor_name": "Floor 4", "unit_number": "Unit 4B", "unit_id": "U-4B", "z_min": 9.0, "z_max": 12.0, "height": 3.0, "color": "#8b5cf6", "use_type": "Commercial", "status": "PROVISIONAL", "area_sqm": 491.6, "confidence": 0.9}}, {"type": "Feature", "geometry": {"type": "Polygon", "coordinates": [[[73.8290405, 18.5483453], [73.8291066, 18.5482932], [73.8290399, 18.5482171], [73.8290063, 18.5482435], [73.8289316, 18.54815], [73.8288494, 18.5482091], [73.8289373, 18.548319], [73.8289241, 18.5483197], [73.8289093, 18.5483266], [73.8288984, 18.5483383], [73.828893, 18.5483531], [73.82889313141025, 18.54835515], [73.82903759813279, 18.54835515], [73.8290405, 18.5483453]]]}, "properties": {"three_d_property_id": "27-21-07-132-001051-B001-F00-U001", "UIPIN": "27-21-07-132-001051-B001-F00-U001", "ULPIN": "27-21-07-132-001051", "parent_building_id": "F2GDAUOS74ULEV", "building_name": "Centre for Information and Network Security (CINS)", "floor_number": -1, "floor_name": "Basement / Parking", "unit_number": "Parking Bay P-01", "unit_id": "P01", "z_min": -3.0, "z_max": 0.0, "height": 3.0, "color": "#64748b", "use_type": "Parking / Storage", "status": "VERIFIED", "area_sqm": 312.1, "confidence": 0.95}}, {"type": "Feature", "geometry": {"type": "Polygon", "coordinates": [[[73.828894, 18.5483687], [73.8289013, 18.5483827], [73.8289136, 18.5483931], [73.8289143, 18.548399], [73.8288017, 18.5484665], [73.8288414, 18.5485213], [73.8288315, 18.548527], [73.8288527, 18.5485603], [73.8288805, 18.5485444], [73.8288796, 18.548543], [73.8289355, 18.5485067], [73.8289572, 18.5485386], [73.8290561, 18.5484782], [73.8290329, 18.548444], [73.8290263, 18.5483935], [73.82903759813279, 18.54835515], [73.82889313141025, 18.54835515], [73.828894, 18.5483687]]]}, "properties": {"three_d_property_id": "27-21-07-132-001051-B001-F00-U002", "UIPIN": "27-21-07-132-001051-B001-F00-U002", "ULPIN": "27-21-07-132-001051", "parent_building_id": "F2GDAUOS74ULEV", "building_name": "Centre for Information and Network Security (CINS)", "floor_number": -1, "floor_name": "Basement / Parking", "unit_number": "Parking Bay P-02", "unit_id": "P02", "z_min": -3.0, "z_max": 0.0, "height": 3.0, "color": "#64748b", "use_type": "Parking / Storage", "status": "VERIFIED", "area_sqm": 341.4, "confidence": 0.95}}, {"type": "Feature", "geometry": {"type": "Polygon", "coordinates": [[[73.8290405, 18.5483453], [73.8291066, 18.5482932], [73.8290399, 18.5482171], [73.8290063, 18.5482435], [73.8289316, 18.54815], [73.8288494, 18.5482091], [73.8289373, 18.548319], [73.8289241, 18.5483197], [73.8289093, 18.5483266], [73.8288984, 18.5483383], [73.828893, 18.5483531], [73.82889313141025, 18.54835515], [73.82903759813279, 18.54835515], [73.8290405, 18.5483453]]]}, "properties": {"three_d_property_id": "27-21-07-132-001051-B001-F01-U011", "UIPIN": "27-21-07-132-001051-B001-F01-U011", "ULPIN": "27-21-07-132-001051", "parent_building_id": "F2GDAUOS74ULEV", "building_name": "Centre for Information and Network Security (CINS)", "floor_number": 1, "floor_name": "Floor 1", "unit_number": "Unit 1A", "unit_id": "U-1A", "z_min": 0.0, "z_max": 3.0, "height": 3.0, "color": "#f59e0b", "use_type": "Commercial", "status": "VERIFIED", "area_sqm": 312.1, "confidence": 0.96}}, {"type": "Feature", "geometry": {"type": "Polygon", "coordinates": [[[73.828894, 18.5483687], [73.8289013, 18.5483827], [73.8289136, 18.5483931], [73.8289143, 18.548399], [73.8288017, 18.5484665], [73.8288414, 18.5485213], [73.8288315, 18.548527], [73.8288527, 18.5485603], [73.8288805, 18.5485444], [73.8288796, 18.548543], [73.8289355, 18.5485067], [73.8289572, 18.5485386], [73.8290561, 18.5484782], [73.8290329, 18.548444], [73.8290263, 18.5483935], [73.82903759813279, 18.54835515], [73.82889313141025, 18.54835515], [73.828894, 18.5483687]]]}, "properties": {"three_d_property_id": "27-21-07-132-001051-B001-F01-U012", "UIPIN": "27-21-07-132-001051-B001-F01-U012", "ULPIN": "27-21-07-132-001051", "parent_building_id": "F2GDAUOS74ULEV", "building_name": "Centre for Information and Network Security (CINS)", "floor_number": 1, "floor_name": "Floor 1", "unit_number": "Unit 1B", "unit_id": "U-1B", "z_min": 0.0, "z_max": 3.0, "height": 3.0, "color": "#f59e0b", "use_type": "Commercial", "status": "VERIFIED", "area_sqm": 341.4, "confidence": 0.96}}, {"type": "Feature", "geometry": {"type": "Polygon", "coordinates": [[[73.8290405, 18.5483453], [73.8291066, 18.5482932], [73.8290399, 18.5482171], [73.8290063, 18.5482435], [73.8289316, 18.54815], [73.8288494, 18.5482091], [73.8289373, 18.548319], [73.8289241, 18.5483197], [73.8289093, 18.5483266], [73.8288984, 18.5483383], [73.828893, 18.5483531], [73.82889313141025, 18.54835515], [73.82903759813279, 18.54835515], [73.8290405, 18.5483453]]]}, "properties": {"three_d_property_id": "27-21-07-132-001051-B001-F02-U021", "UIPIN": "27-21-07-132-001051-B001-F02-U021", "ULPIN": "27-21-07-132-001051", "parent_building_id": "F2GDAUOS74ULEV", "building_name": "Centre for Information and Network Security (CINS)", "floor_number": 2, "floor_name": "Floor 2", "unit_number": "Unit 2A", "unit_id": "U-2A", "z_min": 3.0, "z_max": 6.0, "height": 3.0, "color": "#10b981", "use_type": "Commercial", "status": "VERIFIED", "area_sqm": 312.1, "confidence": 0.96}}, {"type": "Feature", "geometry": {"type": "Polygon", "coordinates": [[[73.828894, 18.5483687], [73.8289013, 18.5483827], [73.8289136, 18.5483931], [73.8289143, 18.548399], [73.8288017, 18.5484665], [73.8288414, 18.5485213], [73.8288315, 18.548527], [73.8288527, 18.5485603], [73.8288805, 18.5485444], [73.8288796, 18.548543], [73.8289355, 18.5485067], [73.8289572, 18.5485386], [73.8290561, 18.5484782], [73.8290329, 18.548444], [73.8290263, 18.5483935], [73.82903759813279, 18.54835515], [73.82889313141025, 18.54835515], [73.828894, 18.5483687]]]}, "properties": {"three_d_property_id": "27-21-07-132-001051-B001-F02-U022", "UIPIN": "27-21-07-132-001051-B001-F02-U022", "ULPIN": "27-21-07-132-001051", "parent_building_id": "F2GDAUOS74ULEV", "building_name": "Centre for Information and Network Security (CINS)", "floor_number": 2, "floor_name": "Floor 2", "unit_number": "Unit 2B", "unit_id": "U-2B", "z_min": 3.0, "z_max": 6.0, "height": 3.0, "color": "#10b981", "use_type": "Commercial", "status": "VERIFIED", "area_sqm": 341.4, "confidence": 0.96}}, {"type": "Feature", "geometry": {"type": "Polygon", "coordinates": [[[73.8285091, 18.5509815], [73.8283385, 18.5509796], [73.8283354, 18.5512288], [73.8284094, 18.5512296], [73.828411, 18.551099], [73.828436, 18.5510993], [73.8284366, 18.5510549], [73.82851615, 18.55105576363088], [73.82851615, 18.550981578833866], [73.8285091, 18.5509815]]]}, "properties": {"three_d_property_id": "27-21-06-132-001052-B001-F00-U001", "UIPIN": "27-21-06-132-001052-B001-F00-U001", "ULPIN": "27-21-06-132-001052", "parent_building_id": "A3G49MN230A7ZU", "building_name": "girls hostel No 3", "floor_number": -1, "floor_name": "Basement / Parking", "unit_number": "Parking Bay P-01", "unit_id": "P01", "z_min": -3.0, "z_max": 0.0, "height": 3.0, "color": "#64748b", "use_type": "Parking / Storage", "status": "VERIFIED", "area_sqm": 304.2, "confidence": 0.95}}, {"type": "Feature", "geometry": {"type": "Polygon", "coordinates": [[[73.8284695, 18.5512039], [73.8284686, 18.5512782], [73.82851615, 18.551278729038717], [73.82851615, 18.551204437442397], [73.8284695, 18.5512039]]]}, "properties": {"three_d_property_id": "27-21-06-132-001052-B001-F00-U002", "UIPIN": "27-21-06-132-001052-B001-F00-U002", "ULPIN": "27-21-06-132-001052", "parent_building_id": "A3G49MN230A7ZU", "building_name": "girls hostel No 3", "floor_number": -1, "floor_name": "Basement / Parking", "unit_number": "Parking Bay P-02", "unit_id": "P02", "z_min": -3.0, "z_max": 0.0, "height": 3.0, "color": "#64748b", "use_type": "Parking / Storage", "status": "VERIFIED", "area_sqm": 39.0, "confidence": 0.95}}, {"type": "Feature", "geometry": {"type": "Polygon", "coordinates": [[[73.8285091, 18.5509815], [73.8283385, 18.5509796], [73.8283354, 18.5512288], [73.8284094, 18.5512296], [73.828411, 18.551099], [73.828436, 18.5510993], [73.8284366, 18.5510549], [73.82851615, 18.55105576363088], [73.82851615, 18.550981578833866], [73.8285091, 18.5509815]]]}, "properties": {"three_d_property_id": "27-21-06-132-001052-B001-F01-U011", "UIPIN": "27-21-06-132-001052-B001-F01-U011", "ULPIN": "27-21-06-132-001052", "parent_building_id": "A3G49MN230A7ZU", "building_name": "girls hostel No 3", "floor_number": 1, "floor_name": "Floor 1", "unit_number": "Unit 1A", "unit_id": "U-1A", "z_min": 0.0, "z_max": 3.0, "height": 3.0, "color": "#f59e0b", "use_type": "Commercial", "status": "VERIFIED", "area_sqm": 304.2, "confidence": 0.96}}, {"type": "Feature", "geometry": {"type": "Polygon", "coordinates": [[[73.8284695, 18.5512039], [73.8284686, 18.5512782], [73.82851615, 18.551278729038717], [73.82851615, 18.551204437442397], [73.8284695, 18.5512039]]]}, "properties": {"three_d_property_id": "27-21-06-132-001052-B001-F01-U012", "UIPIN": "27-21-06-132-001052-B001-F01-U012", "ULPIN": "27-21-06-132-001052", "parent_building_id": "A3G49MN230A7ZU", "building_name": "girls hostel No 3", "floor_number": 1, "floor_name": "Floor 1", "unit_number": "Unit 1B", "unit_id": "U-1B", "z_min": 0.0, "z_max": 3.0, "height": 3.0, "color": "#f59e0b", "use_type": "Commercial", "status": "VERIFIED", "area_sqm": 39.0, "confidence": 0.96}}, {"type": "Feature", "geometry": {"type": "Polygon", "coordinates": [[[73.8285091, 18.5509815], [73.8283385, 18.5509796], [73.8283354, 18.5512288], [73.8284094, 18.5512296], [73.828411, 18.551099], [73.828436, 18.5510993], [73.8284366, 18.5510549], [73.82851615, 18.55105576363088], [73.82851615, 18.550981578833866], [73.8285091, 18.5509815]]]}, "properties": {"three_d_property_id": "27-21-06-132-001052-B001-F02-U021", "UIPIN": "27-21-06-132-001052-B001-F02-U021", "ULPIN": "27-21-06-132-001052", "parent_building_id": "A3G49MN230A7ZU", "building_name": "girls hostel No 3", "floor_number": 2, "floor_name": "Floor 2", "unit_number": "Unit 2A", "unit_id": "U-2A", "z_min": 3.0, "z_max": 6.0, "height": 3.0, "color": "#10b981", "use_type": "Commercial", "status": "VERIFIED", "area_sqm": 304.2, "confidence": 0.96}}, {"type": "Feature", "geometry": {"type": "Polygon", "coordinates": [[[73.8284695, 18.5512039], [73.8284686, 18.5512782], [73.82851615, 18.551278729038717], [73.82851615, 18.551204437442397], [73.8284695, 18.5512039]]]}, "properties": {"three_d_property_id": "27-21-06-132-001052-B001-F02-U022", "UIPIN": "27-21-06-132-001052-B001-F02-U022", "ULPIN": "27-21-06-132-001052", "parent_building_id": "A3G49MN230A7ZU", "building_name": "girls hostel No 3", "floor_number": 2, "floor_name": "Floor 2", "unit_number": "Unit 2B", "unit_id": "U-2B", "z_min": 3.0, "z_max": 6.0, "height": 3.0, "color": "#10b981", "use_type": "Commercial", "status": "VERIFIED", "area_sqm": 39.0, "confidence": 0.96}}, {"type": "Feature", "geometry": {"type": "Polygon", "coordinates": [[[73.8284681, 18.5484244], [73.8283299, 18.5484], [73.82830489930343, 18.54852705], [73.82844794538528, 18.54852705], [73.8284681, 18.5484244]]]}, "properties": {"three_d_property_id": "27-21-14-028-001053-B001-F00-U001", "UIPIN": "27-21-14-028-001053-B001-F00-U001", "ULPIN": "27-21-14-028-001053", "parent_building_id": "2V31IQFG7TTN1E", "building_name": "health center", "floor_number": -1, "floor_name": "Basement / Parking", "unit_number": "Parking Bay P-01", "unit_id": "P01", "z_min": -3.0, "z_max": 0.0, "height": 3.0, "color": "#64748b", "use_type": "Parking / Storage", "status": "VERIFIED", "area_sqm": 183.2, "confidence": 0.95}}, {"type": "Feature", "geometry": {"type": "Polygon", "coordinates": [[[73.8282847, 18.5486297], [73.828423, 18.5486541], [73.82844794538528, 18.54852705], [73.82830489930343, 18.54852705], [73.8282847, 18.5486297]]]}, "properties": {"three_d_property_id": "27-21-14-028-001053-B001-F00-U002", "UIPIN": "27-21-14-028-001053-B001-F00-U002", "ULPIN": "27-21-14-028-001053", "parent_building_id": "2V31IQFG7TTN1E", "building_name": "health center", "floor_number": -1, "floor_name": "Basement / Parking", "unit_number": "Parking Bay P-02", "unit_id": "P02", "z_min": -3.0, "z_max": 0.0, "height": 3.0, "color": "#64748b", "use_type": "Parking / Storage", "status": "VERIFIED", "area_sqm": 183.3, "confidence": 0.95}}, {"type": "Feature", "geometry": {"type": "Polygon", "coordinates": [[[73.8284681, 18.5484244], [73.8283299, 18.5484], [73.82830489930343, 18.54852705], [73.82844794538528, 18.54852705], [73.8284681, 18.5484244]]]}, "properties": {"three_d_property_id": "27-21-14-028-001053-B001-F01-U011", "UIPIN": "27-21-14-028-001053-B001-F01-U011", "ULPIN": "27-21-14-028-001053", "parent_building_id": "2V31IQFG7TTN1E", "building_name": "health center", "floor_number": 1, "floor_name": "Floor 1", "unit_number": "Unit 1A", "unit_id": "U-1A", "z_min": 0.0, "z_max": 3.0, "height": 3.0, "color": "#f59e0b", "use_type": "Commercial", "status": "VERIFIED", "area_sqm": 183.2, "confidence": 0.96}}, {"type": "Feature", "geometry": {"type": "Polygon", "coordinates": [[[73.8282847, 18.5486297], [73.828423, 18.5486541], [73.82844794538528, 18.54852705], [73.82830489930343, 18.54852705], [73.8282847, 18.5486297]]]}, "properties": {"three_d_property_id": "27-21-14-028-001053-B001-F01-U012", "UIPIN": "27-21-14-028-001053-B001-F01-U012", "ULPIN": "27-21-14-028-001053", "parent_building_id": "2V31IQFG7TTN1E", "building_name": "health center", "floor_number": 1, "floor_name": "Floor 1", "unit_number": "Unit 1B", "unit_id": "U-1B", "z_min": 0.0, "z_max": 3.0, "height": 3.0, "color": "#f59e0b", "use_type": "Commercial", "status": "VERIFIED", "area_sqm": 183.3, "confidence": 0.96}}, {"type": "Feature", "geometry": {"type": "Polygon", "coordinates": [[[73.8284681, 18.5484244], [73.8283299, 18.5484], [73.82830489930343, 18.54852705], [73.82844794538528, 18.54852705], [73.8284681, 18.5484244]]]}, "properties": {"three_d_property_id": "27-21-14-028-001053-B001-F02-U021", "UIPIN": "27-21-14-028-001053-B001-F02-U021", "ULPIN": "27-21-14-028-001053", "parent_building_id": "2V31IQFG7TTN1E", "building_name": "health center", "floor_number": 2, "floor_name": "Floor 2", "unit_number": "Unit 2A", "unit_id": "U-2A", "z_min": 3.0, "z_max": 6.0, "height": 3.0, "color": "#10b981", "use_type": "Commercial", "status": "VERIFIED", "area_sqm": 183.2, "confidence": 0.96}}, {"type": "Feature", "geometry": {"type": "Polygon", "coordinates": [[[73.8282847, 18.5486297], [73.828423, 18.5486541], [73.82844794538528, 18.54852705], [73.82830489930343, 18.54852705], [73.8282847, 18.5486297]]]}, "properties": {"three_d_property_id": "27-21-14-028-001053-B001-F02-U022", "UIPIN": "27-21-14-028-001053-B001-F02-U022", "ULPIN": "27-21-14-028-001053", "parent_building_id": "2V31IQFG7TTN1E", "building_name": "health center", "floor_number": 2, "floor_name": "Floor 2", "unit_number": "Unit 2B", "unit_id": "U-2B", "z_min": 3.0, "z_max": 6.0, "height": 3.0, "color": "#10b981", "use_type": "Commercial", "status": "VERIFIED", "area_sqm": 183.3, "confidence": 0.96}}, {"type": "Feature", "geometry": {"type": "Polygon", "coordinates": [[[73.8282058, 18.5509645], [73.8280725, 18.550888], [73.8280381, 18.5509419], [73.8281008, 18.5509778], [73.8280827766068, 18.551006049999998], [73.82817927152256, 18.551006049999998], [73.8282058, 18.5509645]]]}, "properties": {"three_d_property_id": "27-21-08-737-001054-B001-F01-U011", "UIPIN": "27-21-08-737-001054-B001-F01-U011", "ULPIN": "27-21-08-737-001054", "parent_building_id": "JC0FFRBEWRUKFW", "building_name": "Rector's Office", "floor_number": 1, "floor_name": "Floor 1", "unit_number": "Unit 1A", "unit_id": "U-1A", "z_min": 0.0, "z_max": 3.0, "height": 3.0, "color": "#f59e0b", "use_type": "Commercial", "status": "VERIFIED", "area_sqm": 118.0, "confidence": 0.96}}, {"type": "Feature", "geometry": {"type": "Polygon", "coordinates": [[[73.8280333, 18.5510836], [73.8281039, 18.5511241], [73.82817927152256, 18.551006049999998], [73.8280827766068, 18.551006049999998], [73.8280333, 18.5510836]]]}, "properties": {"three_d_property_id": "27-21-08-737-001054-B001-F01-U012", "UIPIN": "27-21-08-737-001054-B001-F01-U012", "ULPIN": "27-21-08-737-001054", "parent_building_id": "JC0FFRBEWRUKFW", "building_name": "Rector's Office", "floor_number": 1, "floor_name": "Floor 1", "unit_number": "Unit 1B", "unit_id": "U-1B", "z_min": 0.0, "z_max": 3.0, "height": 3.0, "color": "#f59e0b", "use_type": "Commercial", "status": "VERIFIED", "area_sqm": 105.2, "confidence": 0.96}}, {"type": "Feature", "geometry": {"type": "Polygon", "coordinates": [[[73.8221153, 18.5515622], [73.8220622, 18.551525], [73.8220318, 18.5515682], [73.8219869, 18.5515324], [73.821926, 18.5516082], [73.82194144147157, 18.55162035], [73.82206756775244, 18.55162035], [73.8221153, 18.5515622]]]}, "properties": {"three_d_property_id": "27-21-11-658-001055-B001-F00-U001", "UIPIN": "27-21-11-658-001055-B001-F00-U001", "ULPIN": "27-21-11-658-001055", "parent_building_id": "ZDPVOE4T8DL8F5", "building_name": "C building", "floor_number": -1, "floor_name": "Basement / Parking", "unit_number": "Parking Bay P-01", "unit_id": "P01", "z_min": -3.0, "z_max": 0.0, "height": 3.0, "color": "#64748b", "use_type": "Parking / Storage", "status": "VERIFIED", "area_sqm": 123.0, "confidence": 0.95}}, {"type": "Feature", "geometry": {"type": "Polygon", "coordinates": [[[73.821964, 18.5516381], [73.8219407, 18.5516739], [73.8219893, 18.5517157], [73.82206756775244, 18.55162035], [73.82194144147157, 18.55162035], [73.821964, 18.5516381]]]}, "properties": {"three_d_property_id": "27-21-11-658-001055-B001-F00-U002", "UIPIN": "27-21-11-658-001055-B001-F00-U002", "ULPIN": "27-21-11-658-001055", "parent_building_id": "ZDPVOE4T8DL8F5", "building_name": "C building", "floor_number": -1, "floor_name": "Basement / Parking", "unit_number": "Parking Bay P-02", "unit_id": "P02", "z_min": -3.0, "z_max": 0.0, "height": 3.0, "color": "#64748b", "use_type": "Parking / Storage", "status": "VERIFIED", "area_sqm": 74.9, "confidence": 0.95}}, {"type": "Feature", "geometry": {"type": "Polygon", "coordinates": [[[73.8221153, 18.5515622], [73.8220622, 18.551525], [73.8220318, 18.5515682], [73.8219869, 18.5515324], [73.821926, 18.5516082], [73.82194144147157, 18.55162035], [73.82206756775244, 18.55162035], [73.8221153, 18.5515622]]]}, "properties": {"three_d_property_id": "27-21-11-658-001055-B001-F01-U011", "UIPIN": "27-21-11-658-001055-B001-F01-U011", "ULPIN": "27-21-11-658-001055", "parent_building_id": "ZDPVOE4T8DL8F5", "building_name": "C building", "floor_number": 1, "floor_name": "Floor 1", "unit_number": "Unit 1A", "unit_id": "U-1A", "z_min": 0.0, "z_max": 3.0, "height": 3.0, "color": "#f59e0b", "use_type": "Commercial", "status": "VERIFIED", "area_sqm": 123.0, "confidence": 0.96}}, {"type": "Feature", "geometry": {"type": "Polygon", "coordinates": [[[73.821964, 18.5516381], [73.8219407, 18.5516739], [73.8219893, 18.5517157], [73.82206756775244, 18.55162035], [73.82194144147157, 18.55162035], [73.821964, 18.5516381]]]}, "properties": {"three_d_property_id": "27-21-11-658-001055-B001-F01-U012", "UIPIN": "27-21-11-658-001055-B001-F01-U012", "ULPIN": "27-21-11-658-001055", "parent_building_id": "ZDPVOE4T8DL8F5", "building_name": "C building", "floor_number": 1, "floor_name": "Floor 1", "unit_number": "Unit 1B", "unit_id": "U-1B", "z_min": 0.0, "z_max": 3.0, "height": 3.0, "color": "#f59e0b", "use_type": "Commercial", "status": "VERIFIED", "area_sqm": 74.9, "confidence": 0.96}}, {"type": "Feature", "geometry": {"type": "Polygon", "coordinates": [[[73.8221153, 18.5515622], [73.8220622, 18.551525], [73.8220318, 18.5515682], [73.8219869, 18.5515324], [73.821926, 18.5516082], [73.82194144147157, 18.55162035], [73.82206756775244, 18.55162035], [73.8221153, 18.5515622]]]}, "properties": {"three_d_property_id": "27-21-11-658-001055-B001-F02-U021", "UIPIN": "27-21-11-658-001055-B001-F02-U021", "ULPIN": "27-21-11-658-001055", "parent_building_id": "ZDPVOE4T8DL8F5", "building_name": "C building", "floor_number": 2, "floor_name": "Floor 2", "unit_number": "Unit 2A", "unit_id": "U-2A", "z_min": 3.0, "z_max": 6.0, "height": 3.0, "color": "#10b981", "use_type": "Commercial", "status": "VERIFIED", "area_sqm": 123.0, "confidence": 0.96}}, {"type": "Feature", "geometry": {"type": "Polygon", "coordinates": [[[73.821964, 18.5516381], [73.8219407, 18.5516739], [73.8219893, 18.5517157], [73.82206756775244, 18.55162035], [73.82194144147157, 18.55162035], [73.821964, 18.5516381]]]}, "properties": {"three_d_property_id": "27-21-11-658-001055-B001-F02-U022", "UIPIN": "27-21-11-658-001055-B001-F02-U022", "ULPIN": "27-21-11-658-001055", "parent_building_id": "ZDPVOE4T8DL8F5", "building_name": "C building", "floor_number": 2, "floor_name": "Floor 2", "unit_number": "Unit 2B", "unit_id": "U-2B", "z_min": 3.0, "z_max": 6.0, "height": 3.0, "color": "#10b981", "use_type": "Commercial", "status": "VERIFIED", "area_sqm": 74.9, "confidence": 0.96}}, {"type": "Feature", "geometry": {"type": "Polygon", "coordinates": [[[73.8218833, 18.5512784], [73.8218365, 18.5513397], [73.8218899, 18.5513763], [73.8218553, 18.5514216], [73.8219348, 18.5514761], [73.82194315000001, 18.551465150608674], [73.82194315000001, 18.55131942924529], [73.8218833, 18.5512784]]]}, "properties": {"three_d_property_id": "27-21-10-067-001056-B001-F00-U001", "UIPIN": "27-21-10-067-001056-B001-F00-U001", "ULPIN": "27-21-10-067-001056", "parent_building_id": "AZ5BCAN68U1QP2", "building_name": "A building", "floor_number": -1, "floor_name": "Basement / Parking", "unit_number": "Parking Bay P-01", "unit_id": "P01", "z_min": -3.0, "z_max": 0.0, "height": 3.0, "color": "#64748b", "use_type": "Parking / Storage", "status": "VERIFIED", "area_sqm": 140.2, "confidence": 0.95}}, {"type": "Feature", "geometry": {"type": "Polygon", "coordinates": [[[73.8220498, 18.5513253], [73.8219806, 18.5512779], [73.8219469, 18.551322], [73.82194315000001, 18.55131942924529], [73.82194315000001, 18.551465150608674], [73.8220498, 18.5513253]]]}, "properties": {"three_d_property_id": "27-21-10-067-001056-B001-F00-U002", "UIPIN": "27-21-10-067-001056-B001-F00-U002", "ULPIN": "27-21-10-067-001056", "parent_building_id": "AZ5BCAN68U1QP2", "building_name": "A building", "floor_number": -1, "floor_name": "Basement / Parking", "unit_number": "Parking Bay P-02", "unit_id": "P02", "z_min": -3.0, "z_max": 0.0, "height": 3.0, "color": "#64748b", "use_type": "Parking / Storage", "status": "VERIFIED", "area_sqm": 111.2, "confidence": 0.95}}, {"type": "Feature", "geometry": {"type": "Polygon", "coordinates": [[[73.8218833, 18.5512784], [73.8218365, 18.5513397], [73.8218899, 18.5513763], [73.8218553, 18.5514216], [73.8219348, 18.5514761], [73.82194315000001, 18.551465150608674], [73.82194315000001, 18.55131942924529], [73.8218833, 18.5512784]]]}, "properties": {"three_d_property_id": "27-21-10-067-001056-B001-F01-U011", "UIPIN": "27-21-10-067-001056-B001-F01-U011", "ULPIN": "27-21-10-067-001056", "parent_building_id": "AZ5BCAN68U1QP2", "building_name": "A building", "floor_number": 1, "floor_name": "Floor 1", "unit_number": "Unit 1A", "unit_id": "U-1A", "z_min": 0.0, "z_max": 3.0, "height": 3.0, "color": "#f59e0b", "use_type": "Commercial", "status": "VERIFIED", "area_sqm": 140.2, "confidence": 0.96}}, {"type": "Feature", "geometry": {"type": "Polygon", "coordinates": [[[73.8220498, 18.5513253], [73.8219806, 18.5512779], [73.8219469, 18.551322], [73.82194315000001, 18.55131942924529], [73.82194315000001, 18.551465150608674], [73.8220498, 18.5513253]]]}, "properties": {"three_d_property_id": "27-21-10-067-001056-B001-F01-U012", "UIPIN": "27-21-10-067-001056-B001-F01-U012", "ULPIN": "27-21-10-067-001056", "parent_building_id": "AZ5BCAN68U1QP2", "building_name": "A building", "floor_number": 1, "floor_name": "Floor 1", "unit_number": "Unit 1B", "unit_id": "U-1B", "z_min": 0.0, "z_max": 3.0, "height": 3.0, "color": "#f59e0b", "use_type": "Commercial", "status": "VERIFIED", "area_sqm": 111.2, "confidence": 0.96}}, {"type": "Feature", "geometry": {"type": "Polygon", "coordinates": [[[73.8218833, 18.5512784], [73.8218365, 18.5513397], [73.8218899, 18.5513763], [73.8218553, 18.5514216], [73.8219348, 18.5514761], [73.82194315000001, 18.551465150608674], [73.82194315000001, 18.55131942924529], [73.8218833, 18.5512784]]]}, "properties": {"three_d_property_id": "27-21-10-067-001056-B001-F02-U021", "UIPIN": "27-21-10-067-001056-B001-F02-U021", "ULPIN": "27-21-10-067-001056", "parent_building_id": "AZ5BCAN68U1QP2", "building_name": "A building", "floor_number": 2, "floor_name": "Floor 2", "unit_number": "Unit 2A", "unit_id": "U-2A", "z_min": 3.0, "z_max": 6.0, "height": 3.0, "color": "#10b981", "use_type": "Commercial", "status": "VERIFIED", "area_sqm": 140.2, "confidence": 0.96}}, {"type": "Feature", "geometry": {"type": "Polygon", "coordinates": [[[73.8220498, 18.5513253], [73.8219806, 18.5512779], [73.8219469, 18.551322], [73.82194315000001, 18.55131942924529], [73.82194315000001, 18.551465150608674], [73.8220498, 18.5513253]]]}, "properties": {"three_d_property_id": "27-21-10-067-001056-B001-F02-U022", "UIPIN": "27-21-10-067-001056-B001-F02-U022", "ULPIN": "27-21-10-067-001056", "parent_building_id": "AZ5BCAN68U1QP2", "building_name": "A building", "floor_number": 2, "floor_name": "Floor 2", "unit_number": "Unit 2B", "unit_id": "U-2B", "z_min": 3.0, "z_max": 6.0, "height": 3.0, "color": "#10b981", "use_type": "Commercial", "status": "VERIFIED", "area_sqm": 111.2, "confidence": 0.96}}, {"type": "Feature", "geometry": {"type": "Polygon", "coordinates": [[[73.8222252, 18.552575], [73.8221018, 18.5525674], [73.82208805118358, 18.552768450000002], [73.822212018195, 18.552768450000002], [73.8222252, 18.552575]]]}, "properties": {"three_d_property_id": "27-21-03-318-001093-B001-F00-U001", "UIPIN": "27-21-03-318-001093-B001-F00-U001", "ULPIN": "27-21-03-318-001093", "parent_building_id": "05MPZ05TQM3G98", "building_name": "Department of Computer Science", "floor_number": -1, "floor_name": "Basement / Parking", "unit_number": "Parking Bay P-01", "unit_id": "P01", "z_min": -3.0, "z_max": 0.0, "height": 3.0, "color": "#64748b", "use_type": "Parking / Storage", "status": "VERIFIED", "area_sqm": 272.7, "confidence": 0.95}}, {"type": "Feature", "geometry": {"type": "Polygon", "coordinates": [[[73.8220758, 18.5529476], [73.8224318, 18.5529695], [73.8224389, 18.5528652], [73.8222064, 18.5528509], [73.822212018195, 18.552768450000002], [73.82208805118358, 18.552768450000002], [73.8220758, 18.5529476]]]}, "properties": {"three_d_property_id": "27-21-03-318-001093-B001-F00-U002", "UIPIN": "27-21-03-318-001093-B001-F00-U002", "ULPIN": "27-21-03-318-001093", "parent_building_id": "05MPZ05TQM3G98", "building_name": "Department of Computer Science", "floor_number": -1, "floor_name": "Basement / Parking", "unit_number": "Parking Bay P-02", "unit_id": "P02", "z_min": -3.0, "z_max": 0.0, "height": 3.0, "color": "#64748b", "use_type": "Parking / Storage", "status": "VERIFIED", "area_sqm": 524.6, "confidence": 0.95}}, {"type": "Feature", "geometry": {"type": "Polygon", "coordinates": [[[73.8222252, 18.552575], [73.8221018, 18.5525674], [73.82208805118358, 18.552768450000002], [73.822212018195, 18.552768450000002], [73.8222252, 18.552575]]]}, "properties": {"three_d_property_id": "27-21-03-318-001093-B001-F01-U011", "UIPIN": "27-21-03-318-001093-B001-F01-U011", "ULPIN": "27-21-03-318-001093", "parent_building_id": "05MPZ05TQM3G98", "building_name": "Department of Computer Science", "floor_number": 1, "floor_name": "Floor 1", "unit_number": "Unit 1A", "unit_id": "U-1A", "z_min": 0.0, "z_max": 3.0, "height": 3.0, "color": "#f59e0b", "use_type": "Commercial", "status": "VERIFIED", "area_sqm": 272.7, "confidence": 0.96}}, {"type": "Feature", "geometry": {"type": "Polygon", "coordinates": [[[73.8220758, 18.5529476], [73.8224318, 18.5529695], [73.8224389, 18.5528652], [73.8222064, 18.5528509], [73.822212018195, 18.552768450000002], [73.82208805118358, 18.552768450000002], [73.8220758, 18.5529476]]]}, "properties": {"three_d_property_id": "27-21-03-318-001093-B001-F01-U012", "UIPIN": "27-21-03-318-001093-B001-F01-U012", "ULPIN": "27-21-03-318-001093", "parent_building_id": "05MPZ05TQM3G98", "building_name": "Department of Computer Science", "floor_number": 1, "floor_name": "Floor 1", "unit_number": "Unit 1B", "unit_id": "U-1B", "z_min": 0.0, "z_max": 3.0, "height": 3.0, "color": "#f59e0b", "use_type": "Commercial", "status": "VERIFIED", "area_sqm": 524.6, "confidence": 0.96}}, {"type": "Feature", "geometry": {"type": "Polygon", "coordinates": [[[73.8222252, 18.552575], [73.8221018, 18.5525674], [73.82208805118358, 18.552768450000002], [73.822212018195, 18.552768450000002], [73.8222252, 18.552575]]]}, "properties": {"three_d_property_id": "27-21-03-318-001093-B001-F02-U021", "UIPIN": "27-21-03-318-001093-B001-F02-U021", "ULPIN": "27-21-03-318-001093", "parent_building_id": "05MPZ05TQM3G98", "building_name": "Department of Computer Science", "floor_number": 2, "floor_name": "Floor 2", "unit_number": "Unit 2A", "unit_id": "U-2A", "z_min": 3.0, "z_max": 6.0, "height": 3.0, "color": "#10b981", "use_type": "Commercial", "status": "VERIFIED", "area_sqm": 272.7, "confidence": 0.96}}, {"type": "Feature", "geometry": {"type": "Polygon", "coordinates": [[[73.8220758, 18.5529476], [73.8224318, 18.5529695], [73.8224389, 18.5528652], [73.8222064, 18.5528509], [73.822212018195, 18.552768450000002], [73.82208805118358, 18.552768450000002], [73.8220758, 18.5529476]]]}, "properties": {"three_d_property_id": "27-21-03-318-001093-B001-F02-U022", "UIPIN": "27-21-03-318-001093-B001-F02-U022", "ULPIN": "27-21-03-318-001093", "parent_building_id": "05MPZ05TQM3G98", "building_name": "Department of Computer Science", "floor_number": 2, "floor_name": "Floor 2", "unit_number": "Unit 2B", "unit_id": "U-2B", "z_min": 3.0, "z_max": 6.0, "height": 3.0, "color": "#10b981", "use_type": "Commercial", "status": "VERIFIED", "area_sqm": 524.6, "confidence": 0.96}}, {"type": "Feature", "geometry": {"type": "Polygon", "coordinates": [[[73.8201092, 18.5375154], [73.8201509, 18.5374424], [73.8200777, 18.5374048], [73.8199956, 18.5375488], [73.8199567, 18.5375265], [73.8198761, 18.537653], [73.8199498, 18.5376952], [73.8199765, 18.5376534], [73.8200005, 18.5376658], [73.820044, 18.5375902], [73.82026105, 18.537706692328467], [73.82026105, 18.537596848317047], [73.8201092, 18.5375154]]]}, "properties": {"three_d_property_id": "27-21-14-729-001155-B001-F00-U001", "UIPIN": "27-21-14-729-001155-B001-F00-U001", "ULPIN": "27-21-14-729-001155", "parent_building_id": "Y4W8TR98W07FIL", "building_name": "Loyola High School And Junior College", "floor_number": -1, "floor_name": "Basement / Parking", "unit_number": "Parking Bay P-01", "unit_id": "P01", "z_min": -3.0, "z_max": 0.0, "height": 3.0, "color": "#64748b", "use_type": "Parking / Storage", "status": "VERIFIED", "area_sqm": 540.9, "confidence": 0.95}}, {"type": "Feature", "geometry": {"type": "Polygon", "coordinates": [[[73.8205439, 18.5378585], [73.8206361, 18.5377114], [73.8205449, 18.5376562], [73.8204989, 18.5377245], [73.8203714, 18.5376561], [73.820394, 18.5376186], [73.820348, 18.5375937], [73.8203762, 18.5375491], [73.8204947, 18.5376287], [73.820646, 18.5373727], [73.8204302, 18.5372344], [73.8202722, 18.5374917], [73.8203474, 18.5375332], [73.8202934, 18.5376142], [73.82026105, 18.537596848317047], [73.82026105, 18.537706692328467], [73.8205439, 18.5378585]]]}, "properties": {"three_d_property_id": "27-21-14-729-001155-B001-F00-U002", "UIPIN": "27-21-14-729-001155-B001-F00-U002", "ULPIN": "27-21-14-729-001155", "parent_building_id": "Y4W8TR98W07FIL", "building_name": "Loyola High School And Junior College", "floor_number": -1, "floor_name": "Basement / Parking", "unit_number": "Parking Bay P-02", "unit_id": "P02", "z_min": -3.0, "z_max": 0.0, "height": 3.0, "color": "#64748b", "use_type": "Parking / Storage", "status": "VERIFIED", "area_sqm": 1392.7, "confidence": 0.95}}, {"type": "Feature", "geometry": {"type": "Polygon", "coordinates": [[[73.8201092, 18.5375154], [73.8201509, 18.5374424], [73.8200777, 18.5374048], [73.8199956, 18.5375488], [73.8199567, 18.5375265], [73.8198761, 18.537653], [73.8199498, 18.5376952], [73.8199765, 18.5376534], [73.8200005, 18.5376658], [73.820044, 18.5375902], [73.82026105, 18.537706692328467], [73.82026105, 18.537596848317047], [73.8201092, 18.5375154]]]}, "properties": {"three_d_property_id": "27-21-14-729-001155-B001-F01-U011", "UIPIN": "27-21-14-729-001155-B001-F01-U011", "ULPIN": "27-21-14-729-001155", "parent_building_id": "Y4W8TR98W07FIL", "building_name": "Loyola High School And Junior College", "floor_number": 1, "floor_name": "Floor 1", "unit_number": "Unit 1A", "unit_id": "U-1A", "z_min": 0.0, "z_max": 3.0, "height": 3.0, "color": "#f59e0b", "use_type": "Commercial", "status": "VERIFIED", "area_sqm": 540.9, "confidence": 0.96}}, {"type": "Feature", "geometry": {"type": "Polygon", "coordinates": [[[73.8205439, 18.5378585], [73.8206361, 18.5377114], [73.8205449, 18.5376562], [73.8204989, 18.5377245], [73.8203714, 18.5376561], [73.820394, 18.5376186], [73.820348, 18.5375937], [73.8203762, 18.5375491], [73.8204947, 18.5376287], [73.820646, 18.5373727], [73.8204302, 18.5372344], [73.8202722, 18.5374917], [73.8203474, 18.5375332], [73.8202934, 18.5376142], [73.82026105, 18.537596848317047], [73.82026105, 18.537706692328467], [73.8205439, 18.5378585]]]}, "properties": {"three_d_property_id": "27-21-14-729-001155-B001-F01-U012", "UIPIN": "27-21-14-729-001155-B001-F01-U012", "ULPIN": "27-21-14-729-001155", "parent_building_id": "Y4W8TR98W07FIL", "building_name": "Loyola High School And Junior College", "floor_number": 1, "floor_name": "Floor 1", "unit_number": "Unit 1B", "unit_id": "U-1B", "z_min": 0.0, "z_max": 3.0, "height": 3.0, "color": "#f59e0b", "use_type": "Commercial", "status": "VERIFIED", "area_sqm": 1392.7, "confidence": 0.96}}, {"type": "Feature", "geometry": {"type": "Polygon", "coordinates": [[[73.8201092, 18.5375154], [73.8201509, 18.5374424], [73.8200777, 18.5374048], [73.8199956, 18.5375488], [73.8199567, 18.5375265], [73.8198761, 18.537653], [73.8199498, 18.5376952], [73.8199765, 18.5376534], [73.8200005, 18.5376658], [73.820044, 18.5375902], [73.82026105, 18.537706692328467], [73.82026105, 18.537596848317047], [73.8201092, 18.5375154]]]}, "properties": {"three_d_property_id": "27-21-14-729-001155-B001-F02-U021", "UIPIN": "27-21-14-729-001155-B001-F02-U021", "ULPIN": "27-21-14-729-001155", "parent_building_id": "Y4W8TR98W07FIL", "building_name": "Loyola High School And Junior College", "floor_number": 2, "floor_name": "Floor 2", "unit_number": "Unit 2A", "unit_id": "U-2A", "z_min": 3.0, "z_max": 6.0, "height": 3.0, "color": "#10b981", "use_type": "Commercial", "status": "VERIFIED", "area_sqm": 540.9, "confidence": 0.96}}, {"type": "Feature", "geometry": {"type": "Polygon", "coordinates": [[[73.8205439, 18.5378585], [73.8206361, 18.5377114], [73.8205449, 18.5376562], [73.8204989, 18.5377245], [73.8203714, 18.5376561], [73.820394, 18.5376186], [73.820348, 18.5375937], [73.8203762, 18.5375491], [73.8204947, 18.5376287], [73.820646, 18.5373727], [73.8204302, 18.5372344], [73.8202722, 18.5374917], [73.8203474, 18.5375332], [73.8202934, 18.5376142], [73.82026105, 18.537596848317047], [73.82026105, 18.537706692328467], [73.8205439, 18.5378585]]]}, "properties": {"three_d_property_id": "27-21-14-729-001155-B001-F02-U022", "UIPIN": "27-21-14-729-001155-B001-F02-U022", "ULPIN": "27-21-14-729-001155", "parent_building_id": "Y4W8TR98W07FIL", "building_name": "Loyola High School And Junior College", "floor_number": 2, "floor_name": "Floor 2", "unit_number": "Unit 2B", "unit_id": "U-2B", "z_min": 3.0, "z_max": 6.0, "height": 3.0, "color": "#10b981", "use_type": "Commercial", "status": "VERIFIED", "area_sqm": 1392.7, "confidence": 0.96}}, {"type": "Feature", "geometry": {"type": "Polygon", "coordinates": [[[73.8217408, 18.5518153], [73.8216698, 18.5519083], [73.82174699999999, 18.55196131128451], [73.82174699999999, 18.55181954484412], [73.8217408, 18.5518153]]]}, "properties": {"three_d_property_id": "27-21-03-101-001608-B001-F00-U001", "UIPIN": "27-21-03-101-001608-B001-F00-U001", "ULPIN": "27-21-03-101-001608", "parent_building_id": "6836HFEPYDBSIW", "building_name": "D building", "floor_number": -1, "floor_name": "Basement / Parking", "unit_number": "Parking Bay P-01", "unit_id": "P01", "z_min": -3.0, "z_max": 0.0, "height": 3.0, "color": "#64748b", "use_type": "Parking / Storage", "status": "VERIFIED", "area_sqm": 65.9, "confidence": 0.95}}, {"type": "Feature", "geometry": {"type": "Polygon", "coordinates": [[[73.8217531, 18.5519655], [73.8218242, 18.5518724], [73.82174699999999, 18.55181954484412], [73.82174699999999, 18.55196131128451], [73.8217531, 18.5519655]]]}, "properties": {"three_d_property_id": "27-21-03-101-001608-B001-F00-U002", "UIPIN": "27-21-03-101-001608-B001-F00-U002", "ULPIN": "27-21-03-101-001608", "parent_building_id": "6836HFEPYDBSIW", "building_name": "D building", "floor_number": -1, "floor_name": "Basement / Parking", "unit_number": "Parking Bay P-02", "unit_id": "P02", "z_min": -3.0, "z_max": 0.0, "height": 3.0, "color": "#64748b", "use_type": "Parking / Storage", "status": "VERIFIED", "area_sqm": 65.9, "confidence": 0.95}}, {"type": "Feature", "geometry": {"type": "Polygon", "coordinates": [[[73.8217408, 18.5518153], [73.8216698, 18.5519083], [73.82174699999999, 18.55196131128451], [73.82174699999999, 18.55181954484412], [73.8217408, 18.5518153]]]}, "properties": {"three_d_property_id": "27-21-03-101-001608-B001-F01-U011", "UIPIN": "27-21-03-101-001608-B001-F01-U011", "ULPIN": "27-21-03-101-001608", "parent_building_id": "6836HFEPYDBSIW", "building_name": "D building", "floor_number": 1, "floor_name": "Floor 1", "unit_number": "Unit 1A", "unit_id": "U-1A", "z_min": 0.0, "z_max": 3.0, "height": 3.0, "color": "#f59e0b", "use_type": "Commercial", "status": "VERIFIED", "area_sqm": 65.9, "confidence": 0.96}}, {"type": "Feature", "geometry": {"type": "Polygon", "coordinates": [[[73.8217531, 18.5519655], [73.8218242, 18.5518724], [73.82174699999999, 18.55181954484412], [73.82174699999999, 18.55196131128451], [73.8217531, 18.5519655]]]}, "properties": {"three_d_property_id": "27-21-03-101-001608-B001-F01-U012", "UIPIN": "27-21-03-101-001608-B001-F01-U012", "ULPIN": "27-21-03-101-001608", "parent_building_id": "6836HFEPYDBSIW", "building_name": "D building", "floor_number": 1, "floor_name": "Floor 1", "unit_number": "Unit 1B", "unit_id": "U-1B", "z_min": 0.0, "z_max": 3.0, "height": 3.0, "color": "#f59e0b", "use_type": "Commercial", "status": "VERIFIED", "area_sqm": 65.9, "confidence": 0.96}}, {"type": "Feature", "geometry": {"type": "Polygon", "coordinates": [[[73.8217408, 18.5518153], [73.8216698, 18.5519083], [73.82174699999999, 18.55196131128451], [73.82174699999999, 18.55181954484412], [73.8217408, 18.5518153]]]}, "properties": {"three_d_property_id": "27-21-03-101-001608-B001-F02-U021", "UIPIN": "27-21-03-101-001608-B001-F02-U021", "ULPIN": "27-21-03-101-001608", "parent_building_id": "6836HFEPYDBSIW", "building_name": "D building", "floor_number": 2, "floor_name": "Floor 2", "unit_number": "Unit 2A", "unit_id": "U-2A", "z_min": 3.0, "z_max": 6.0, "height": 3.0, "color": "#10b981", "use_type": "Commercial", "status": "VERIFIED", "area_sqm": 65.9, "confidence": 0.96}}, {"type": "Feature", "geometry": {"type": "Polygon", "coordinates": [[[73.8217531, 18.5519655], [73.8218242, 18.5518724], [73.82174699999999, 18.55181954484412], [73.82174699999999, 18.55196131128451], [73.8217531, 18.5519655]]]}, "properties": {"three_d_property_id": "27-21-03-101-001608-B001-F02-U022", "UIPIN": "27-21-03-101-001608-B001-F02-U022", "ULPIN": "27-21-03-101-001608", "parent_building_id": "6836HFEPYDBSIW", "building_name": "D building", "floor_number": 2, "floor_name": "Floor 2", "unit_number": "Unit 2B", "unit_id": "U-2B", "z_min": 3.0, "z_max": 6.0, "height": 3.0, "color": "#10b981", "use_type": "Commercial", "status": "VERIFIED", "area_sqm": 65.9, "confidence": 0.96}}, {"type": "Feature", "geometry": {"type": "Polygon", "coordinates": [[[73.8291453, 18.5424886], [73.8288288, 18.5425039], [73.8288314021322, 18.5427073], [73.82915071186402, 18.5427073], [73.8291453, 18.5424886]]]}, "properties": {"three_d_property_id": "27-21-02-535-001791-B001-F01-U011", "UIPIN": "27-21-02-535-001791-B001-F01-U011", "ULPIN": "27-21-02-535-001791", "parent_building_id": "9R9KPU8O9ONSRH", "building_name": "Students' Facilitation Centre (SPPU)", "floor_number": 1, "floor_name": "Floor 1", "unit_number": "Unit 1A", "unit_id": "U-1A", "z_min": 0.0, "z_max": 3.0, "height": 3.0, "color": "#f59e0b", "use_type": "Commercial", "status": "VERIFIED", "area_sqm": 748.6, "confidence": 0.96}}, {"type": "Feature", "geometry": {"type": "Polygon", "coordinates": [[[73.8288342, 18.542926], [73.829156, 18.542921], [73.82915071186402, 18.5427073], [73.8288314021322, 18.5427073], [73.8288342, 18.542926]]]}, "properties": {"three_d_property_id": "27-21-02-535-001791-B001-F01-U012", "UIPIN": "27-21-02-535-001791-B001-F01-U012", "ULPIN": "27-21-02-535-001791", "parent_building_id": "9R9KPU8O9ONSRH", "building_name": "Students' Facilitation Centre (SPPU)", "floor_number": 1, "floor_name": "Floor 1", "unit_number": "Unit 1B", "unit_id": "U-1B", "z_min": 0.0, "z_max": 3.0, "height": 3.0, "color": "#f59e0b", "use_type": "Commercial", "status": "VERIFIED", "area_sqm": 773.0, "confidence": 0.96}}, {"type": "Feature", "geometry": {"type": "Polygon", "coordinates": [[[73.8272573, 18.5479724], [73.8271984, 18.547964], [73.8271905, 18.5479921], [73.8270764, 18.5480015], [73.8270839, 18.548081], [73.8270852, 18.5480991], [73.827083, 18.5481877], [73.827271, 18.548173351855723], [73.827271, 18.547970835881753], [73.8272573, 18.5479724]]]}, "properties": {"three_d_property_id": "27-21-08-329-001842-B001-F00-U001", "UIPIN": "27-21-08-329-001842-B001-F00-U001", "ULPIN": "27-21-08-329-001842", "parent_building_id": "6G9H8LYK0VGL2U", "building_name": "Department of Geography", "floor_number": -1, "floor_name": "Basement / Parking", "unit_number": "Parking Bay P-01", "unit_id": "P01", "z_min": -3.0, "z_max": 0.0, "height": 3.0, "color": "#64748b", "use_type": "Parking / Storage", "status": "VERIFIED", "area_sqm": 411.0, "confidence": 0.95}}, {"type": "Feature", "geometry": {"type": "Polygon", "coordinates": [[[73.8274656, 18.5481585], [73.8274535, 18.54795], [73.827271, 18.547970835881753], [73.827271, 18.548173351855723], [73.8274656, 18.5481585]]]}, "properties": {"three_d_property_id": "27-21-08-329-001842-B001-F00-U002", "UIPIN": "27-21-08-329-001842-B001-F00-U002", "ULPIN": "27-21-08-329-001842", "parent_building_id": "6G9H8LYK0VGL2U", "building_name": "Department of Geography", "floor_number": -1, "floor_name": "Basement / Parking", "unit_number": "Parking Bay P-02", "unit_id": "P02", "z_min": -3.0, "z_max": 0.0, "height": 3.0, "color": "#64748b", "use_type": "Parking / Storage", "status": "VERIFIED", "area_sqm": 433.4, "confidence": 0.95}}, {"type": "Feature", "geometry": {"type": "Polygon", "coordinates": [[[73.8272573, 18.5479724], [73.8271984, 18.547964], [73.8271905, 18.5479921], [73.8270764, 18.5480015], [73.8270839, 18.548081], [73.8270852, 18.5480991], [73.827083, 18.5481877], [73.827271, 18.548173351855723], [73.827271, 18.547970835881753], [73.8272573, 18.5479724]]]}, "properties": {"three_d_property_id": "27-21-08-329-001842-B001-F01-U011", "UIPIN": "27-21-08-329-001842-B001-F01-U011", "ULPIN": "27-21-08-329-001842", "parent_building_id": "6G9H8LYK0VGL2U", "building_name": "Department of Geography", "floor_number": 1, "floor_name": "Floor 1", "unit_number": "Unit 1A", "unit_id": "U-1A", "z_min": 0.0, "z_max": 3.0, "height": 3.0, "color": "#f59e0b", "use_type": "Commercial", "status": "VERIFIED", "area_sqm": 411.0, "confidence": 0.96}}, {"type": "Feature", "geometry": {"type": "Polygon", "coordinates": [[[73.8274656, 18.5481585], [73.8274535, 18.54795], [73.827271, 18.547970835881753], [73.827271, 18.548173351855723], [73.8274656, 18.5481585]]]}, "properties": {"three_d_property_id": "27-21-08-329-001842-B001-F01-U012", "UIPIN": "27-21-08-329-001842-B001-F01-U012", "ULPIN": "27-21-08-329-001842", "parent_building_id": "6G9H8LYK0VGL2U", "building_name": "Department of Geography", "floor_number": 1, "floor_name": "Floor 1", "unit_number": "Unit 1B", "unit_id": "U-1B", "z_min": 0.0, "z_max": 3.0, "height": 3.0, "color": "#f59e0b", "use_type": "Commercial", "status": "VERIFIED", "area_sqm": 433.4, "confidence": 0.96}}, {"type": "Feature", "geometry": {"type": "Polygon", "coordinates": [[[73.8272573, 18.5479724], [73.8271984, 18.547964], [73.8271905, 18.5479921], [73.8270764, 18.5480015], [73.8270839, 18.548081], [73.8270852, 18.5480991], [73.827083, 18.5481877], [73.827271, 18.548173351855723], [73.827271, 18.547970835881753], [73.8272573, 18.5479724]]]}, "properties": {"three_d_property_id": "27-21-08-329-001842-B001-F02-U021", "UIPIN": "27-21-08-329-001842-B001-F02-U021", "ULPIN": "27-21-08-329-001842", "parent_building_id": "6G9H8LYK0VGL2U", "building_name": "Department of Geography", "floor_number": 2, "floor_name": "Floor 2", "unit_number": "Unit 2A", "unit_id": "U-2A", "z_min": 3.0, "z_max": 6.0, "height": 3.0, "color": "#10b981", "use_type": "Commercial", "status": "VERIFIED", "area_sqm": 411.0, "confidence": 0.96}}, {"type": "Feature", "geometry": {"type": "Polygon", "coordinates": [[[73.8274656, 18.5481585], [73.8274535, 18.54795], [73.827271, 18.547970835881753], [73.827271, 18.548173351855723], [73.8274656, 18.5481585]]]}, "properties": {"three_d_property_id": "27-21-08-329-001842-B001-F02-U022", "UIPIN": "27-21-08-329-001842-B001-F02-U022", "ULPIN": "27-21-08-329-001842", "parent_building_id": "6G9H8LYK0VGL2U", "building_name": "Department of Geography", "floor_number": 2, "floor_name": "Floor 2", "unit_number": "Unit 2B", "unit_id": "U-2B", "z_min": 3.0, "z_max": 6.0, "height": 3.0, "color": "#10b981", "use_type": "Commercial", "status": "VERIFIED", "area_sqm": 433.4, "confidence": 0.96}}, {"type": "Feature", "geometry": {"type": "Polygon", "coordinates": [[[73.8241745, 18.5519804], [73.824055, 18.5517468], [73.8236526, 18.5519502], [73.8237009, 18.5520366], [73.824012, 18.5518764], [73.82412258076181, 18.552079900000003], [73.82422539014188, 18.552079900000003], [73.8241745, 18.5519804]]]}, "properties": {"three_d_property_id": "27-21-05-333-001843-B001-F00-U001", "UIPIN": "27-21-05-333-001843-B001-F00-U001", "ULPIN": "27-21-05-333-001843", "parent_building_id": "QV9DY292IZ1Q8P", "building_name": "Department of Chemistry", "floor_number": -1, "floor_name": "Basement / Parking", "unit_number": "Parking Bay P-01", "unit_id": "P01", "z_min": -3.0, "z_max": 0.0, "height": 3.0, "color": "#64748b", "use_type": "Parking / Storage", "status": "VERIFIED", "area_sqm": 754.8, "confidence": 0.95}}, {"type": "Feature", "geometry": {"type": "Polygon", "coordinates": [[[73.8241247, 18.5520838], [73.8241944, 18.5522121], [73.8239557, 18.5523265], [73.8239986, 18.552413], [73.8243151, 18.5522553], [73.82422539014188, 18.552079900000003], [73.82412258076181, 18.552079900000003], [73.8241247, 18.5520838]]]}, "properties": {"three_d_property_id": "27-21-05-333-001843-B001-F00-U002", "UIPIN": "27-21-05-333-001843-B001-F00-U002", "ULPIN": "27-21-05-333-001843", "parent_building_id": "QV9DY292IZ1Q8P", "building_name": "Department of Chemistry", "floor_number": -1, "floor_name": "Basement / Parking", "unit_number": "Parking Bay P-02", "unit_id": "P02", "z_min": -3.0, "z_max": 0.0, "height": 3.0, "color": "#64748b", "use_type": "Parking / Storage", "status": "VERIFIED", "area_sqm": 497.1, "confidence": 0.95}}, {"type": "Feature", "geometry": {"type": "Polygon", "coordinates": [[[73.8241745, 18.5519804], [73.824055, 18.5517468], [73.8236526, 18.5519502], [73.8237009, 18.5520366], [73.824012, 18.5518764], [73.82412258076181, 18.552079900000003], [73.82422539014188, 18.552079900000003], [73.8241745, 18.5519804]]]}, "properties": {"three_d_property_id": "27-21-05-333-001843-B001-F01-U011", "UIPIN": "27-21-05-333-001843-B001-F01-U011", "ULPIN": "27-21-05-333-001843", "parent_building_id": "QV9DY292IZ1Q8P", "building_name": "Department of Chemistry", "floor_number": 1, "floor_name": "Floor 1", "unit_number": "Unit 1A", "unit_id": "U-1A", "z_min": 0.0, "z_max": 3.0, "height": 3.0, "color": "#f59e0b", "use_type": "Commercial", "status": "VERIFIED", "area_sqm": 754.8, "confidence": 0.96}}, {"type": "Feature", "geometry": {"type": "Polygon", "coordinates": [[[73.8241247, 18.5520838], [73.8241944, 18.5522121], [73.8239557, 18.5523265], [73.8239986, 18.552413], [73.8243151, 18.5522553], [73.82422539014188, 18.552079900000003], [73.82412258076181, 18.552079900000003], [73.8241247, 18.5520838]]]}, "properties": {"three_d_property_id": "27-21-05-333-001843-B001-F01-U012", "UIPIN": "27-21-05-333-001843-B001-F01-U012", "ULPIN": "27-21-05-333-001843", "parent_building_id": "QV9DY292IZ1Q8P", "building_name": "Department of Chemistry", "floor_number": 1, "floor_name": "Floor 1", "unit_number": "Unit 1B", "unit_id": "U-1B", "z_min": 0.0, "z_max": 3.0, "height": 3.0, "color": "#f59e0b", "use_type": "Commercial", "status": "VERIFIED", "area_sqm": 497.1, "confidence": 0.96}}, {"type": "Feature", "geometry": {"type": "Polygon", "coordinates": [[[73.8241745, 18.5519804], [73.824055, 18.5517468], [73.8236526, 18.5519502], [73.8237009, 18.5520366], [73.824012, 18.5518764], [73.82412258076181, 18.552079900000003], [73.82422539014188, 18.552079900000003], [73.8241745, 18.5519804]]]}, "properties": {"three_d_property_id": "27-21-05-333-001843-B001-F02-U021", "UIPIN": "27-21-05-333-001843-B001-F02-U021", "ULPIN": "27-21-05-333-001843", "parent_building_id": "QV9DY292IZ1Q8P", "building_name": "Department of Chemistry", "floor_number": 2, "floor_name": "Floor 2", "unit_number": "Unit 2A", "unit_id": "U-2A", "z_min": 3.0, "z_max": 6.0, "height": 3.0, "color": "#10b981", "use_type": "Commercial", "status": "VERIFIED", "area_sqm": 754.8, "confidence": 0.96}}, {"type": "Feature", "geometry": {"type": "Polygon", "coordinates": [[[73.8241247, 18.5520838], [73.8241944, 18.5522121], [73.8239557, 18.5523265], [73.8239986, 18.552413], [73.8243151, 18.5522553], [73.82422539014188, 18.552079900000003], [73.82412258076181, 18.552079900000003], [73.8241247, 18.5520838]]]}, "properties": {"three_d_property_id": "27-21-05-333-001843-B001-F02-U022", "UIPIN": "27-21-05-333-001843-B001-F02-U022", "ULPIN": "27-21-05-333-001843", "parent_building_id": "QV9DY292IZ1Q8P", "building_name": "Department of Chemistry", "floor_number": 2, "floor_name": "Floor 2", "unit_number": "Unit 2B", "unit_id": "U-2B", "z_min": 3.0, "z_max": 6.0, "height": 3.0, "color": "#10b981", "use_type": "Commercial", "status": "VERIFIED", "area_sqm": 497.1, "confidence": 0.96}}, {"type": "Feature", "geometry": {"type": "Polygon", "coordinates": [[[73.8274071, 18.5482958], [73.827406, 18.5483344], [73.8274576, 18.5483385], [73.8274596, 18.5483603], [73.8274593, 18.5484507], [73.8274571, 18.5485357], [73.8275488, 18.5485355], [73.82757824999999, 18.548535982410296], [73.82757824999999, 18.548291674397372], [73.8274071, 18.5482958]]]}, "properties": {"three_d_property_id": "27-21-10-633-001845-B001-F01-U011", "UIPIN": "27-21-10-633-001845-B001-F01-U011", "ULPIN": "27-21-10-633-001845", "parent_building_id": "EHNS1C6HQYCYW5", "building_name": "Department Of Geology New Building", "floor_number": 1, "floor_name": "Floor 1", "unit_number": "Unit 1A", "unit_id": "U-1A", "z_min": 0.0, "z_max": 3.0, "height": 3.0, "color": "#f59e0b", "use_type": "Commercial", "status": "VERIFIED", "area_sqm": 347.1, "confidence": 0.96}}, {"type": "Feature", "geometry": {"type": "Polygon", "coordinates": [[[73.827677, 18.5485376], [73.8276741, 18.5484219], [73.8277498, 18.548423], [73.8277502, 18.548332], [73.8277505, 18.5482883], [73.8276809, 18.5482892], [73.82757824999999, 18.548291674397372], [73.82757824999999, 18.548535982410296], [73.827677, 18.5485376]]]}, "properties": {"three_d_property_id": "27-21-10-633-001845-B001-F01-U012", "UIPIN": "27-21-10-633-001845-B001-F01-U012", "ULPIN": "27-21-10-633-001845", "parent_building_id": "EHNS1C6HQYCYW5", "building_name": "Department Of Geology New Building", "floor_number": 1, "floor_name": "Floor 1", "unit_number": "Unit 1B", "unit_id": "U-1B", "z_min": 0.0, "z_max": 3.0, "height": 3.0, "color": "#f59e0b", "use_type": "Commercial", "status": "VERIFIED", "area_sqm": 378.4, "confidence": 0.96}}, {"type": "Feature", "geometry": {"type": "Polygon", "coordinates": [[[73.8353008, 18.5439941], [73.8350692, 18.5440458], [73.8350658638029, 18.54411685], [73.8353008, 18.54411685], [73.8353008, 18.5439941]]]}, "properties": {"three_d_property_id": "27-21-09-063-001869-B001-F00-U001", "UIPIN": "27-21-09-063-001869-B001-F00-U001", "ULPIN": "27-21-09-063-001869", "parent_building_id": "ZJLQ1BPFWSQ7TF", "building_name": "Solitaire Elite Condiminium", "floor_number": -1, "floor_name": "Basement / Parking", "unit_number": "Parking Bay P-01", "unit_id": "P01", "z_min": -3.0, "z_max": 0.0, "height": 3.0, "color": "#64748b", "use_type": "Parking / Storage", "status": "VERIFIED", "area_sqm": 251.6, "confidence": 0.95}}, {"type": "Feature", "geometry": {"type": "Polygon", "coordinates": [[[73.8350601, 18.5442396], [73.8353008, 18.5442181], [73.8353008, 18.54411685], [73.8350658638029, 18.54411685], [73.8350601, 18.5442396]]]}, "properties": {"three_d_property_id": "27-21-09-063-001869-B001-F00-U002", "UIPIN": "27-21-09-063-001869-B001-F00-U002", "ULPIN": "27-21-09-063-001869", "parent_building_id": "ZJLQ1BPFWSQ7TF", "building_name": "Solitaire Elite Condiminium", "floor_number": -1, "floor_name": "Basement / Parking", "unit_number": "Parking Bay P-02", "unit_id": "P02", "z_min": -3.0, "z_max": 0.0, "height": 3.0, "color": "#64748b", "use_type": "Parking / Storage", "status": "VERIFIED", "area_sqm": 296.7, "confidence": 0.95}}, {"type": "Feature", "geometry": {"type": "Polygon", "coordinates": [[[73.8353008, 18.5439941], [73.8350692, 18.5440458], [73.8350658638029, 18.54411685], [73.8353008, 18.54411685], [73.8353008, 18.5439941]]]}, "properties": {"three_d_property_id": "27-21-09-063-001869-B001-F01-U011", "UIPIN": "27-21-09-063-001869-B001-F01-U011", "ULPIN": "27-21-09-063-001869", "parent_building_id": "ZJLQ1BPFWSQ7TF", "building_name": "Solitaire Elite Condiminium", "floor_number": 1, "floor_name": "Floor 1", "unit_number": "Unit 1A", "unit_id": "U-1A", "z_min": 0.0, "z_max": 3.0, "height": 3.0, "color": "#f59e0b", "use_type": "Residential", "status": "VERIFIED", "area_sqm": 251.6, "confidence": 0.96}}, {"type": "Feature", "geometry": {"type": "Polygon", "coordinates": [[[73.8350601, 18.5442396], [73.8353008, 18.5442181], [73.8353008, 18.54411685], [73.8350658638029, 18.54411685], [73.8350601, 18.5442396]]]}, "properties": {"three_d_property_id": "27-21-09-063-001869-B001-F01-U012", "UIPIN": "27-21-09-063-001869-B001-F01-U012", "ULPIN": "27-21-09-063-001869", "parent_building_id": "ZJLQ1BPFWSQ7TF", "building_name": "Solitaire Elite Condiminium", "floor_number": 1, "floor_name": "Floor 1", "unit_number": "Unit 1B", "unit_id": "U-1B", "z_min": 0.0, "z_max": 3.0, "height": 3.0, "color": "#f59e0b", "use_type": "Residential", "status": "VERIFIED", "area_sqm": 296.7, "confidence": 0.96}}, {"type": "Feature", "geometry": {"type": "Polygon", "coordinates": [[[73.8353008, 18.5439941], [73.8350692, 18.5440458], [73.8350658638029, 18.54411685], [73.8353008, 18.54411685], [73.8353008, 18.5439941]]]}, "properties": {"three_d_property_id": "27-21-09-063-001869-B001-F02-U021", "UIPIN": "27-21-09-063-001869-B001-F02-U021", "ULPIN": "27-21-09-063-001869", "parent_building_id": "ZJLQ1BPFWSQ7TF", "building_name": "Solitaire Elite Condiminium", "floor_number": 2, "floor_name": "Floor 2", "unit_number": "Unit 2A", "unit_id": "U-2A", "z_min": 3.0, "z_max": 6.0, "height": 3.0, "color": "#10b981", "use_type": "Residential", "status": "VERIFIED", "area_sqm": 251.6, "confidence": 0.96}}, {"type": "Feature", "geometry": {"type": "Polygon", "coordinates": [[[73.8350601, 18.5442396], [73.8353008, 18.5442181], [73.8353008, 18.54411685], [73.8350658638029, 18.54411685], [73.8350601, 18.5442396]]]}, "properties": {"three_d_property_id": "27-21-09-063-001869-B001-F02-U022", "UIPIN": "27-21-09-063-001869-B001-F02-U022", "ULPIN": "27-21-09-063-001869", "parent_building_id": "ZJLQ1BPFWSQ7TF", "building_name": "Solitaire Elite Condiminium", "floor_number": 2, "floor_name": "Floor 2", "unit_number": "Unit 2B", "unit_id": "U-2B", "z_min": 3.0, "z_max": 6.0, "height": 3.0, "color": "#10b981", "use_type": "Residential", "status": "VERIFIED", "area_sqm": 296.7, "confidence": 0.96}}, {"type": "Feature", "geometry": {"type": "Polygon", "coordinates": [[[73.8353008, 18.5439941], [73.8350692, 18.5440458], [73.8350658638029, 18.54411685], [73.8353008, 18.54411685], [73.8353008, 18.5439941]]]}, "properties": {"three_d_property_id": "27-21-09-063-001869-B001-F03-U031", "UIPIN": "27-21-09-063-001869-B001-F03-U031", "ULPIN": "27-21-09-063-001869", "parent_building_id": "ZJLQ1BPFWSQ7TF", "building_name": "Solitaire Elite Condiminium", "floor_number": 3, "floor_name": "Floor 3", "unit_number": "Unit 3A", "unit_id": "U-3A", "z_min": 6.0, "z_max": 9.0, "height": 3.0, "color": "#0ea5e9", "use_type": "Residential", "status": "PROVISIONAL", "area_sqm": 251.6, "confidence": 0.9}}, {"type": "Feature", "geometry": {"type": "Polygon", "coordinates": [[[73.8350601, 18.5442396], [73.8353008, 18.5442181], [73.8353008, 18.54411685], [73.8350658638029, 18.54411685], [73.8350601, 18.5442396]]]}, "properties": {"three_d_property_id": "27-21-09-063-001869-B001-F03-U032", "UIPIN": "27-21-09-063-001869-B001-F03-U032", "ULPIN": "27-21-09-063-001869", "parent_building_id": "ZJLQ1BPFWSQ7TF", "building_name": "Solitaire Elite Condiminium", "floor_number": 3, "floor_name": "Floor 3", "unit_number": "Unit 3B", "unit_id": "U-3B", "z_min": 6.0, "z_max": 9.0, "height": 3.0, "color": "#0ea5e9", "use_type": "Residential", "status": "PROVISIONAL", "area_sqm": 296.7, "confidence": 0.9}}, {"type": "Feature", "geometry": {"type": "Polygon", "coordinates": [[[73.8353008, 18.5439941], [73.8350692, 18.5440458], [73.8350658638029, 18.54411685], [73.8353008, 18.54411685], [73.8353008, 18.5439941]]]}, "properties": {"three_d_property_id": "27-21-09-063-001869-B001-F04-U041", "UIPIN": "27-21-09-063-001869-B001-F04-U041", "ULPIN": "27-21-09-063-001869", "parent_building_id": "ZJLQ1BPFWSQ7TF", "building_name": "Solitaire Elite Condiminium", "floor_number": 4, "floor_name": "Floor 4", "unit_number": "Unit 4A", "unit_id": "U-4A", "z_min": 9.0, "z_max": 12.0, "height": 3.0, "color": "#8b5cf6", "use_type": "Residential", "status": "PROVISIONAL", "area_sqm": 251.6, "confidence": 0.9}}, {"type": "Feature", "geometry": {"type": "Polygon", "coordinates": [[[73.8350601, 18.5442396], [73.8353008, 18.5442181], [73.8353008, 18.54411685], [73.8350658638029, 18.54411685], [73.8350601, 18.5442396]]]}, "properties": {"three_d_property_id": "27-21-09-063-001869-B001-F04-U042", "UIPIN": "27-21-09-063-001869-B001-F04-U042", "ULPIN": "27-21-09-063-001869", "parent_building_id": "ZJLQ1BPFWSQ7TF", "building_name": "Solitaire Elite Condiminium", "floor_number": 4, "floor_name": "Floor 4", "unit_number": "Unit 4B", "unit_id": "U-4B", "z_min": 9.0, "z_max": 12.0, "height": 3.0, "color": "#8b5cf6", "use_type": "Residential", "status": "PROVISIONAL", "area_sqm": 296.7, "confidence": 0.9}}, {"type": "Feature", "geometry": {"type": "Polygon", "coordinates": [[[73.8353008, 18.5439941], [73.8350692, 18.5440458], [73.8350658638029, 18.54411685], [73.8353008, 18.54411685], [73.8353008, 18.5439941]]]}, "properties": {"three_d_property_id": "27-21-09-063-001869-B001-F05-U051", "UIPIN": "27-21-09-063-001869-B001-F05-U051", "ULPIN": "27-21-09-063-001869", "parent_building_id": "ZJLQ1BPFWSQ7TF", "building_name": "Solitaire Elite Condiminium", "floor_number": 5, "floor_name": "Floor 5", "unit_number": "Unit 5A", "unit_id": "U-5A", "z_min": 12.0, "z_max": 15.0, "height": 3.0, "color": "#ec4899", "use_type": "Residential", "status": "PROVISIONAL", "area_sqm": 251.6, "confidence": 0.9}}, {"type": "Feature", "geometry": {"type": "Polygon", "coordinates": [[[73.8350601, 18.5442396], [73.8353008, 18.5442181], [73.8353008, 18.54411685], [73.8350658638029, 18.54411685], [73.8350601, 18.5442396]]]}, "properties": {"three_d_property_id": "27-21-09-063-001869-B001-F05-U052", "UIPIN": "27-21-09-063-001869-B001-F05-U052", "ULPIN": "27-21-09-063-001869", "parent_building_id": "ZJLQ1BPFWSQ7TF", "building_name": "Solitaire Elite Condiminium", "floor_number": 5, "floor_name": "Floor 5", "unit_number": "Unit 5B", "unit_id": "U-5B", "z_min": 12.0, "z_max": 15.0, "height": 3.0, "color": "#ec4899", "use_type": "Residential", "status": "PROVISIONAL", "area_sqm": 296.7, "confidence": 0.9}}, {"type": "Feature", "geometry": {"type": "Polygon", "coordinates": [[[73.8353008, 18.5439941], [73.8350692, 18.5440458], [73.8350658638029, 18.54411685], [73.8353008, 18.54411685], [73.8353008, 18.5439941]]]}, "properties": {"three_d_property_id": "27-21-09-063-001869-B001-F06-U061", "UIPIN": "27-21-09-063-001869-B001-F06-U061", "ULPIN": "27-21-09-063-001869", "parent_building_id": "ZJLQ1BPFWSQ7TF", "building_name": "Solitaire Elite Condiminium", "floor_number": 6, "floor_name": "Floor 6", "unit_number": "Unit 6A", "unit_id": "U-6A", "z_min": 15.0, "z_max": 18.0, "height": 3.0, "color": "#6366f1", "use_type": "Residential", "status": "PROVISIONAL", "area_sqm": 251.6, "confidence": 0.9}}, {"type": "Feature", "geometry": {"type": "Polygon", "coordinates": [[[73.8350601, 18.5442396], [73.8353008, 18.5442181], [73.8353008, 18.54411685], [73.8350658638029, 18.54411685], [73.8350601, 18.5442396]]]}, "properties": {"three_d_property_id": "27-21-09-063-001869-B001-F06-U062", "UIPIN": "27-21-09-063-001869-B001-F06-U062", "ULPIN": "27-21-09-063-001869", "parent_building_id": "ZJLQ1BPFWSQ7TF", "building_name": "Solitaire Elite Condiminium", "floor_number": 6, "floor_name": "Floor 6", "unit_number": "Unit 6B", "unit_id": "U-6B", "z_min": 15.0, "z_max": 18.0, "height": 3.0, "color": "#6366f1", "use_type": "Residential", "status": "PROVISIONAL", "area_sqm": 296.7, "confidence": 0.9}}, {"type": "Feature", "geometry": {"type": "Polygon", "coordinates": [[[73.8353008, 18.5439941], [73.8350692, 18.5440458], [73.8350658638029, 18.54411685], [73.8353008, 18.54411685], [73.8353008, 18.5439941]]]}, "properties": {"three_d_property_id": "27-21-09-063-001869-B001-F07-U071", "UIPIN": "27-21-09-063-001869-B001-F07-U071", "ULPIN": "27-21-09-063-001869", "parent_building_id": "ZJLQ1BPFWSQ7TF", "building_name": "Solitaire Elite Condiminium", "floor_number": 7, "floor_name": "Floor 7", "unit_number": "Unit 7A", "unit_id": "U-7A", "z_min": 18.0, "z_max": 21.0, "height": 3.0, "color": "#ec4899", "use_type": "Residential", "status": "PROVISIONAL", "area_sqm": 251.6, "confidence": 0.9}}, {"type": "Feature", "geometry": {"type": "Polygon", "coordinates": [[[73.8350601, 18.5442396], [73.8353008, 18.5442181], [73.8353008, 18.54411685], [73.8350658638029, 18.54411685], [73.8350601, 18.5442396]]]}, "properties": {"three_d_property_id": "27-21-09-063-001869-B001-F07-U072", "UIPIN": "27-21-09-063-001869-B001-F07-U072", "ULPIN": "27-21-09-063-001869", "parent_building_id": "ZJLQ1BPFWSQ7TF", "building_name": "Solitaire Elite Condiminium", "floor_number": 7, "floor_name": "Floor 7", "unit_number": "Unit 7B", "unit_id": "U-7B", "z_min": 18.0, "z_max": 21.0, "height": 3.0, "color": "#ec4899", "use_type": "Residential", "status": "PROVISIONAL", "area_sqm": 296.7, "confidence": 0.9}}, {"type": "Feature", "geometry": {"type": "Polygon", "coordinates": [[[73.8286214, 18.5481091], [73.8283844, 18.5480701], [73.82835676040044, 18.5482254], [73.8286016170103, 18.5482254], [73.8286214, 18.5481091]]]}, "properties": {"three_d_property_id": "27-21-04-365-001906-B001-F01-U011", "UIPIN": "27-21-04-365-001906-B001-F01-U011", "ULPIN": "27-21-04-365-001906", "parent_building_id": "HD7B4ISYI8R5NT", "building_name": "Multi purpose Hall", "floor_number": 1, "floor_name": "Floor 1", "unit_number": "Unit 1A", "unit_id": "U-1A", "z_min": 0.0, "z_max": 3.0, "height": 3.0, "color": "#f59e0b", "use_type": "Commercial", "status": "VERIFIED", "area_sqm": 370.1, "confidence": 0.96}}, {"type": "Feature", "geometry": {"type": "Polygon", "coordinates": [[[73.8283364, 18.5483398], [73.8285752, 18.5483807], [73.8286016170103, 18.5482254], [73.82835676040044, 18.5482254], [73.8283364, 18.5483398]]]}, "properties": {"three_d_property_id": "27-21-04-365-001906-B001-F01-U012", "UIPIN": "27-21-04-365-001906-B001-F01-U012", "ULPIN": "27-21-04-365-001906", "parent_building_id": "HD7B4ISYI8R5NT", "building_name": "Multi purpose Hall", "floor_number": 1, "floor_name": "Floor 1", "unit_number": "Unit 1B", "unit_id": "U-1B", "z_min": 0.0, "z_max": 3.0, "height": 3.0, "color": "#f59e0b", "use_type": "Commercial", "status": "VERIFIED", "area_sqm": 369.0, "confidence": 0.96}}, {"type": "Feature", "geometry": {"type": "Polygon", "coordinates": [[[73.8287373, 18.5502234], [73.8287313, 18.55037], [73.82894055, 18.550364899999998], [73.82894055, 18.550220830342816], [73.8287373, 18.5502234]]]}, "properties": {"three_d_property_id": "27-21-08-022-001907-B001-F00-U001", "UIPIN": "27-21-08-022-001907-B001-F00-U001", "ULPIN": "27-21-08-022-001907", "parent_building_id": "PWL51CTAE3HK3L", "building_name": "Building PWL51C", "floor_number": -1, "floor_name": "Basement / Parking", "unit_number": "Parking Bay P-01", "unit_id": "P01", "z_min": -3.0, "z_max": 0.0, "height": 3.0, "color": "#64748b", "use_type": "Parking / Storage", "status": "VERIFIED", "area_sqm": 334.2, "confidence": 0.95}}, {"type": "Feature", "geometry": {"type": "Polygon", "coordinates": [[[73.8291498, 18.5503598], [73.8291486, 18.5502182], [73.82894055, 18.550220830342816], [73.82894055, 18.550364899999998], [73.8291498, 18.5503598]]]}, "properties": {"three_d_property_id": "27-21-08-022-001907-B001-F00-U002", "UIPIN": "27-21-08-022-001907-B001-F00-U002", "ULPIN": "27-21-08-022-001907", "parent_building_id": "PWL51CTAE3HK3L", "building_name": "Building PWL51C", "floor_number": -1, "floor_name": "Basement / Parking", "unit_number": "Parking Bay P-02", "unit_id": "P02", "z_min": -3.0, "z_max": 0.0, "height": 3.0, "color": "#64748b", "use_type": "Parking / Storage", "status": "VERIFIED", "area_sqm": 332.4, "confidence": 0.95}}, {"type": "Feature", "geometry": {"type": "Polygon", "coordinates": [[[73.8287373, 18.5502234], [73.8287313, 18.55037], [73.82894055, 18.550364899999998], [73.82894055, 18.550220830342816], [73.8287373, 18.5502234]]]}, "properties": {"three_d_property_id": "27-21-08-022-001907-B001-F01-U011", "UIPIN": "27-21-08-022-001907-B001-F01-U011", "ULPIN": "27-21-08-022-001907", "parent_building_id": "PWL51CTAE3HK3L", "building_name": "Building PWL51C", "floor_number": 1, "floor_name": "Floor 1", "unit_number": "Unit 1A", "unit_id": "U-1A", "z_min": 0.0, "z_max": 3.0, "height": 3.0, "color": "#f59e0b", "use_type": "Commercial", "status": "VERIFIED", "area_sqm": 334.2, "confidence": 0.96}}, {"type": "Feature", "geometry": {"type": "Polygon", "coordinates": [[[73.8291498, 18.5503598], [73.8291486, 18.5502182], [73.82894055, 18.550220830342816], [73.82894055, 18.550364899999998], [73.8291498, 18.5503598]]]}, "properties": {"three_d_property_id": "27-21-08-022-001907-B001-F01-U012", "UIPIN": "27-21-08-022-001907-B001-F01-U012", "ULPIN": "27-21-08-022-001907", "parent_building_id": "PWL51CTAE3HK3L", "building_name": "Building PWL51C", "floor_number": 1, "floor_name": "Floor 1", "unit_number": "Unit 1B", "unit_id": "U-1B", "z_min": 0.0, "z_max": 3.0, "height": 3.0, "color": "#f59e0b", "use_type": "Commercial", "status": "VERIFIED", "area_sqm": 332.4, "confidence": 0.96}}, {"type": "Feature", "geometry": {"type": "Polygon", "coordinates": [[[73.8287373, 18.5502234], [73.8287313, 18.55037], [73.82894055, 18.550364899999998], [73.82894055, 18.550220830342816], [73.8287373, 18.5502234]]]}, "properties": {"three_d_property_id": "27-21-08-022-001907-B001-F02-U021", "UIPIN": "27-21-08-022-001907-B001-F02-U021", "ULPIN": "27-21-08-022-001907", "parent_building_id": "PWL51CTAE3HK3L", "building_name": "Building PWL51C", "floor_number": 2, "floor_name": "Floor 2", "unit_number": "Unit 2A", "unit_id": "U-2A", "z_min": 3.0, "z_max": 6.0, "height": 3.0, "color": "#10b981", "use_type": "Commercial", "status": "VERIFIED", "area_sqm": 334.2, "confidence": 0.96}}, {"type": "Feature", "geometry": {"type": "Polygon", "coordinates": [[[73.8291498, 18.5503598], [73.8291486, 18.5502182], [73.82894055, 18.550220830342816], [73.82894055, 18.550364899999998], [73.8291498, 18.5503598]]]}, "properties": {"three_d_property_id": "27-21-08-022-001907-B001-F02-U022", "UIPIN": "27-21-08-022-001907-B001-F02-U022", "ULPIN": "27-21-08-022-001907", "parent_building_id": "PWL51CTAE3HK3L", "building_name": "Building PWL51C", "floor_number": 2, "floor_name": "Floor 2", "unit_number": "Unit 2B", "unit_id": "U-2B", "z_min": 3.0, "z_max": 6.0, "height": 3.0, "color": "#10b981", "use_type": "Commercial", "status": "VERIFIED", "area_sqm": 332.4, "confidence": 0.96}}, {"type": "Feature", "geometry": {"type": "Polygon", "coordinates": [[[73.8287373, 18.5502234], [73.8287313, 18.55037], [73.82894055, 18.550364899999998], [73.82894055, 18.550220830342816], [73.8287373, 18.5502234]]]}, "properties": {"three_d_property_id": "27-21-08-022-001907-B001-F03-U031", "UIPIN": "27-21-08-022-001907-B001-F03-U031", "ULPIN": "27-21-08-022-001907", "parent_building_id": "PWL51CTAE3HK3L", "building_name": "Building PWL51C", "floor_number": 3, "floor_name": "Floor 3", "unit_number": "Unit 3A", "unit_id": "U-3A", "z_min": 6.0, "z_max": 9.0, "height": 3.0, "color": "#0ea5e9", "use_type": "Commercial", "status": "PROVISIONAL", "area_sqm": 334.2, "confidence": 0.9}}, {"type": "Feature", "geometry": {"type": "Polygon", "coordinates": [[[73.8291498, 18.5503598], [73.8291486, 18.5502182], [73.82894055, 18.550220830342816], [73.82894055, 18.550364899999998], [73.8291498, 18.5503598]]]}, "properties": {"three_d_property_id": "27-21-08-022-001907-B001-F03-U032", "UIPIN": "27-21-08-022-001907-B001-F03-U032", "ULPIN": "27-21-08-022-001907", "parent_building_id": "PWL51CTAE3HK3L", "building_name": "Building PWL51C", "floor_number": 3, "floor_name": "Floor 3", "unit_number": "Unit 3B", "unit_id": "U-3B", "z_min": 6.0, "z_max": 9.0, "height": 3.0, "color": "#0ea5e9", "use_type": "Commercial", "status": "PROVISIONAL", "area_sqm": 332.4, "confidence": 0.9}}, {"type": "Feature", "geometry": {"type": "Polygon", "coordinates": [[[73.8169536, 18.5594176], [73.8167819, 18.5596639], [73.81710989999999, 18.5598787288251], [73.81710989999999, 18.559528071794333], [73.8169536, 18.5594176]]]}, "properties": {"three_d_property_id": "27-21-08-349-001908-B001-F00-U001", "UIPIN": "27-21-08-349-001908-B001-F00-U001", "ULPIN": "27-21-08-349-001908", "parent_building_id": "EXRSQ97NPWQ6YK", "building_name": "Building EXRSQ9", "floor_number": -1, "floor_name": "Basement / Parking", "unit_number": "Parking Bay P-01", "unit_id": "P01", "z_min": -3.0, "z_max": 0.0, "height": 3.0, "color": "#64748b", "use_type": "Parking / Storage", "status": "VERIFIED", "area_sqm": 961.8, "confidence": 0.95}}, {"type": "Feature", "geometry": {"type": "Polygon", "coordinates": [[[73.8172662, 18.5599811], [73.8174379, 18.5597599], [73.81710989999999, 18.559528071794333], [73.81710989999999, 18.5598787288251], [73.8172662, 18.5599811]]]}, "properties": {"three_d_property_id": "27-21-08-349-001908-B001-F00-U002", "UIPIN": "27-21-08-349-001908-B001-F00-U002", "ULPIN": "27-21-08-349-001908", "parent_building_id": "EXRSQ97NPWQ6YK", "building_name": "Building EXRSQ9", "floor_number": -1, "floor_name": "Basement / Parking", "unit_number": "Parking Bay P-02", "unit_id": "P02", "z_min": -3.0, "z_max": 0.0, "height": 3.0, "color": "#64748b", "use_type": "Parking / Storage", "status": "VERIFIED", "area_sqm": 932.2, "confidence": 0.95}}, {"type": "Feature", "geometry": {"type": "Polygon", "coordinates": [[[73.8169536, 18.5594176], [73.8167819, 18.5596639], [73.81710989999999, 18.5598787288251], [73.81710989999999, 18.559528071794333], [73.8169536, 18.5594176]]]}, "properties": {"three_d_property_id": "27-21-08-349-001908-B001-F01-U011", "UIPIN": "27-21-08-349-001908-B001-F01-U011", "ULPIN": "27-21-08-349-001908", "parent_building_id": "EXRSQ97NPWQ6YK", "building_name": "Building EXRSQ9", "floor_number": 1, "floor_name": "Floor 1", "unit_number": "Unit 1A", "unit_id": "U-1A", "z_min": 0.0, "z_max": 3.0, "height": 3.0, "color": "#f59e0b", "use_type": "Commercial", "status": "VERIFIED", "area_sqm": 961.8, "confidence": 0.96}}, {"type": "Feature", "geometry": {"type": "Polygon", "coordinates": [[[73.8172662, 18.5599811], [73.8174379, 18.5597599], [73.81710989999999, 18.559528071794333], [73.81710989999999, 18.5598787288251], [73.8172662, 18.5599811]]]}, "properties": {"three_d_property_id": "27-21-08-349-001908-B001-F01-U012", "UIPIN": "27-21-08-349-001908-B001-F01-U012", "ULPIN": "27-21-08-349-001908", "parent_building_id": "EXRSQ97NPWQ6YK", "building_name": "Building EXRSQ9", "floor_number": 1, "floor_name": "Floor 1", "unit_number": "Unit 1B", "unit_id": "U-1B", "z_min": 0.0, "z_max": 3.0, "height": 3.0, "color": "#f59e0b", "use_type": "Commercial", "status": "VERIFIED", "area_sqm": 932.2, "confidence": 0.96}}, {"type": "Feature", "geometry": {"type": "Polygon", "coordinates": [[[73.8169536, 18.5594176], [73.8167819, 18.5596639], [73.81710989999999, 18.5598787288251], [73.81710989999999, 18.559528071794333], [73.8169536, 18.5594176]]]}, "properties": {"three_d_property_id": "27-21-08-349-001908-B001-F02-U021", "UIPIN": "27-21-08-349-001908-B001-F02-U021", "ULPIN": "27-21-08-349-001908", "parent_building_id": "EXRSQ97NPWQ6YK", "building_name": "Building EXRSQ9", "floor_number": 2, "floor_name": "Floor 2", "unit_number": "Unit 2A", "unit_id": "U-2A", "z_min": 3.0, "z_max": 6.0, "height": 3.0, "color": "#10b981", "use_type": "Commercial", "status": "VERIFIED", "area_sqm": 961.8, "confidence": 0.96}}, {"type": "Feature", "geometry": {"type": "Polygon", "coordinates": [[[73.8172662, 18.5599811], [73.8174379, 18.5597599], [73.81710989999999, 18.559528071794333], [73.81710989999999, 18.5598787288251], [73.8172662, 18.5599811]]]}, "properties": {"three_d_property_id": "27-21-08-349-001908-B001-F02-U022", "UIPIN": "27-21-08-349-001908-B001-F02-U022", "ULPIN": "27-21-08-349-001908", "parent_building_id": "EXRSQ97NPWQ6YK", "building_name": "Building EXRSQ9", "floor_number": 2, "floor_name": "Floor 2", "unit_number": "Unit 2B", "unit_id": "U-2B", "z_min": 3.0, "z_max": 6.0, "height": 3.0, "color": "#10b981", "use_type": "Commercial", "status": "VERIFIED", "area_sqm": 932.2, "confidence": 0.96}}, {"type": "Feature", "geometry": {"type": "Polygon", "coordinates": [[[73.8169536, 18.5594176], [73.8167819, 18.5596639], [73.81710989999999, 18.5598787288251], [73.81710989999999, 18.559528071794333], [73.8169536, 18.5594176]]]}, "properties": {"three_d_property_id": "27-21-08-349-001908-B001-F03-U031", "UIPIN": "27-21-08-349-001908-B001-F03-U031", "ULPIN": "27-21-08-349-001908", "parent_building_id": "EXRSQ97NPWQ6YK", "building_name": "Building EXRSQ9", "floor_number": 3, "floor_name": "Floor 3", "unit_number": "Unit 3A", "unit_id": "U-3A", "z_min": 6.0, "z_max": 9.0, "height": 3.0, "color": "#0ea5e9", "use_type": "Commercial", "status": "PROVISIONAL", "area_sqm": 961.8, "confidence": 0.9}}, {"type": "Feature", "geometry": {"type": "Polygon", "coordinates": [[[73.8172662, 18.5599811], [73.8174379, 18.5597599], [73.81710989999999, 18.559528071794333], [73.81710989999999, 18.5598787288251], [73.8172662, 18.5599811]]]}, "properties": {"three_d_property_id": "27-21-08-349-001908-B001-F03-U032", "UIPIN": "27-21-08-349-001908-B001-F03-U032", "ULPIN": "27-21-08-349-001908", "parent_building_id": "EXRSQ97NPWQ6YK", "building_name": "Building EXRSQ9", "floor_number": 3, "floor_name": "Floor 3", "unit_number": "Unit 3B", "unit_id": "U-3B", "z_min": 6.0, "z_max": 9.0, "height": 3.0, "color": "#0ea5e9", "use_type": "Commercial", "status": "PROVISIONAL", "area_sqm": 932.2, "confidence": 0.9}}, {"type": "Feature", "geometry": {"type": "Polygon", "coordinates": [[[73.8171297, 18.559163], [73.8169844, 18.5593884], [73.8173058, 18.559596861832667], [73.8173058, 18.5592841638794], [73.8171297, 18.559163]]]}, "properties": {"three_d_property_id": "27-21-15-981-001909-B001-F00-U001", "UIPIN": "27-21-15-981-001909-B001-F00-U001", "ULPIN": "27-21-15-981-001909", "parent_building_id": "UWNN6LXYNUWPKN", "building_name": "Building UWNN6L", "floor_number": -1, "floor_name": "Basement / Parking", "unit_number": "Parking Bay P-01", "unit_id": "P01", "z_min": -3.0, "z_max": 0.0, "height": 3.0, "color": "#64748b", "use_type": "Parking / Storage", "status": "VERIFIED", "area_sqm": 880.0, "confidence": 0.95}}, {"type": "Feature", "geometry": {"type": "Polygon", "coordinates": [[[73.8174864, 18.559714], [73.8176272, 18.5595053], [73.8173058, 18.5592841638794], [73.8173058, 18.559596861832667], [73.8174864, 18.559714]]]}, "properties": {"three_d_property_id": "27-21-15-981-001909-B001-F00-U002", "UIPIN": "27-21-15-981-001909-B001-F00-U002", "ULPIN": "27-21-15-981-001909", "parent_building_id": "UWNN6LXYNUWPKN", "building_name": "Building UWNN6L", "floor_number": -1, "floor_name": "Basement / Parking", "unit_number": "Parking Bay P-02", "unit_id": "P02", "z_min": -3.0, "z_max": 0.0, "height": 3.0, "color": "#64748b", "use_type": "Parking / Storage", "status": "VERIFIED", "area_sqm": 862.6, "confidence": 0.95}}, {"type": "Feature", "geometry": {"type": "Polygon", "coordinates": [[[73.8171297, 18.559163], [73.8169844, 18.5593884], [73.8173058, 18.559596861832667], [73.8173058, 18.5592841638794], [73.8171297, 18.559163]]]}, "properties": {"three_d_property_id": "27-21-15-981-001909-B001-F01-U011", "UIPIN": "27-21-15-981-001909-B001-F01-U011", "ULPIN": "27-21-15-981-001909", "parent_building_id": "UWNN6LXYNUWPKN", "building_name": "Building UWNN6L", "floor_number": 1, "floor_name": "Floor 1", "unit_number": "Unit 1A", "unit_id": "U-1A", "z_min": 0.0, "z_max": 3.0, "height": 3.0, "color": "#f59e0b", "use_type": "Residential", "status": "VERIFIED", "area_sqm": 880.0, "confidence": 0.96}}, {"type": "Feature", "geometry": {"type": "Polygon", "coordinates": [[[73.8174864, 18.559714], [73.8176272, 18.5595053], [73.8173058, 18.5592841638794], [73.8173058, 18.559596861832667], [73.8174864, 18.559714]]]}, "properties": {"three_d_property_id": "27-21-15-981-001909-B001-F01-U012", "UIPIN": "27-21-15-981-001909-B001-F01-U012", "ULPIN": "27-21-15-981-001909", "parent_building_id": "UWNN6LXYNUWPKN", "building_name": "Building UWNN6L", "floor_number": 1, "floor_name": "Floor 1", "unit_number": "Unit 1B", "unit_id": "U-1B", "z_min": 0.0, "z_max": 3.0, "height": 3.0, "color": "#f59e0b", "use_type": "Residential", "status": "VERIFIED", "area_sqm": 862.6, "confidence": 0.96}}, {"type": "Feature", "geometry": {"type": "Polygon", "coordinates": [[[73.8171297, 18.559163], [73.8169844, 18.5593884], [73.8173058, 18.559596861832667], [73.8173058, 18.5592841638794], [73.8171297, 18.559163]]]}, "properties": {"three_d_property_id": "27-21-15-981-001909-B001-F02-U021", "UIPIN": "27-21-15-981-001909-B001-F02-U021", "ULPIN": "27-21-15-981-001909", "parent_building_id": "UWNN6LXYNUWPKN", "building_name": "Building UWNN6L", "floor_number": 2, "floor_name": "Floor 2", "unit_number": "Unit 2A", "unit_id": "U-2A", "z_min": 3.0, "z_max": 6.0, "height": 3.0, "color": "#10b981", "use_type": "Residential", "status": "VERIFIED", "area_sqm": 880.0, "confidence": 0.96}}, {"type": "Feature", "geometry": {"type": "Polygon", "coordinates": [[[73.8174864, 18.559714], [73.8176272, 18.5595053], [73.8173058, 18.5592841638794], [73.8173058, 18.559596861832667], [73.8174864, 18.559714]]]}, "properties": {"three_d_property_id": "27-21-15-981-001909-B001-F02-U022", "UIPIN": "27-21-15-981-001909-B001-F02-U022", "ULPIN": "27-21-15-981-001909", "parent_building_id": "UWNN6LXYNUWPKN", "building_name": "Building UWNN6L", "floor_number": 2, "floor_name": "Floor 2", "unit_number": "Unit 2B", "unit_id": "U-2B", "z_min": 3.0, "z_max": 6.0, "height": 3.0, "color": "#10b981", "use_type": "Residential", "status": "VERIFIED", "area_sqm": 862.6, "confidence": 0.96}}, {"type": "Feature", "geometry": {"type": "Polygon", "coordinates": [[[73.8171297, 18.559163], [73.8169844, 18.5593884], [73.8173058, 18.559596861832667], [73.8173058, 18.5592841638794], [73.8171297, 18.559163]]]}, "properties": {"three_d_property_id": "27-21-15-981-001909-B001-F03-U031", "UIPIN": "27-21-15-981-001909-B001-F03-U031", "ULPIN": "27-21-15-981-001909", "parent_building_id": "UWNN6LXYNUWPKN", "building_name": "Building UWNN6L", "floor_number": 3, "floor_name": "Floor 3", "unit_number": "Unit 3A", "unit_id": "U-3A", "z_min": 6.0, "z_max": 9.0, "height": 3.0, "color": "#0ea5e9", "use_type": "Residential", "status": "PROVISIONAL", "area_sqm": 880.0, "confidence": 0.9}}, {"type": "Feature", "geometry": {"type": "Polygon", "coordinates": [[[73.8174864, 18.559714], [73.8176272, 18.5595053], [73.8173058, 18.5592841638794], [73.8173058, 18.559596861832667], [73.8174864, 18.559714]]]}, "properties": {"three_d_property_id": "27-21-15-981-001909-B001-F03-U032", "UIPIN": "27-21-15-981-001909-B001-F03-U032", "ULPIN": "27-21-15-981-001909", "parent_building_id": "UWNN6LXYNUWPKN", "building_name": "Building UWNN6L", "floor_number": 3, "floor_name": "Floor 3", "unit_number": "Unit 3B", "unit_id": "U-3B", "z_min": 6.0, "z_max": 9.0, "height": 3.0, "color": "#0ea5e9", "use_type": "Residential", "status": "PROVISIONAL", "area_sqm": 862.6, "confidence": 0.9}}, {"type": "Feature", "geometry": {"type": "Polygon", "coordinates": [[[73.843494, 18.5534561], [73.8434943, 18.5535595], [73.84372354999999, 18.55355900032694], [73.84372354999999, 18.553455549640365], [73.843494, 18.5534561]]]}, "properties": {"three_d_property_id": "27-21-12-932-002505-B001-F00-U001", "UIPIN": "27-21-12-932-002505-B001-F00-U001", "ULPIN": "27-21-12-932-002505", "parent_building_id": "FZ5WW4YYMOES7S", "building_name": "Rangehills Quarters", "floor_number": -1, "floor_name": "Basement / Parking", "unit_number": "Parking Bay P-01", "unit_id": "P01", "z_min": -3.0, "z_max": 0.0, "height": 3.0, "color": "#64748b", "use_type": "Parking / Storage", "status": "VERIFIED", "area_sqm": 264.6, "confidence": 0.95}}, {"type": "Feature", "geometry": {"type": "Polygon", "coordinates": [[[73.8439531, 18.5535585], [73.8439528, 18.553455], [73.84372354999999, 18.553455549640365], [73.84372354999999, 18.55355900032694], [73.8439531, 18.5535585]]]}, "properties": {"three_d_property_id": "27-21-12-932-002505-B001-F00-U002", "UIPIN": "27-21-12-932-002505-B001-F00-U002", "ULPIN": "27-21-12-932-002505", "parent_building_id": "FZ5WW4YYMOES7S", "building_name": "Rangehills Quarters", "floor_number": -1, "floor_name": "Basement / Parking", "unit_number": "Parking Bay P-02", "unit_id": "P02", "z_min": -3.0, "z_max": 0.0, "height": 3.0, "color": "#64748b", "use_type": "Parking / Storage", "status": "VERIFIED", "area_sqm": 264.7, "confidence": 0.95}}, {"type": "Feature", "geometry": {"type": "Polygon", "coordinates": [[[73.843494, 18.5534561], [73.8434943, 18.5535595], [73.84372354999999, 18.55355900032694], [73.84372354999999, 18.553455549640365], [73.843494, 18.5534561]]]}, "properties": {"three_d_property_id": "27-21-12-932-002505-B001-F01-U011", "UIPIN": "27-21-12-932-002505-B001-F01-U011", "ULPIN": "27-21-12-932-002505", "parent_building_id": "FZ5WW4YYMOES7S", "building_name": "Rangehills Quarters", "floor_number": 1, "floor_name": "Floor 1", "unit_number": "Unit 1A", "unit_id": "U-1A", "z_min": 0.0, "z_max": 3.0, "height": 3.0, "color": "#f59e0b", "use_type": "Residential", "status": "VERIFIED", "area_sqm": 264.6, "confidence": 0.96}}, {"type": "Feature", "geometry": {"type": "Polygon", "coordinates": [[[73.8439531, 18.5535585], [73.8439528, 18.553455], [73.84372354999999, 18.553455549640365], [73.84372354999999, 18.55355900032694], [73.8439531, 18.5535585]]]}, "properties": {"three_d_property_id": "27-21-12-932-002505-B001-F01-U012", "UIPIN": "27-21-12-932-002505-B001-F01-U012", "ULPIN": "27-21-12-932-002505", "parent_building_id": "FZ5WW4YYMOES7S", "building_name": "Rangehills Quarters", "floor_number": 1, "floor_name": "Floor 1", "unit_number": "Unit 1B", "unit_id": "U-1B", "z_min": 0.0, "z_max": 3.0, "height": 3.0, "color": "#f59e0b", "use_type": "Residential", "status": "VERIFIED", "area_sqm": 264.7, "confidence": 0.96}}, {"type": "Feature", "geometry": {"type": "Polygon", "coordinates": [[[73.843494, 18.5534561], [73.8434943, 18.5535595], [73.84372354999999, 18.55355900032694], [73.84372354999999, 18.553455549640365], [73.843494, 18.5534561]]]}, "properties": {"three_d_property_id": "27-21-12-932-002505-B001-F02-U021", "UIPIN": "27-21-12-932-002505-B001-F02-U021", "ULPIN": "27-21-12-932-002505", "parent_building_id": "FZ5WW4YYMOES7S", "building_name": "Rangehills Quarters", "floor_number": 2, "floor_name": "Floor 2", "unit_number": "Unit 2A", "unit_id": "U-2A", "z_min": 3.0, "z_max": 6.0, "height": 3.0, "color": "#10b981", "use_type": "Residential", "status": "VERIFIED", "area_sqm": 264.6, "confidence": 0.96}}, {"type": "Feature", "geometry": {"type": "Polygon", "coordinates": [[[73.8439531, 18.5535585], [73.8439528, 18.553455], [73.84372354999999, 18.553455549640365], [73.84372354999999, 18.55355900032694], [73.8439531, 18.5535585]]]}, "properties": {"three_d_property_id": "27-21-12-932-002505-B001-F02-U022", "UIPIN": "27-21-12-932-002505-B001-F02-U022", "ULPIN": "27-21-12-932-002505", "parent_building_id": "FZ5WW4YYMOES7S", "building_name": "Rangehills Quarters", "floor_number": 2, "floor_name": "Floor 2", "unit_number": "Unit 2B", "unit_id": "U-2B", "z_min": 3.0, "z_max": 6.0, "height": 3.0, "color": "#10b981", "use_type": "Residential", "status": "VERIFIED", "area_sqm": 264.7, "confidence": 0.96}}, {"type": "Feature", "geometry": {"type": "Polygon", "coordinates": [[[73.843494, 18.5534561], [73.8434943, 18.5535595], [73.84372354999999, 18.55355900032694], [73.84372354999999, 18.553455549640365], [73.843494, 18.5534561]]]}, "properties": {"three_d_property_id": "27-21-12-932-002505-B001-F03-U031", "UIPIN": "27-21-12-932-002505-B001-F03-U031", "ULPIN": "27-21-12-932-002505", "parent_building_id": "FZ5WW4YYMOES7S", "building_name": "Rangehills Quarters", "floor_number": 3, "floor_name": "Floor 3", "unit_number": "Unit 3A", "unit_id": "U-3A", "z_min": 6.0, "z_max": 9.0, "height": 3.0, "color": "#0ea5e9", "use_type": "Residential", "status": "PROVISIONAL", "area_sqm": 264.6, "confidence": 0.9}}, {"type": "Feature", "geometry": {"type": "Polygon", "coordinates": [[[73.8439531, 18.5535585], [73.8439528, 18.553455], [73.84372354999999, 18.553455549640365], [73.84372354999999, 18.55355900032694], [73.8439531, 18.5535585]]]}, "properties": {"three_d_property_id": "27-21-12-932-002505-B001-F03-U032", "UIPIN": "27-21-12-932-002505-B001-F03-U032", "ULPIN": "27-21-12-932-002505", "parent_building_id": "FZ5WW4YYMOES7S", "building_name": "Rangehills Quarters", "floor_number": 3, "floor_name": "Floor 3", "unit_number": "Unit 3B", "unit_id": "U-3B", "z_min": 6.0, "z_max": 9.0, "height": 3.0, "color": "#0ea5e9", "use_type": "Residential", "status": "PROVISIONAL", "area_sqm": 264.7, "confidence": 0.9}}, {"type": "Feature", "geometry": {"type": "Polygon", "coordinates": [[[73.8429615, 18.5568338], [73.8429574, 18.5569244], [73.84316215000001, 18.5569271], [73.84316215000001, 18.556837193235513], [73.8429615, 18.5568338]]]}, "properties": {"three_d_property_id": "27-21-03-300-002506-B001-F00-U001", "UIPIN": "27-21-03-300-002506-B001-F00-U001", "ULPIN": "27-21-03-300-002506", "parent_building_id": "4S3E3TIRD5ECFJ", "building_name": "Building 4S3E3T", "floor_number": -1, "floor_name": "Basement / Parking", "unit_number": "Parking Bay P-01", "unit_id": "P01", "z_min": -3.0, "z_max": 0.0, "height": 3.0, "color": "#64748b", "use_type": "Parking / Storage", "status": "VERIFIED", "area_sqm": 204.1, "confidence": 0.95}}, {"type": "Feature", "geometry": {"type": "Polygon", "coordinates": [[[73.8433669, 18.5569298], [73.8433636, 18.5568406], [73.84316215000001, 18.556837193235513], [73.84316215000001, 18.5569271], [73.8433669, 18.5569298]]]}, "properties": {"three_d_property_id": "27-21-03-300-002506-B001-F00-U002", "UIPIN": "27-21-03-300-002506-B001-F00-U002", "ULPIN": "27-21-03-300-002506", "parent_building_id": "4S3E3TIRD5ECFJ", "building_name": "Building 4S3E3T", "floor_number": -1, "floor_name": "Basement / Parking", "unit_number": "Parking Bay P-02", "unit_id": "P02", "z_min": -3.0, "z_max": 0.0, "height": 3.0, "color": "#64748b", "use_type": "Parking / Storage", "status": "VERIFIED", "area_sqm": 202.8, "confidence": 0.95}}, {"type": "Feature", "geometry": {"type": "Polygon", "coordinates": [[[73.8429615, 18.5568338], [73.8429574, 18.5569244], [73.84316215000001, 18.5569271], [73.84316215000001, 18.556837193235513], [73.8429615, 18.5568338]]]}, "properties": {"three_d_property_id": "27-21-03-300-002506-B001-F01-U011", "UIPIN": "27-21-03-300-002506-B001-F01-U011", "ULPIN": "27-21-03-300-002506", "parent_building_id": "4S3E3TIRD5ECFJ", "building_name": "Building 4S3E3T", "floor_number": 1, "floor_name": "Floor 1", "unit_number": "Unit 1A", "unit_id": "U-1A", "z_min": 0.0, "z_max": 3.0, "height": 3.0, "color": "#f59e0b", "use_type": "Residential", "status": "VERIFIED", "area_sqm": 204.1, "confidence": 0.96}}, {"type": "Feature", "geometry": {"type": "Polygon", "coordinates": [[[73.8433669, 18.5569298], [73.8433636, 18.5568406], [73.84316215000001, 18.556837193235513], [73.84316215000001, 18.5569271], [73.8433669, 18.5569298]]]}, "properties": {"three_d_property_id": "27-21-03-300-002506-B001-F01-U012", "UIPIN": "27-21-03-300-002506-B001-F01-U012", "ULPIN": "27-21-03-300-002506", "parent_building_id": "4S3E3TIRD5ECFJ", "building_name": "Building 4S3E3T", "floor_number": 1, "floor_name": "Floor 1", "unit_number": "Unit 1B", "unit_id": "U-1B", "z_min": 0.0, "z_max": 3.0, "height": 3.0, "color": "#f59e0b", "use_type": "Residential", "status": "VERIFIED", "area_sqm": 202.8, "confidence": 0.96}}, {"type": "Feature", "geometry": {"type": "Polygon", "coordinates": [[[73.8429615, 18.5568338], [73.8429574, 18.5569244], [73.84316215000001, 18.5569271], [73.84316215000001, 18.556837193235513], [73.8429615, 18.5568338]]]}, "properties": {"three_d_property_id": "27-21-03-300-002506-B001-F02-U021", "UIPIN": "27-21-03-300-002506-B001-F02-U021", "ULPIN": "27-21-03-300-002506", "parent_building_id": "4S3E3TIRD5ECFJ", "building_name": "Building 4S3E3T", "floor_number": 2, "floor_name": "Floor 2", "unit_number": "Unit 2A", "unit_id": "U-2A", "z_min": 3.0, "z_max": 6.0, "height": 3.0, "color": "#10b981", "use_type": "Residential", "status": "VERIFIED", "area_sqm": 204.1, "confidence": 0.96}}, {"type": "Feature", "geometry": {"type": "Polygon", "coordinates": [[[73.8433669, 18.5569298], [73.8433636, 18.5568406], [73.84316215000001, 18.556837193235513], [73.84316215000001, 18.5569271], [73.8433669, 18.5569298]]]}, "properties": {"three_d_property_id": "27-21-03-300-002506-B001-F02-U022", "UIPIN": "27-21-03-300-002506-B001-F02-U022", "ULPIN": "27-21-03-300-002506", "parent_building_id": "4S3E3TIRD5ECFJ", "building_name": "Building 4S3E3T", "floor_number": 2, "floor_name": "Floor 2", "unit_number": "Unit 2B", "unit_id": "U-2B", "z_min": 3.0, "z_max": 6.0, "height": 3.0, "color": "#10b981", "use_type": "Residential", "status": "VERIFIED", "area_sqm": 202.8, "confidence": 0.96}}, {"type": "Feature", "geometry": {"type": "Polygon", "coordinates": [[[73.8429615, 18.5568338], [73.8429574, 18.5569244], [73.84316215000001, 18.5569271], [73.84316215000001, 18.556837193235513], [73.8429615, 18.5568338]]]}, "properties": {"three_d_property_id": "27-21-03-300-002506-B001-F03-U031", "UIPIN": "27-21-03-300-002506-B001-F03-U031", "ULPIN": "27-21-03-300-002506", "parent_building_id": "4S3E3TIRD5ECFJ", "building_name": "Building 4S3E3T", "floor_number": 3, "floor_name": "Floor 3", "unit_number": "Unit 3A", "unit_id": "U-3A", "z_min": 6.0, "z_max": 9.0, "height": 3.0, "color": "#0ea5e9", "use_type": "Residential", "status": "PROVISIONAL", "area_sqm": 204.1, "confidence": 0.9}}, {"type": "Feature", "geometry": {"type": "Polygon", "coordinates": [[[73.8433669, 18.5569298], [73.8433636, 18.5568406], [73.84316215000001, 18.556837193235513], [73.84316215000001, 18.5569271], [73.8433669, 18.5569298]]]}, "properties": {"three_d_property_id": "27-21-03-300-002506-B001-F03-U032", "UIPIN": "27-21-03-300-002506-B001-F03-U032", "ULPIN": "27-21-03-300-002506", "parent_building_id": "4S3E3TIRD5ECFJ", "building_name": "Building 4S3E3T", "floor_number": 3, "floor_name": "Floor 3", "unit_number": "Unit 3B", "unit_id": "U-3B", "z_min": 6.0, "z_max": 9.0, "height": 3.0, "color": "#0ea5e9", "use_type": "Residential", "status": "PROVISIONAL", "area_sqm": 202.8, "confidence": 0.9}}, {"type": "Feature", "geometry": {"type": "Polygon", "coordinates": [[[73.8429615, 18.5568338], [73.8429574, 18.5569244], [73.84316215000001, 18.5569271], [73.84316215000001, 18.556837193235513], [73.8429615, 18.5568338]]]}, "properties": {"three_d_property_id": "27-21-03-300-002506-B001-F04-U041", "UIPIN": "27-21-03-300-002506-B001-F04-U041", "ULPIN": "27-21-03-300-002506", "parent_building_id": "4S3E3TIRD5ECFJ", "building_name": "Building 4S3E3T", "floor_number": 4, "floor_name": "Floor 4", "unit_number": "Unit 4A", "unit_id": "U-4A", "z_min": 9.0, "z_max": 12.0, "height": 3.0, "color": "#8b5cf6", "use_type": "Residential", "status": "PROVISIONAL", "area_sqm": 204.1, "confidence": 0.9}}, {"type": "Feature", "geometry": {"type": "Polygon", "coordinates": [[[73.8433669, 18.5569298], [73.8433636, 18.5568406], [73.84316215000001, 18.556837193235513], [73.84316215000001, 18.5569271], [73.8433669, 18.5569298]]]}, "properties": {"three_d_property_id": "27-21-03-300-002506-B001-F04-U042", "UIPIN": "27-21-03-300-002506-B001-F04-U042", "ULPIN": "27-21-03-300-002506", "parent_building_id": "4S3E3TIRD5ECFJ", "building_name": "Building 4S3E3T", "floor_number": 4, "floor_name": "Floor 4", "unit_number": "Unit 4B", "unit_id": "U-4B", "z_min": 9.0, "z_max": 12.0, "height": 3.0, "color": "#8b5cf6", "use_type": "Residential", "status": "PROVISIONAL", "area_sqm": 202.8, "confidence": 0.9}}, {"type": "Feature", "geometry": {"type": "Polygon", "coordinates": [[[73.8434031, 18.556863], [73.8434036, 18.5569658], [73.84362875, 18.556964900998224], [73.84362875, 18.55686214905723], [73.8434031, 18.556863]]]}, "properties": {"three_d_property_id": "27-21-10-913-002507-B001-F00-U001", "UIPIN": "27-21-10-913-002507-B001-F00-U001", "ULPIN": "27-21-10-913-002507", "parent_building_id": "ZS958PCYHC065J", "building_name": "rangehills quaters", "floor_number": -1, "floor_name": "Basement / Parking", "unit_number": "Parking Bay P-01", "unit_id": "P01", "z_min": -3.0, "z_max": 0.0, "height": 3.0, "color": "#64748b", "use_type": "Parking / Storage", "status": "VERIFIED", "area_sqm": 258.4, "confidence": 0.95}}, {"type": "Feature", "geometry": {"type": "Polygon", "coordinates": [[[73.8438544, 18.556964], [73.8438539, 18.5568613], [73.84362875, 18.55686214905723], [73.84362875, 18.556964900998224], [73.8438544, 18.556964]]]}, "properties": {"three_d_property_id": "27-21-10-913-002507-B001-F00-U002", "UIPIN": "27-21-10-913-002507-B001-F00-U002", "ULPIN": "27-21-10-913-002507", "parent_building_id": "ZS958PCYHC065J", "building_name": "rangehills quaters", "floor_number": -1, "floor_name": "Basement / Parking", "unit_number": "Parking Bay P-02", "unit_id": "P02", "z_min": -3.0, "z_max": 0.0, "height": 3.0, "color": "#64748b", "use_type": "Parking / Storage", "status": "VERIFIED", "area_sqm": 258.2, "confidence": 0.95}}, {"type": "Feature", "geometry": {"type": "Polygon", "coordinates": [[[73.8434031, 18.556863], [73.8434036, 18.5569658], [73.84362875, 18.556964900998224], [73.84362875, 18.55686214905723], [73.8434031, 18.556863]]]}, "properties": {"three_d_property_id": "27-21-10-913-002507-B001-F01-U011", "UIPIN": "27-21-10-913-002507-B001-F01-U011", "ULPIN": "27-21-10-913-002507", "parent_building_id": "ZS958PCYHC065J", "building_name": "rangehills quaters", "floor_number": 1, "floor_name": "Floor 1", "unit_number": "Unit 1A", "unit_id": "U-1A", "z_min": 0.0, "z_max": 3.0, "height": 3.0, "color": "#f59e0b", "use_type": "Residential", "status": "VERIFIED", "area_sqm": 258.4, "confidence": 0.96}}, {"type": "Feature", "geometry": {"type": "Polygon", "coordinates": [[[73.8438544, 18.556964], [73.8438539, 18.5568613], [73.84362875, 18.55686214905723], [73.84362875, 18.556964900998224], [73.8438544, 18.556964]]]}, "properties": {"three_d_property_id": "27-21-10-913-002507-B001-F01-U012", "UIPIN": "27-21-10-913-002507-B001-F01-U012", "ULPIN": "27-21-10-913-002507", "parent_building_id": "ZS958PCYHC065J", "building_name": "rangehills quaters", "floor_number": 1, "floor_name": "Floor 1", "unit_number": "Unit 1B", "unit_id": "U-1B", "z_min": 0.0, "z_max": 3.0, "height": 3.0, "color": "#f59e0b", "use_type": "Residential", "status": "VERIFIED", "area_sqm": 258.2, "confidence": 0.96}}, {"type": "Feature", "geometry": {"type": "Polygon", "coordinates": [[[73.8434031, 18.556863], [73.8434036, 18.5569658], [73.84362875, 18.556964900998224], [73.84362875, 18.55686214905723], [73.8434031, 18.556863]]]}, "properties": {"three_d_property_id": "27-21-10-913-002507-B001-F02-U021", "UIPIN": "27-21-10-913-002507-B001-F02-U021", "ULPIN": "27-21-10-913-002507", "parent_building_id": "ZS958PCYHC065J", "building_name": "rangehills quaters", "floor_number": 2, "floor_name": "Floor 2", "unit_number": "Unit 2A", "unit_id": "U-2A", "z_min": 3.0, "z_max": 6.0, "height": 3.0, "color": "#10b981", "use_type": "Residential", "status": "VERIFIED", "area_sqm": 258.4, "confidence": 0.96}}, {"type": "Feature", "geometry": {"type": "Polygon", "coordinates": [[[73.8438544, 18.556964], [73.8438539, 18.5568613], [73.84362875, 18.55686214905723], [73.84362875, 18.556964900998224], [73.8438544, 18.556964]]]}, "properties": {"three_d_property_id": "27-21-10-913-002507-B001-F02-U022", "UIPIN": "27-21-10-913-002507-B001-F02-U022", "ULPIN": "27-21-10-913-002507", "parent_building_id": "ZS958PCYHC065J", "building_name": "rangehills quaters", "floor_number": 2, "floor_name": "Floor 2", "unit_number": "Unit 2B", "unit_id": "U-2B", "z_min": 3.0, "z_max": 6.0, "height": 3.0, "color": "#10b981", "use_type": "Residential", "status": "VERIFIED", "area_sqm": 258.2, "confidence": 0.96}}, {"type": "Feature", "geometry": {"type": "Polygon", "coordinates": [[[73.8434031, 18.556863], [73.8434036, 18.5569658], [73.84362875, 18.556964900998224], [73.84362875, 18.55686214905723], [73.8434031, 18.556863]]]}, "properties": {"three_d_property_id": "27-21-10-913-002507-B001-F03-U031", "UIPIN": "27-21-10-913-002507-B001-F03-U031", "ULPIN": "27-21-10-913-002507", "parent_building_id": "ZS958PCYHC065J", "building_name": "rangehills quaters", "floor_number": 3, "floor_name": "Floor 3", "unit_number": "Unit 3A", "unit_id": "U-3A", "z_min": 6.0, "z_max": 9.0, "height": 3.0, "color": "#0ea5e9", "use_type": "Residential", "status": "PROVISIONAL", "area_sqm": 258.4, "confidence": 0.9}}, {"type": "Feature", "geometry": {"type": "Polygon", "coordinates": [[[73.8438544, 18.556964], [73.8438539, 18.5568613], [73.84362875, 18.55686214905723], [73.84362875, 18.556964900998224], [73.8438544, 18.556964]]]}, "properties": {"three_d_property_id": "27-21-10-913-002507-B001-F03-U032", "UIPIN": "27-21-10-913-002507-B001-F03-U032", "ULPIN": "27-21-10-913-002507", "parent_building_id": "ZS958PCYHC065J", "building_name": "rangehills quaters", "floor_number": 3, "floor_name": "Floor 3", "unit_number": "Unit 3B", "unit_id": "U-3B", "z_min": 6.0, "z_max": 9.0, "height": 3.0, "color": "#0ea5e9", "use_type": "Residential", "status": "PROVISIONAL", "area_sqm": 258.2, "confidence": 0.9}}, {"type": "Feature", "geometry": {"type": "Polygon", "coordinates": [[[73.8434031, 18.556863], [73.8434036, 18.5569658], [73.84362875, 18.556964900998224], [73.84362875, 18.55686214905723], [73.8434031, 18.556863]]]}, "properties": {"three_d_property_id": "27-21-10-913-002507-B001-F04-U041", "UIPIN": "27-21-10-913-002507-B001-F04-U041", "ULPIN": "27-21-10-913-002507", "parent_building_id": "ZS958PCYHC065J", "building_name": "rangehills quaters", "floor_number": 4, "floor_name": "Floor 4", "unit_number": "Unit 4A", "unit_id": "U-4A", "z_min": 9.0, "z_max": 12.0, "height": 3.0, "color": "#8b5cf6", "use_type": "Residential", "status": "PROVISIONAL", "area_sqm": 258.4, "confidence": 0.9}}, {"type": "Feature", "geometry": {"type": "Polygon", "coordinates": [[[73.8438544, 18.556964], [73.8438539, 18.5568613], [73.84362875, 18.55686214905723], [73.84362875, 18.556964900998224], [73.8438544, 18.556964]]]}, "properties": {"three_d_property_id": "27-21-10-913-002507-B001-F04-U042", "UIPIN": "27-21-10-913-002507-B001-F04-U042", "ULPIN": "27-21-10-913-002507", "parent_building_id": "ZS958PCYHC065J", "building_name": "rangehills quaters", "floor_number": 4, "floor_name": "Floor 4", "unit_number": "Unit 4B", "unit_id": "U-4B", "z_min": 9.0, "z_max": 12.0, "height": 3.0, "color": "#8b5cf6", "use_type": "Residential", "status": "PROVISIONAL", "area_sqm": 258.2, "confidence": 0.9}}, {"type": "Feature", "geometry": {"type": "Polygon", "coordinates": [[[73.842938, 18.5566307], [73.8429384, 18.5567342], [73.8431638, 18.556732597155555], [73.8431638, 18.55662985], [73.842938, 18.5566307]]]}, "properties": {"three_d_property_id": "27-21-15-505-002508-B001-F00-U001", "UIPIN": "27-21-15-505-002508-B001-F00-U001", "ULPIN": "27-21-15-505-002508", "parent_building_id": "7YOL6LBM0AJ6X2", "building_name": "Building 7YOL6L", "floor_number": -1, "floor_name": "Basement / Parking", "unit_number": "Parking Bay P-01", "unit_id": "P01", "z_min": -3.0, "z_max": 0.0, "height": 3.0, "color": "#64748b", "use_type": "Parking / Storage", "status": "VERIFIED", "area_sqm": 259.5, "confidence": 0.95}}, {"type": "Feature", "geometry": {"type": "Polygon", "coordinates": [[[73.8433884, 18.556731], [73.8433896, 18.556629], [73.8431638, 18.55662985], [73.8431638, 18.556732597155555], [73.8433884, 18.556731]]]}, "properties": {"three_d_property_id": "27-21-15-505-002508-B001-F00-U002", "UIPIN": "27-21-15-505-002508-B001-F00-U002", "ULPIN": "27-21-15-505-002508", "parent_building_id": "7YOL6LBM0AJ6X2", "building_name": "Building 7YOL6L", "floor_number": -1, "floor_name": "Basement / Parking", "unit_number": "Parking Bay P-02", "unit_id": "P02", "z_min": -3.0, "z_max": 0.0, "height": 3.0, "color": "#64748b", "use_type": "Parking / Storage", "status": "VERIFIED", "area_sqm": 257.1, "confidence": 0.95}}, {"type": "Feature", "geometry": {"type": "Polygon", "coordinates": [[[73.842938, 18.5566307], [73.8429384, 18.5567342], [73.8431638, 18.556732597155555], [73.8431638, 18.55662985], [73.842938, 18.5566307]]]}, "properties": {"three_d_property_id": "27-21-15-505-002508-B001-F01-U011", "UIPIN": "27-21-15-505-002508-B001-F01-U011", "ULPIN": "27-21-15-505-002508", "parent_building_id": "7YOL6LBM0AJ6X2", "building_name": "Building 7YOL6L", "floor_number": 1, "floor_name": "Floor 1", "unit_number": "Unit 1A", "unit_id": "U-1A", "z_min": 0.0, "z_max": 3.0, "height": 3.0, "color": "#f59e0b", "use_type": "Residential", "status": "VERIFIED", "area_sqm": 259.5, "confidence": 0.96}}, {"type": "Feature", "geometry": {"type": "Polygon", "coordinates": [[[73.8433884, 18.556731], [73.8433896, 18.556629], [73.8431638, 18.55662985], [73.8431638, 18.556732597155555], [73.8433884, 18.556731]]]}, "properties": {"three_d_property_id": "27-21-15-505-002508-B001-F01-U012", "UIPIN": "27-21-15-505-002508-B001-F01-U012", "ULPIN": "27-21-15-505-002508", "parent_building_id": "7YOL6LBM0AJ6X2", "building_name": "Building 7YOL6L", "floor_number": 1, "floor_name": "Floor 1", "unit_number": "Unit 1B", "unit_id": "U-1B", "z_min": 0.0, "z_max": 3.0, "height": 3.0, "color": "#f59e0b", "use_type": "Residential", "status": "VERIFIED", "area_sqm": 257.1, "confidence": 0.96}}, {"type": "Feature", "geometry": {"type": "Polygon", "coordinates": [[[73.842938, 18.5566307], [73.8429384, 18.5567342], [73.8431638, 18.556732597155555], [73.8431638, 18.55662985], [73.842938, 18.5566307]]]}, "properties": {"three_d_property_id": "27-21-15-505-002508-B001-F02-U021", "UIPIN": "27-21-15-505-002508-B001-F02-U021", "ULPIN": "27-21-15-505-002508", "parent_building_id": "7YOL6LBM0AJ6X2", "building_name": "Building 7YOL6L", "floor_number": 2, "floor_name": "Floor 2", "unit_number": "Unit 2A", "unit_id": "U-2A", "z_min": 3.0, "z_max": 6.0, "height": 3.0, "color": "#10b981", "use_type": "Residential", "status": "VERIFIED", "area_sqm": 259.5, "confidence": 0.96}}, {"type": "Feature", "geometry": {"type": "Polygon", "coordinates": [[[73.8433884, 18.556731], [73.8433896, 18.556629], [73.8431638, 18.55662985], [73.8431638, 18.556732597155555], [73.8433884, 18.556731]]]}, "properties": {"three_d_property_id": "27-21-15-505-002508-B001-F02-U022", "UIPIN": "27-21-15-505-002508-B001-F02-U022", "ULPIN": "27-21-15-505-002508", "parent_building_id": "7YOL6LBM0AJ6X2", "building_name": "Building 7YOL6L", "floor_number": 2, "floor_name": "Floor 2", "unit_number": "Unit 2B", "unit_id": "U-2B", "z_min": 3.0, "z_max": 6.0, "height": 3.0, "color": "#10b981", "use_type": "Residential", "status": "VERIFIED", "area_sqm": 257.1, "confidence": 0.96}}, {"type": "Feature", "geometry": {"type": "Polygon", "coordinates": [[[73.842938, 18.5566307], [73.8429384, 18.5567342], [73.8431638, 18.556732597155555], [73.8431638, 18.55662985], [73.842938, 18.5566307]]]}, "properties": {"three_d_property_id": "27-21-15-505-002508-B001-F03-U031", "UIPIN": "27-21-15-505-002508-B001-F03-U031", "ULPIN": "27-21-15-505-002508", "parent_building_id": "7YOL6LBM0AJ6X2", "building_name": "Building 7YOL6L", "floor_number": 3, "floor_name": "Floor 3", "unit_number": "Unit 3A", "unit_id": "U-3A", "z_min": 6.0, "z_max": 9.0, "height": 3.0, "color": "#0ea5e9", "use_type": "Residential", "status": "PROVISIONAL", "area_sqm": 259.5, "confidence": 0.9}}, {"type": "Feature", "geometry": {"type": "Polygon", "coordinates": [[[73.8433884, 18.556731], [73.8433896, 18.556629], [73.8431638, 18.55662985], [73.8431638, 18.556732597155555], [73.8433884, 18.556731]]]}, "properties": {"three_d_property_id": "27-21-15-505-002508-B001-F03-U032", "UIPIN": "27-21-15-505-002508-B001-F03-U032", "ULPIN": "27-21-15-505-002508", "parent_building_id": "7YOL6LBM0AJ6X2", "building_name": "Building 7YOL6L", "floor_number": 3, "floor_name": "Floor 3", "unit_number": "Unit 3B", "unit_id": "U-3B", "z_min": 6.0, "z_max": 9.0, "height": 3.0, "color": "#0ea5e9", "use_type": "Residential", "status": "PROVISIONAL", "area_sqm": 257.1, "confidence": 0.9}}, {"type": "Feature", "geometry": {"type": "Polygon", "coordinates": [[[73.842938, 18.5566307], [73.8429384, 18.5567342], [73.8431638, 18.556732597155555], [73.8431638, 18.55662985], [73.842938, 18.5566307]]]}, "properties": {"three_d_property_id": "27-21-15-505-002508-B001-F04-U041", "UIPIN": "27-21-15-505-002508-B001-F04-U041", "ULPIN": "27-21-15-505-002508", "parent_building_id": "7YOL6LBM0AJ6X2", "building_name": "Building 7YOL6L", "floor_number": 4, "floor_name": "Floor 4", "unit_number": "Unit 4A", "unit_id": "U-4A", "z_min": 9.0, "z_max": 12.0, "height": 3.0, "color": "#8b5cf6", "use_type": "Residential", "status": "PROVISIONAL", "area_sqm": 259.5, "confidence": 0.9}}, {"type": "Feature", "geometry": {"type": "Polygon", "coordinates": [[[73.8433884, 18.556731], [73.8433896, 18.556629], [73.8431638, 18.55662985], [73.8431638, 18.556732597155555], [73.8433884, 18.556731]]]}, "properties": {"three_d_property_id": "27-21-15-505-002508-B001-F04-U042", "UIPIN": "27-21-15-505-002508-B001-F04-U042", "ULPIN": "27-21-15-505-002508", "parent_building_id": "7YOL6LBM0AJ6X2", "building_name": "Building 7YOL6L", "floor_number": 4, "floor_name": "Floor 4", "unit_number": "Unit 4B", "unit_id": "U-4B", "z_min": 9.0, "z_max": 12.0, "height": 3.0, "color": "#8b5cf6", "use_type": "Residential", "status": "PROVISIONAL", "area_sqm": 257.1, "confidence": 0.9}}, {"type": "Feature", "geometry": {"type": "Polygon", "coordinates": [[[73.8434369, 18.5566337], [73.8434365, 18.5567365], [73.8436508, 18.55673735099276], [73.8436508, 18.556634549205977], [73.8434369, 18.5566337]]]}, "properties": {"three_d_property_id": "27-21-02-466-002509-B001-F00-U001", "UIPIN": "27-21-02-466-002509-B001-F00-U001", "ULPIN": "27-21-02-466-002509", "parent_building_id": "O6QNH5EYQT4XS3", "building_name": "Building O6QNH5", "floor_number": -1, "floor_name": "Basement / Parking", "unit_number": "Parking Bay P-01", "unit_id": "P01", "z_min": -3.0, "z_max": 0.0, "height": 3.0, "color": "#64748b", "use_type": "Parking / Storage", "status": "VERIFIED", "area_sqm": 245.5, "confidence": 0.95}}, {"type": "Feature", "geometry": {"type": "Polygon", "coordinates": [[[73.8438646, 18.5567382], [73.8438651, 18.5566354], [73.8436508, 18.556634549205977], [73.8436508, 18.55673735099276], [73.8438646, 18.5567382]]]}, "properties": {"three_d_property_id": "27-21-02-466-002509-B001-F00-U002", "UIPIN": "27-21-02-466-002509-B001-F00-U002", "ULPIN": "27-21-02-466-002509", "parent_building_id": "O6QNH5EYQT4XS3", "building_name": "Building O6QNH5", "floor_number": -1, "floor_name": "Basement / Parking", "unit_number": "Parking Bay P-02", "unit_id": "P02", "z_min": -3.0, "z_max": 0.0, "height": 3.0, "color": "#64748b", "use_type": "Parking / Storage", "status": "VERIFIED", "area_sqm": 245.4, "confidence": 0.95}}, {"type": "Feature", "geometry": {"type": "Polygon", "coordinates": [[[73.8434369, 18.5566337], [73.8434365, 18.5567365], [73.8436508, 18.55673735099276], [73.8436508, 18.556634549205977], [73.8434369, 18.5566337]]]}, "properties": {"three_d_property_id": "27-21-02-466-002509-B001-F01-U011", "UIPIN": "27-21-02-466-002509-B001-F01-U011", "ULPIN": "27-21-02-466-002509", "parent_building_id": "O6QNH5EYQT4XS3", "building_name": "Building O6QNH5", "floor_number": 1, "floor_name": "Floor 1", "unit_number": "Unit 1A", "unit_id": "U-1A", "z_min": 0.0, "z_max": 3.0, "height": 3.0, "color": "#f59e0b", "use_type": "Residential", "status": "VERIFIED", "area_sqm": 245.5, "confidence": 0.96}}, {"type": "Feature", "geometry": {"type": "Polygon", "coordinates": [[[73.8438646, 18.5567382], [73.8438651, 18.5566354], [73.8436508, 18.556634549205977], [73.8436508, 18.55673735099276], [73.8438646, 18.5567382]]]}, "properties": {"three_d_property_id": "27-21-02-466-002509-B001-F01-U012", "UIPIN": "27-21-02-466-002509-B001-F01-U012", "ULPIN": "27-21-02-466-002509", "parent_building_id": "O6QNH5EYQT4XS3", "building_name": "Building O6QNH5", "floor_number": 1, "floor_name": "Floor 1", "unit_number": "Unit 1B", "unit_id": "U-1B", "z_min": 0.0, "z_max": 3.0, "height": 3.0, "color": "#f59e0b", "use_type": "Residential", "status": "VERIFIED", "area_sqm": 245.4, "confidence": 0.96}}, {"type": "Feature", "geometry": {"type": "Polygon", "coordinates": [[[73.8434369, 18.5566337], [73.8434365, 18.5567365], [73.8436508, 18.55673735099276], [73.8436508, 18.556634549205977], [73.8434369, 18.5566337]]]}, "properties": {"three_d_property_id": "27-21-02-466-002509-B001-F02-U021", "UIPIN": "27-21-02-466-002509-B001-F02-U021", "ULPIN": "27-21-02-466-002509", "parent_building_id": "O6QNH5EYQT4XS3", "building_name": "Building O6QNH5", "floor_number": 2, "floor_name": "Floor 2", "unit_number": "Unit 2A", "unit_id": "U-2A", "z_min": 3.0, "z_max": 6.0, "height": 3.0, "color": "#10b981", "use_type": "Residential", "status": "VERIFIED", "area_sqm": 245.5, "confidence": 0.96}}, {"type": "Feature", "geometry": {"type": "Polygon", "coordinates": [[[73.8438646, 18.5567382], [73.8438651, 18.5566354], [73.8436508, 18.556634549205977], [73.8436508, 18.55673735099276], [73.8438646, 18.5567382]]]}, "properties": {"three_d_property_id": "27-21-02-466-002509-B001-F02-U022", "UIPIN": "27-21-02-466-002509-B001-F02-U022", "ULPIN": "27-21-02-466-002509", "parent_building_id": "O6QNH5EYQT4XS3", "building_name": "Building O6QNH5", "floor_number": 2, "floor_name": "Floor 2", "unit_number": "Unit 2B", "unit_id": "U-2B", "z_min": 3.0, "z_max": 6.0, "height": 3.0, "color": "#10b981", "use_type": "Residential", "status": "VERIFIED", "area_sqm": 245.4, "confidence": 0.96}}, {"type": "Feature", "geometry": {"type": "Polygon", "coordinates": [[[73.8434369, 18.5566337], [73.8434365, 18.5567365], [73.8436508, 18.55673735099276], [73.8436508, 18.556634549205977], [73.8434369, 18.5566337]]]}, "properties": {"three_d_property_id": "27-21-02-466-002509-B001-F03-U031", "UIPIN": "27-21-02-466-002509-B001-F03-U031", "ULPIN": "27-21-02-466-002509", "parent_building_id": "O6QNH5EYQT4XS3", "building_name": "Building O6QNH5", "floor_number": 3, "floor_name": "Floor 3", "unit_number": "Unit 3A", "unit_id": "U-3A", "z_min": 6.0, "z_max": 9.0, "height": 3.0, "color": "#0ea5e9", "use_type": "Residential", "status": "PROVISIONAL", "area_sqm": 245.5, "confidence": 0.9}}, {"type": "Feature", "geometry": {"type": "Polygon", "coordinates": [[[73.8438646, 18.5567382], [73.8438651, 18.5566354], [73.8436508, 18.556634549205977], [73.8436508, 18.55673735099276], [73.8438646, 18.5567382]]]}, "properties": {"three_d_property_id": "27-21-02-466-002509-B001-F03-U032", "UIPIN": "27-21-02-466-002509-B001-F03-U032", "ULPIN": "27-21-02-466-002509", "parent_building_id": "O6QNH5EYQT4XS3", "building_name": "Building O6QNH5", "floor_number": 3, "floor_name": "Floor 3", "unit_number": "Unit 3B", "unit_id": "U-3B", "z_min": 6.0, "z_max": 9.0, "height": 3.0, "color": "#0ea5e9", "use_type": "Residential", "status": "PROVISIONAL", "area_sqm": 245.4, "confidence": 0.9}}, {"type": "Feature", "geometry": {"type": "Polygon", "coordinates": [[[73.8434369, 18.5566337], [73.8434365, 18.5567365], [73.8436508, 18.55673735099276], [73.8436508, 18.556634549205977], [73.8434369, 18.5566337]]]}, "properties": {"three_d_property_id": "27-21-02-466-002509-B001-F04-U041", "UIPIN": "27-21-02-466-002509-B001-F04-U041", "ULPIN": "27-21-02-466-002509", "parent_building_id": "O6QNH5EYQT4XS3", "building_name": "Building O6QNH5", "floor_number": 4, "floor_name": "Floor 4", "unit_number": "Unit 4A", "unit_id": "U-4A", "z_min": 9.0, "z_max": 12.0, "height": 3.0, "color": "#8b5cf6", "use_type": "Residential", "status": "PROVISIONAL", "area_sqm": 245.5, "confidence": 0.9}}, {"type": "Feature", "geometry": {"type": "Polygon", "coordinates": [[[73.8438646, 18.5567382], [73.8438651, 18.5566354], [73.8436508, 18.556634549205977], [73.8436508, 18.55673735099276], [73.8438646, 18.5567382]]]}, "properties": {"three_d_property_id": "27-21-02-466-002509-B001-F04-U042", "UIPIN": "27-21-02-466-002509-B001-F04-U042", "ULPIN": "27-21-02-466-002509", "parent_building_id": "O6QNH5EYQT4XS3", "building_name": "Building O6QNH5", "floor_number": 4, "floor_name": "Floor 4", "unit_number": "Unit 4B", "unit_id": "U-4B", "z_min": 9.0, "z_max": 12.0, "height": 3.0, "color": "#8b5cf6", "use_type": "Residential", "status": "PROVISIONAL", "area_sqm": 245.4, "confidence": 0.9}}, {"type": "Feature", "geometry": {"type": "Polygon", "coordinates": [[[73.8429567, 18.5563297], [73.8429571, 18.5564332], [73.8431825, 18.556431597155555], [73.8431825, 18.55632885], [73.8429567, 18.5563297]]]}, "properties": {"three_d_property_id": "27-21-14-133-002510-B001-F00-U001", "UIPIN": "27-21-14-133-002510-B001-F00-U001", "ULPIN": "27-21-14-133-002510", "parent_building_id": "F78QN8PACC1X0L", "building_name": "Building F78QN8", "floor_number": -1, "floor_name": "Basement / Parking", "unit_number": "Parking Bay P-01", "unit_id": "P01", "z_min": -3.0, "z_max": 0.0, "height": 3.0, "color": "#64748b", "use_type": "Parking / Storage", "status": "VERIFIED", "area_sqm": 259.5, "confidence": 0.95}}, {"type": "Feature", "geometry": {"type": "Polygon", "coordinates": [[[73.8434071, 18.55643], [73.8434083, 18.556328], [73.8431825, 18.55632885], [73.8431825, 18.556431597155555], [73.8434071, 18.55643]]]}, "properties": {"three_d_property_id": "27-21-14-133-002510-B001-F00-U002", "UIPIN": "27-21-14-133-002510-B001-F00-U002", "ULPIN": "27-21-14-133-002510", "parent_building_id": "F78QN8PACC1X0L", "building_name": "Building F78QN8", "floor_number": -1, "floor_name": "Basement / Parking", "unit_number": "Parking Bay P-02", "unit_id": "P02", "z_min": -3.0, "z_max": 0.0, "height": 3.0, "color": "#64748b", "use_type": "Parking / Storage", "status": "VERIFIED", "area_sqm": 257.1, "confidence": 0.95}}, {"type": "Feature", "geometry": {"type": "Polygon", "coordinates": [[[73.8429567, 18.5563297], [73.8429571, 18.5564332], [73.8431825, 18.556431597155555], [73.8431825, 18.55632885], [73.8429567, 18.5563297]]]}, "properties": {"three_d_property_id": "27-21-14-133-002510-B001-F01-U011", "UIPIN": "27-21-14-133-002510-B001-F01-U011", "ULPIN": "27-21-14-133-002510", "parent_building_id": "F78QN8PACC1X0L", "building_name": "Building F78QN8", "floor_number": 1, "floor_name": "Floor 1", "unit_number": "Unit 1A", "unit_id": "U-1A", "z_min": 0.0, "z_max": 3.0, "height": 3.0, "color": "#f59e0b", "use_type": "Residential", "status": "VERIFIED", "area_sqm": 259.5, "confidence": 0.96}}, {"type": "Feature", "geometry": {"type": "Polygon", "coordinates": [[[73.8434071, 18.55643], [73.8434083, 18.556328], [73.8431825, 18.55632885], [73.8431825, 18.556431597155555], [73.8434071, 18.55643]]]}, "properties": {"three_d_property_id": "27-21-14-133-002510-B001-F01-U012", "UIPIN": "27-21-14-133-002510-B001-F01-U012", "ULPIN": "27-21-14-133-002510", "parent_building_id": "F78QN8PACC1X0L", "building_name": "Building F78QN8", "floor_number": 1, "floor_name": "Floor 1", "unit_number": "Unit 1B", "unit_id": "U-1B", "z_min": 0.0, "z_max": 3.0, "height": 3.0, "color": "#f59e0b", "use_type": "Residential", "status": "VERIFIED", "area_sqm": 257.1, "confidence": 0.96}}, {"type": "Feature", "geometry": {"type": "Polygon", "coordinates": [[[73.8429567, 18.5563297], [73.8429571, 18.5564332], [73.8431825, 18.556431597155555], [73.8431825, 18.55632885], [73.8429567, 18.5563297]]]}, "properties": {"three_d_property_id": "27-21-14-133-002510-B001-F02-U021", "UIPIN": "27-21-14-133-002510-B001-F02-U021", "ULPIN": "27-21-14-133-002510", "parent_building_id": "F78QN8PACC1X0L", "building_name": "Building F78QN8", "floor_number": 2, "floor_name": "Floor 2", "unit_number": "Unit 2A", "unit_id": "U-2A", "z_min": 3.0, "z_max": 6.0, "height": 3.0, "color": "#10b981", "use_type": "Residential", "status": "VERIFIED", "area_sqm": 259.5, "confidence": 0.96}}, {"type": "Feature", "geometry": {"type": "Polygon", "coordinates": [[[73.8434071, 18.55643], [73.8434083, 18.556328], [73.8431825, 18.55632885], [73.8431825, 18.556431597155555], [73.8434071, 18.55643]]]}, "properties": {"three_d_property_id": "27-21-14-133-002510-B001-F02-U022", "UIPIN": "27-21-14-133-002510-B001-F02-U022", "ULPIN": "27-21-14-133-002510", "parent_building_id": "F78QN8PACC1X0L", "building_name": "Building F78QN8", "floor_number": 2, "floor_name": "Floor 2", "unit_number": "Unit 2B", "unit_id": "U-2B", "z_min": 3.0, "z_max": 6.0, "height": 3.0, "color": "#10b981", "use_type": "Residential", "status": "VERIFIED", "area_sqm": 257.1, "confidence": 0.96}}, {"type": "Feature", "geometry": {"type": "Polygon", "coordinates": [[[73.8429567, 18.5563297], [73.8429571, 18.5564332], [73.8431825, 18.556431597155555], [73.8431825, 18.55632885], [73.8429567, 18.5563297]]]}, "properties": {"three_d_property_id": "27-21-14-133-002510-B001-F03-U031", "UIPIN": "27-21-14-133-002510-B001-F03-U031", "ULPIN": "27-21-14-133-002510", "parent_building_id": "F78QN8PACC1X0L", "building_name": "Building F78QN8", "floor_number": 3, "floor_name": "Floor 3", "unit_number": "Unit 3A", "unit_id": "U-3A", "z_min": 6.0, "z_max": 9.0, "height": 3.0, "color": "#0ea5e9", "use_type": "Residential", "status": "PROVISIONAL", "area_sqm": 259.5, "confidence": 0.9}}, {"type": "Feature", "geometry": {"type": "Polygon", "coordinates": [[[73.8434071, 18.55643], [73.8434083, 18.556328], [73.8431825, 18.55632885], [73.8431825, 18.556431597155555], [73.8434071, 18.55643]]]}, "properties": {"three_d_property_id": "27-21-14-133-002510-B001-F03-U032", "UIPIN": "27-21-14-133-002510-B001-F03-U032", "ULPIN": "27-21-14-133-002510", "parent_building_id": "F78QN8PACC1X0L", "building_name": "Building F78QN8", "floor_number": 3, "floor_name": "Floor 3", "unit_number": "Unit 3B", "unit_id": "U-3B", "z_min": 6.0, "z_max": 9.0, "height": 3.0, "color": "#0ea5e9", "use_type": "Residential", "status": "PROVISIONAL", "area_sqm": 257.1, "confidence": 0.9}}, {"type": "Feature", "geometry": {"type": "Polygon", "coordinates": [[[73.8429567, 18.5563297], [73.8429571, 18.5564332], [73.8431825, 18.556431597155555], [73.8431825, 18.55632885], [73.8429567, 18.5563297]]]}, "properties": {"three_d_property_id": "27-21-14-133-002510-B001-F04-U041", "UIPIN": "27-21-14-133-002510-B001-F04-U041", "ULPIN": "27-21-14-133-002510", "parent_building_id": "F78QN8PACC1X0L", "building_name": "Building F78QN8", "floor_number": 4, "floor_name": "Floor 4", "unit_number": "Unit 4A", "unit_id": "U-4A", "z_min": 9.0, "z_max": 12.0, "height": 3.0, "color": "#8b5cf6", "use_type": "Residential", "status": "PROVISIONAL", "area_sqm": 259.5, "confidence": 0.9}}, {"type": "Feature", "geometry": {"type": "Polygon", "coordinates": [[[73.8434071, 18.55643], [73.8434083, 18.556328], [73.8431825, 18.55632885], [73.8431825, 18.556431597155555], [73.8434071, 18.55643]]]}, "properties": {"three_d_property_id": "27-21-14-133-002510-B001-F04-U042", "UIPIN": "27-21-14-133-002510-B001-F04-U042", "ULPIN": "27-21-14-133-002510", "parent_building_id": "F78QN8PACC1X0L", "building_name": "Building F78QN8", "floor_number": 4, "floor_name": "Floor 4", "unit_number": "Unit 4B", "unit_id": "U-4B", "z_min": 9.0, "z_max": 12.0, "height": 3.0, "color": "#8b5cf6", "use_type": "Residential", "status": "PROVISIONAL", "area_sqm": 257.1, "confidence": 0.9}}, {"type": "Feature", "geometry": {"type": "Polygon", "coordinates": [[[73.8434255, 18.556327], [73.8434259, 18.5564305], [73.84364224999999, 18.556428863309694], [73.84364224999999, 18.55632615], [73.8434255, 18.556327]]]}, "properties": {"three_d_property_id": "27-21-14-072-002511-B001-F00-U001", "UIPIN": "27-21-14-072-002511-B001-F00-U001", "ULPIN": "27-21-14-072-002511", "parent_building_id": "20Z5T84CPKJYKX", "building_name": "Building 20Z5T8", "floor_number": -1, "floor_name": "Basement / Parking", "unit_number": "Parking Bay P-01", "unit_id": "P01", "z_min": -3.0, "z_max": 0.0, "height": 3.0, "color": "#64748b", "use_type": "Parking / Storage", "status": "VERIFIED", "area_sqm": 249.0, "confidence": 0.95}}, {"type": "Feature", "geometry": {"type": "Polygon", "coordinates": [[[73.8438489, 18.5564273], [73.843859, 18.5563253], [73.84364224999999, 18.55632615], [73.84364224999999, 18.556428863309694], [73.8438489, 18.5564273]]]}, "properties": {"three_d_property_id": "27-21-14-072-002511-B001-F00-U002", "UIPIN": "27-21-14-072-002511-B001-F00-U002", "ULPIN": "27-21-14-072-002511", "parent_building_id": "20Z5T84CPKJYKX", "building_name": "Building 20Z5T8", "floor_number": -1, "floor_name": "Basement / Parking", "unit_number": "Parking Bay P-02", "unit_id": "P02", "z_min": -3.0, "z_max": 0.0, "height": 3.0, "color": "#64748b", "use_type": "Parking / Storage", "status": "VERIFIED", "area_sqm": 241.6, "confidence": 0.95}}, {"type": "Feature", "geometry": {"type": "Polygon", "coordinates": [[[73.8434255, 18.556327], [73.8434259, 18.5564305], [73.84364224999999, 18.556428863309694], [73.84364224999999, 18.55632615], [73.8434255, 18.556327]]]}, "properties": {"three_d_property_id": "27-21-14-072-002511-B001-F01-U011", "UIPIN": "27-21-14-072-002511-B001-F01-U011", "ULPIN": "27-21-14-072-002511", "parent_building_id": "20Z5T84CPKJYKX", "building_name": "Building 20Z5T8", "floor_number": 1, "floor_name": "Floor 1", "unit_number": "Unit 1A", "unit_id": "U-1A", "z_min": 0.0, "z_max": 3.0, "height": 3.0, "color": "#f59e0b", "use_type": "Residential", "status": "VERIFIED", "area_sqm": 249.0, "confidence": 0.96}}, {"type": "Feature", "geometry": {"type": "Polygon", "coordinates": [[[73.8438489, 18.5564273], [73.843859, 18.5563253], [73.84364224999999, 18.55632615], [73.84364224999999, 18.556428863309694], [73.8438489, 18.5564273]]]}, "properties": {"three_d_property_id": "27-21-14-072-002511-B001-F01-U012", "UIPIN": "27-21-14-072-002511-B001-F01-U012", "ULPIN": "27-21-14-072-002511", "parent_building_id": "20Z5T84CPKJYKX", "building_name": "Building 20Z5T8", "floor_number": 1, "floor_name": "Floor 1", "unit_number": "Unit 1B", "unit_id": "U-1B", "z_min": 0.0, "z_max": 3.0, "height": 3.0, "color": "#f59e0b", "use_type": "Residential", "status": "VERIFIED", "area_sqm": 241.6, "confidence": 0.96}}, {"type": "Feature", "geometry": {"type": "Polygon", "coordinates": [[[73.8434255, 18.556327], [73.8434259, 18.5564305], [73.84364224999999, 18.556428863309694], [73.84364224999999, 18.55632615], [73.8434255, 18.556327]]]}, "properties": {"three_d_property_id": "27-21-14-072-002511-B001-F02-U021", "UIPIN": "27-21-14-072-002511-B001-F02-U021", "ULPIN": "27-21-14-072-002511", "parent_building_id": "20Z5T84CPKJYKX", "building_name": "Building 20Z5T8", "floor_number": 2, "floor_name": "Floor 2", "unit_number": "Unit 2A", "unit_id": "U-2A", "z_min": 3.0, "z_max": 6.0, "height": 3.0, "color": "#10b981", "use_type": "Residential", "status": "VERIFIED", "area_sqm": 249.0, "confidence": 0.96}}, {"type": "Feature", "geometry": {"type": "Polygon", "coordinates": [[[73.8438489, 18.5564273], [73.843859, 18.5563253], [73.84364224999999, 18.55632615], [73.84364224999999, 18.556428863309694], [73.8438489, 18.5564273]]]}, "properties": {"three_d_property_id": "27-21-14-072-002511-B001-F02-U022", "UIPIN": "27-21-14-072-002511-B001-F02-U022", "ULPIN": "27-21-14-072-002511", "parent_building_id": "20Z5T84CPKJYKX", "building_name": "Building 20Z5T8", "floor_number": 2, "floor_name": "Floor 2", "unit_number": "Unit 2B", "unit_id": "U-2B", "z_min": 3.0, "z_max": 6.0, "height": 3.0, "color": "#10b981", "use_type": "Residential", "status": "VERIFIED", "area_sqm": 241.6, "confidence": 0.96}}, {"type": "Feature", "geometry": {"type": "Polygon", "coordinates": [[[73.8434255, 18.556327], [73.8434259, 18.5564305], [73.84364224999999, 18.556428863309694], [73.84364224999999, 18.55632615], [73.8434255, 18.556327]]]}, "properties": {"three_d_property_id": "27-21-14-072-002511-B001-F03-U031", "UIPIN": "27-21-14-072-002511-B001-F03-U031", "ULPIN": "27-21-14-072-002511", "parent_building_id": "20Z5T84CPKJYKX", "building_name": "Building 20Z5T8", "floor_number": 3, "floor_name": "Floor 3", "unit_number": "Unit 3A", "unit_id": "U-3A", "z_min": 6.0, "z_max": 9.0, "height": 3.0, "color": "#0ea5e9", "use_type": "Residential", "status": "PROVISIONAL", "area_sqm": 249.0, "confidence": 0.9}}, {"type": "Feature", "geometry": {"type": "Polygon", "coordinates": [[[73.8438489, 18.5564273], [73.843859, 18.5563253], [73.84364224999999, 18.55632615], [73.84364224999999, 18.556428863309694], [73.8438489, 18.5564273]]]}, "properties": {"three_d_property_id": "27-21-14-072-002511-B001-F03-U032", "UIPIN": "27-21-14-072-002511-B001-F03-U032", "ULPIN": "27-21-14-072-002511", "parent_building_id": "20Z5T84CPKJYKX", "building_name": "Building 20Z5T8", "floor_number": 3, "floor_name": "Floor 3", "unit_number": "Unit 3B", "unit_id": "U-3B", "z_min": 6.0, "z_max": 9.0, "height": 3.0, "color": "#0ea5e9", "use_type": "Residential", "status": "PROVISIONAL", "area_sqm": 241.6, "confidence": 0.9}}, {"type": "Feature", "geometry": {"type": "Polygon", "coordinates": [[[73.8434255, 18.556327], [73.8434259, 18.5564305], [73.84364224999999, 18.556428863309694], [73.84364224999999, 18.55632615], [73.8434255, 18.556327]]]}, "properties": {"three_d_property_id": "27-21-14-072-002511-B001-F04-U041", "UIPIN": "27-21-14-072-002511-B001-F04-U041", "ULPIN": "27-21-14-072-002511", "parent_building_id": "20Z5T84CPKJYKX", "building_name": "Building 20Z5T8", "floor_number": 4, "floor_name": "Floor 4", "unit_number": "Unit 4A", "unit_id": "U-4A", "z_min": 9.0, "z_max": 12.0, "height": 3.0, "color": "#8b5cf6", "use_type": "Residential", "status": "PROVISIONAL", "area_sqm": 249.0, "confidence": 0.9}}, {"type": "Feature", "geometry": {"type": "Polygon", "coordinates": [[[73.8438489, 18.5564273], [73.843859, 18.5563253], [73.84364224999999, 18.55632615], [73.84364224999999, 18.556428863309694], [73.8438489, 18.5564273]]]}, "properties": {"three_d_property_id": "27-21-14-072-002511-B001-F04-U042", "UIPIN": "27-21-14-072-002511-B001-F04-U042", "ULPIN": "27-21-14-072-002511", "parent_building_id": "20Z5T84CPKJYKX", "building_name": "Building 20Z5T8", "floor_number": 4, "floor_name": "Floor 4", "unit_number": "Unit 4B", "unit_id": "U-4B", "z_min": 9.0, "z_max": 12.0, "height": 3.0, "color": "#8b5cf6", "use_type": "Residential", "status": "PROVISIONAL", "area_sqm": 241.6, "confidence": 0.9}}, {"type": "Feature", "geometry": {"type": "Polygon", "coordinates": [[[73.8434268, 18.5561069], [73.8434273, 18.5562097], [73.84365245000001, 18.55620885094277], [73.84365245000001, 18.55610609911269], [73.8434268, 18.5561069]]]}, "properties": {"three_d_property_id": "27-21-15-301-002512-B001-F00-U001", "UIPIN": "27-21-15-301-002512-B001-F00-U001", "ULPIN": "27-21-15-301-002512", "parent_building_id": "4J9LKOPJ1FI4X6", "building_name": "Building 4J9LKO", "floor_number": -1, "floor_name": "Basement / Parking", "unit_number": "Parking Bay P-01", "unit_id": "P01", "z_min": -3.0, "z_max": 0.0, "height": 3.0, "color": "#64748b", "use_type": "Parking / Storage", "status": "VERIFIED", "area_sqm": 258.4, "confidence": 0.95}}, {"type": "Feature", "geometry": {"type": "Polygon", "coordinates": [[[73.8438781, 18.556208], [73.8438776, 18.5561053], [73.84365245000001, 18.55610609911269], [73.84365245000001, 18.55620885094277], [73.8438781, 18.556208]]]}, "properties": {"three_d_property_id": "27-21-15-301-002512-B001-F00-U002", "UIPIN": "27-21-15-301-002512-B001-F00-U002", "ULPIN": "27-21-15-301-002512", "parent_building_id": "4J9LKOPJ1FI4X6", "building_name": "Building 4J9LKO", "floor_number": -1, "floor_name": "Basement / Parking", "unit_number": "Parking Bay P-02", "unit_id": "P02", "z_min": -3.0, "z_max": 0.0, "height": 3.0, "color": "#64748b", "use_type": "Parking / Storage", "status": "VERIFIED", "area_sqm": 258.2, "confidence": 0.95}}, {"type": "Feature", "geometry": {"type": "Polygon", "coordinates": [[[73.8434268, 18.5561069], [73.8434273, 18.5562097], [73.84365245000001, 18.55620885094277], [73.84365245000001, 18.55610609911269], [73.8434268, 18.5561069]]]}, "properties": {"three_d_property_id": "27-21-15-301-002512-B001-F01-U011", "UIPIN": "27-21-15-301-002512-B001-F01-U011", "ULPIN": "27-21-15-301-002512", "parent_building_id": "4J9LKOPJ1FI4X6", "building_name": "Building 4J9LKO", "floor_number": 1, "floor_name": "Floor 1", "unit_number": "Unit 1A", "unit_id": "U-1A", "z_min": 0.0, "z_max": 3.0, "height": 3.0, "color": "#f59e0b", "use_type": "Residential", "status": "VERIFIED", "area_sqm": 258.4, "confidence": 0.96}}, {"type": "Feature", "geometry": {"type": "Polygon", "coordinates": [[[73.8438781, 18.556208], [73.8438776, 18.5561053], [73.84365245000001, 18.55610609911269], [73.84365245000001, 18.55620885094277], [73.8438781, 18.556208]]]}, "properties": {"three_d_property_id": "27-21-15-301-002512-B001-F01-U012", "UIPIN": "27-21-15-301-002512-B001-F01-U012", "ULPIN": "27-21-15-301-002512", "parent_building_id": "4J9LKOPJ1FI4X6", "building_name": "Building 4J9LKO", "floor_number": 1, "floor_name": "Floor 1", "unit_number": "Unit 1B", "unit_id": "U-1B", "z_min": 0.0, "z_max": 3.0, "height": 3.0, "color": "#f59e0b", "use_type": "Residential", "status": "VERIFIED", "area_sqm": 258.2, "confidence": 0.96}}, {"type": "Feature", "geometry": {"type": "Polygon", "coordinates": [[[73.8434268, 18.5561069], [73.8434273, 18.5562097], [73.84365245000001, 18.55620885094277], [73.84365245000001, 18.55610609911269], [73.8434268, 18.5561069]]]}, "properties": {"three_d_property_id": "27-21-15-301-002512-B001-F02-U021", "UIPIN": "27-21-15-301-002512-B001-F02-U021", "ULPIN": "27-21-15-301-002512", "parent_building_id": "4J9LKOPJ1FI4X6", "building_name": "Building 4J9LKO", "floor_number": 2, "floor_name": "Floor 2", "unit_number": "Unit 2A", "unit_id": "U-2A", "z_min": 3.0, "z_max": 6.0, "height": 3.0, "color": "#10b981", "use_type": "Residential", "status": "VERIFIED", "area_sqm": 258.4, "confidence": 0.96}}, {"type": "Feature", "geometry": {"type": "Polygon", "coordinates": [[[73.8438781, 18.556208], [73.8438776, 18.5561053], [73.84365245000001, 18.55610609911269], [73.84365245000001, 18.55620885094277], [73.8438781, 18.556208]]]}, "properties": {"three_d_property_id": "27-21-15-301-002512-B001-F02-U022", "UIPIN": "27-21-15-301-002512-B001-F02-U022", "ULPIN": "27-21-15-301-002512", "parent_building_id": "4J9LKOPJ1FI4X6", "building_name": "Building 4J9LKO", "floor_number": 2, "floor_name": "Floor 2", "unit_number": "Unit 2B", "unit_id": "U-2B", "z_min": 3.0, "z_max": 6.0, "height": 3.0, "color": "#10b981", "use_type": "Residential", "status": "VERIFIED", "area_sqm": 258.2, "confidence": 0.96}}, {"type": "Feature", "geometry": {"type": "Polygon", "coordinates": [[[73.8434268, 18.5561069], [73.8434273, 18.5562097], [73.84365245000001, 18.55620885094277], [73.84365245000001, 18.55610609911269], [73.8434268, 18.5561069]]]}, "properties": {"three_d_property_id": "27-21-15-301-002512-B001-F03-U031", "UIPIN": "27-21-15-301-002512-B001-F03-U031", "ULPIN": "27-21-15-301-002512", "parent_building_id": "4J9LKOPJ1FI4X6", "building_name": "Building 4J9LKO", "floor_number": 3, "floor_name": "Floor 3", "unit_number": "Unit 3A", "unit_id": "U-3A", "z_min": 6.0, "z_max": 9.0, "height": 3.0, "color": "#0ea5e9", "use_type": "Residential", "status": "PROVISIONAL", "area_sqm": 258.4, "confidence": 0.9}}, {"type": "Feature", "geometry": {"type": "Polygon", "coordinates": [[[73.8438781, 18.556208], [73.8438776, 18.5561053], [73.84365245000001, 18.55610609911269], [73.84365245000001, 18.55620885094277], [73.8438781, 18.556208]]]}, "properties": {"three_d_property_id": "27-21-15-301-002512-B001-F03-U032", "UIPIN": "27-21-15-301-002512-B001-F03-U032", "ULPIN": "27-21-15-301-002512", "parent_building_id": "4J9LKOPJ1FI4X6", "building_name": "Building 4J9LKO", "floor_number": 3, "floor_name": "Floor 3", "unit_number": "Unit 3B", "unit_id": "U-3B", "z_min": 6.0, "z_max": 9.0, "height": 3.0, "color": "#0ea5e9", "use_type": "Residential", "status": "PROVISIONAL", "area_sqm": 258.2, "confidence": 0.9}}, {"type": "Feature", "geometry": {"type": "Polygon", "coordinates": [[[73.8434268, 18.5561069], [73.8434273, 18.5562097], [73.84365245000001, 18.55620885094277], [73.84365245000001, 18.55610609911269], [73.8434268, 18.5561069]]]}, "properties": {"three_d_property_id": "27-21-15-301-002512-B001-F04-U041", "UIPIN": "27-21-15-301-002512-B001-F04-U041", "ULPIN": "27-21-15-301-002512", "parent_building_id": "4J9LKOPJ1FI4X6", "building_name": "Building 4J9LKO", "floor_number": 4, "floor_name": "Floor 4", "unit_number": "Unit 4A", "unit_id": "U-4A", "z_min": 9.0, "z_max": 12.0, "height": 3.0, "color": "#8b5cf6", "use_type": "Residential", "status": "PROVISIONAL", "area_sqm": 258.4, "confidence": 0.9}}, {"type": "Feature", "geometry": {"type": "Polygon", "coordinates": [[[73.8438781, 18.556208], [73.8438776, 18.5561053], [73.84365245000001, 18.55610609911269], [73.84365245000001, 18.55620885094277], [73.8438781, 18.556208]]]}, "properties": {"three_d_property_id": "27-21-15-301-002512-B001-F04-U042", "UIPIN": "27-21-15-301-002512-B001-F04-U042", "ULPIN": "27-21-15-301-002512", "parent_building_id": "4J9LKOPJ1FI4X6", "building_name": "Building 4J9LKO", "floor_number": 4, "floor_name": "Floor 4", "unit_number": "Unit 4B", "unit_id": "U-4B", "z_min": 9.0, "z_max": 12.0, "height": 3.0, "color": "#8b5cf6", "use_type": "Residential", "status": "PROVISIONAL", "area_sqm": 258.2, "confidence": 0.9}}, {"type": "Feature", "geometry": {"type": "Polygon", "coordinates": [[[73.8429626, 18.556103], [73.842963, 18.5562064], [73.84317485, 18.556204797352244], [73.84317485, 18.5561021], [73.8429626, 18.556103]]]}, "properties": {"three_d_property_id": "27-21-12-433-002513-B001-F00-U001", "UIPIN": "27-21-12-433-002513-B001-F00-U001", "ULPIN": "27-21-12-433-002513", "parent_building_id": "ECC7JBS8VMWMFK", "building_name": "Building ECC7JB", "floor_number": -1, "floor_name": "Basement / Parking", "unit_number": "Parking Bay P-01", "unit_id": "P01", "z_min": -3.0, "z_max": 0.0, "height": 3.0, "color": "#64748b", "use_type": "Parking / Storage", "status": "VERIFIED", "area_sqm": 243.7, "confidence": 0.95}}, {"type": "Feature", "geometry": {"type": "Polygon", "coordinates": [[[73.843386, 18.5562032], [73.8433871, 18.5561012], [73.84317485, 18.5561021], [73.84317485, 18.556204797352244], [73.843386, 18.5562032]]]}, "properties": {"three_d_property_id": "27-21-12-433-002513-B001-F00-U002", "UIPIN": "27-21-12-433-002513-B001-F00-U002", "ULPIN": "27-21-12-433-002513", "parent_building_id": "ECC7JBS8VMWMFK", "building_name": "Building ECC7JB", "floor_number": -1, "floor_name": "Basement / Parking", "unit_number": "Parking Bay P-02", "unit_id": "P02", "z_min": -3.0, "z_max": 0.0, "height": 3.0, "color": "#64748b", "use_type": "Parking / Storage", "status": "VERIFIED", "area_sqm": 241.6, "confidence": 0.95}}, {"type": "Feature", "geometry": {"type": "Polygon", "coordinates": [[[73.8429626, 18.556103], [73.842963, 18.5562064], [73.84317485, 18.556204797352244], [73.84317485, 18.5561021], [73.8429626, 18.556103]]]}, "properties": {"three_d_property_id": "27-21-12-433-002513-B001-F01-U011", "UIPIN": "27-21-12-433-002513-B001-F01-U011", "ULPIN": "27-21-12-433-002513", "parent_building_id": "ECC7JBS8VMWMFK", "building_name": "Building ECC7JB", "floor_number": 1, "floor_name": "Floor 1", "unit_number": "Unit 1A", "unit_id": "U-1A", "z_min": 0.0, "z_max": 3.0, "height": 3.0, "color": "#f59e0b", "use_type": "Residential", "status": "VERIFIED", "area_sqm": 243.7, "confidence": 0.96}}, {"type": "Feature", "geometry": {"type": "Polygon", "coordinates": [[[73.843386, 18.5562032], [73.8433871, 18.5561012], [73.84317485, 18.5561021], [73.84317485, 18.556204797352244], [73.843386, 18.5562032]]]}, "properties": {"three_d_property_id": "27-21-12-433-002513-B001-F01-U012", "UIPIN": "27-21-12-433-002513-B001-F01-U012", "ULPIN": "27-21-12-433-002513", "parent_building_id": "ECC7JBS8VMWMFK", "building_name": "Building ECC7JB", "floor_number": 1, "floor_name": "Floor 1", "unit_number": "Unit 1B", "unit_id": "U-1B", "z_min": 0.0, "z_max": 3.0, "height": 3.0, "color": "#f59e0b", "use_type": "Residential", "status": "VERIFIED", "area_sqm": 241.6, "confidence": 0.96}}, {"type": "Feature", "geometry": {"type": "Polygon", "coordinates": [[[73.8429626, 18.556103], [73.842963, 18.5562064], [73.84317485, 18.556204797352244], [73.84317485, 18.5561021], [73.8429626, 18.556103]]]}, "properties": {"three_d_property_id": "27-21-12-433-002513-B001-F02-U021", "UIPIN": "27-21-12-433-002513-B001-F02-U021", "ULPIN": "27-21-12-433-002513", "parent_building_id": "ECC7JBS8VMWMFK", "building_name": "Building ECC7JB", "floor_number": 2, "floor_name": "Floor 2", "unit_number": "Unit 2A", "unit_id": "U-2A", "z_min": 3.0, "z_max": 6.0, "height": 3.0, "color": "#10b981", "use_type": "Residential", "status": "VERIFIED", "area_sqm": 243.7, "confidence": 0.96}}, {"type": "Feature", "geometry": {"type": "Polygon", "coordinates": [[[73.843386, 18.5562032], [73.8433871, 18.5561012], [73.84317485, 18.5561021], [73.84317485, 18.556204797352244], [73.843386, 18.5562032]]]}, "properties": {"three_d_property_id": "27-21-12-433-002513-B001-F02-U022", "UIPIN": "27-21-12-433-002513-B001-F02-U022", "ULPIN": "27-21-12-433-002513", "parent_building_id": "ECC7JBS8VMWMFK", "building_name": "Building ECC7JB", "floor_number": 2, "floor_name": "Floor 2", "unit_number": "Unit 2B", "unit_id": "U-2B", "z_min": 3.0, "z_max": 6.0, "height": 3.0, "color": "#10b981", "use_type": "Residential", "status": "VERIFIED", "area_sqm": 241.6, "confidence": 0.96}}, {"type": "Feature", "geometry": {"type": "Polygon", "coordinates": [[[73.8429626, 18.556103], [73.842963, 18.5562064], [73.84317485, 18.556204797352244], [73.84317485, 18.5561021], [73.8429626, 18.556103]]]}, "properties": {"three_d_property_id": "27-21-12-433-002513-B001-F03-U031", "UIPIN": "27-21-12-433-002513-B001-F03-U031", "ULPIN": "27-21-12-433-002513", "parent_building_id": "ECC7JBS8VMWMFK", "building_name": "Building ECC7JB", "floor_number": 3, "floor_name": "Floor 3", "unit_number": "Unit 3A", "unit_id": "U-3A", "z_min": 6.0, "z_max": 9.0, "height": 3.0, "color": "#0ea5e9", "use_type": "Residential", "status": "PROVISIONAL", "area_sqm": 243.7, "confidence": 0.9}}, {"type": "Feature", "geometry": {"type": "Polygon", "coordinates": [[[73.843386, 18.5562032], [73.8433871, 18.5561012], [73.84317485, 18.5561021], [73.84317485, 18.556204797352244], [73.843386, 18.5562032]]]}, "properties": {"three_d_property_id": "27-21-12-433-002513-B001-F03-U032", "UIPIN": "27-21-12-433-002513-B001-F03-U032", "ULPIN": "27-21-12-433-002513", "parent_building_id": "ECC7JBS8VMWMFK", "building_name": "Building ECC7JB", "floor_number": 3, "floor_name": "Floor 3", "unit_number": "Unit 3B", "unit_id": "U-3B", "z_min": 6.0, "z_max": 9.0, "height": 3.0, "color": "#0ea5e9", "use_type": "Residential", "status": "PROVISIONAL", "area_sqm": 241.6, "confidence": 0.9}}, {"type": "Feature", "geometry": {"type": "Polygon", "coordinates": [[[73.8429626, 18.556103], [73.842963, 18.5562064], [73.84317485, 18.556204797352244], [73.84317485, 18.5561021], [73.8429626, 18.556103]]]}, "properties": {"three_d_property_id": "27-21-12-433-002513-B001-F04-U041", "UIPIN": "27-21-12-433-002513-B001-F04-U041", "ULPIN": "27-21-12-433-002513", "parent_building_id": "ECC7JBS8VMWMFK", "building_name": "Building ECC7JB", "floor_number": 4, "floor_name": "Floor 4", "unit_number": "Unit 4A", "unit_id": "U-4A", "z_min": 9.0, "z_max": 12.0, "height": 3.0, "color": "#8b5cf6", "use_type": "Residential", "status": "PROVISIONAL", "area_sqm": 243.7, "confidence": 0.9}}, {"type": "Feature", "geometry": {"type": "Polygon", "coordinates": [[[73.843386, 18.5562032], [73.8433871, 18.5561012], [73.84317485, 18.5561021], [73.84317485, 18.556204797352244], [73.843386, 18.5562032]]]}, "properties": {"three_d_property_id": "27-21-12-433-002513-B001-F04-U042", "UIPIN": "27-21-12-433-002513-B001-F04-U042", "ULPIN": "27-21-12-433-002513", "parent_building_id": "ECC7JBS8VMWMFK", "building_name": "Building ECC7JB", "floor_number": 4, "floor_name": "Floor 4", "unit_number": "Unit 4B", "unit_id": "U-4B", "z_min": 9.0, "z_max": 12.0, "height": 3.0, "color": "#8b5cf6", "use_type": "Residential", "status": "PROVISIONAL", "area_sqm": 241.6, "confidence": 0.9}}, {"type": "Feature", "geometry": {"type": "Polygon", "coordinates": [[[73.8229156, 18.5584328], [73.8228955, 18.5584532], [73.8228674, 18.558443], [73.8228285, 18.558471], [73.8228432, 18.5584926], [73.8227708, 18.5585803], [73.8227587, 18.5586045], [73.8227386, 18.5585905], [73.8227239, 18.558607], [73.8227426, 18.5586312], [73.8227185, 18.5586566], [73.8227829, 18.5587342], [73.8228097, 18.5587125], [73.8228379, 18.558743], [73.8229445, 18.55867241221922], [73.8229445, 18.558420917921683], [73.8229156, 18.5584328]]]}, "properties": {"three_d_property_id": "27-21-08-574-002553-B001-F00-U001", "UIPIN": "27-21-08-574-002553-B001-F00-U001", "ULPIN": "27-21-08-574-002553", "parent_building_id": "6ULM1T6I8UXK02", "building_name": "Boys Hostel No,9", "floor_number": -1, "floor_name": "Basement / Parking", "unit_number": "Parking Bay P-01", "unit_id": "P01", "z_min": -3.0, "z_max": 0.0, "height": 3.0, "color": "#64748b", "use_type": "Parking / Storage", "status": "VERIFIED", "area_sqm": 500.2, "confidence": 0.95}}, {"type": "Feature", "geometry": {"type": "Polygon", "coordinates": [[[73.8229492, 18.5586693], [73.823027, 18.5586096], [73.8231651, 18.5584786], [73.8231463, 18.5584519], [73.8231705, 18.5584316], [73.8231034, 18.5583515], [73.8230833, 18.5583782], [73.8230591, 18.5583489], [73.823035, 18.5583604], [73.8230484, 18.5583782], [73.8229445, 18.558420917921683], [73.8229445, 18.55867241221922], [73.8229492, 18.5586693]]]}, "properties": {"three_d_property_id": "27-21-08-574-002553-B001-F00-U002", "UIPIN": "27-21-08-574-002553-B001-F00-U002", "ULPIN": "27-21-08-574-002553", "parent_building_id": "6ULM1T6I8UXK02", "building_name": "Boys Hostel No,9", "floor_number": -1, "floor_name": "Basement / Parking", "unit_number": "Parking Bay P-02", "unit_id": "P02", "z_min": -3.0, "z_max": 0.0, "height": 3.0, "color": "#64748b", "use_type": "Parking / Storage", "status": "VERIFIED", "area_sqm": 473.7, "confidence": 0.95}}, {"type": "Feature", "geometry": {"type": "Polygon", "coordinates": [[[73.8229156, 18.5584328], [73.8228955, 18.5584532], [73.8228674, 18.558443], [73.8228285, 18.558471], [73.8228432, 18.5584926], [73.8227708, 18.5585803], [73.8227587, 18.5586045], [73.8227386, 18.5585905], [73.8227239, 18.558607], [73.8227426, 18.5586312], [73.8227185, 18.5586566], [73.8227829, 18.5587342], [73.8228097, 18.5587125], [73.8228379, 18.558743], [73.8229445, 18.55867241221922], [73.8229445, 18.558420917921683], [73.8229156, 18.5584328]]]}, "properties": {"three_d_property_id": "27-21-08-574-002553-B001-F01-U011", "UIPIN": "27-21-08-574-002553-B001-F01-U011", "ULPIN": "27-21-08-574-002553", "parent_building_id": "6ULM1T6I8UXK02", "building_name": "Boys Hostel No,9", "floor_number": 1, "floor_name": "Floor 1", "unit_number": "Unit 1A", "unit_id": "U-1A", "z_min": 0.0, "z_max": 3.0, "height": 3.0, "color": "#f59e0b", "use_type": "Commercial", "status": "VERIFIED", "area_sqm": 500.2, "confidence": 0.96}}, {"type": "Feature", "geometry": {"type": "Polygon", "coordinates": [[[73.8229492, 18.5586693], [73.823027, 18.5586096], [73.8231651, 18.5584786], [73.8231463, 18.5584519], [73.8231705, 18.5584316], [73.8231034, 18.5583515], [73.8230833, 18.5583782], [73.8230591, 18.5583489], [73.823035, 18.5583604], [73.8230484, 18.5583782], [73.8229445, 18.558420917921683], [73.8229445, 18.55867241221922], [73.8229492, 18.5586693]]]}, "properties": {"three_d_property_id": "27-21-08-574-002553-B001-F01-U012", "UIPIN": "27-21-08-574-002553-B001-F01-U012", "ULPIN": "27-21-08-574-002553", "parent_building_id": "6ULM1T6I8UXK02", "building_name": "Boys Hostel No,9", "floor_number": 1, "floor_name": "Floor 1", "unit_number": "Unit 1B", "unit_id": "U-1B", "z_min": 0.0, "z_max": 3.0, "height": 3.0, "color": "#f59e0b", "use_type": "Commercial", "status": "VERIFIED", "area_sqm": 473.7, "confidence": 0.96}}, {"type": "Feature", "geometry": {"type": "Polygon", "coordinates": [[[73.8229156, 18.5584328], [73.8228955, 18.5584532], [73.8228674, 18.558443], [73.8228285, 18.558471], [73.8228432, 18.5584926], [73.8227708, 18.5585803], [73.8227587, 18.5586045], [73.8227386, 18.5585905], [73.8227239, 18.558607], [73.8227426, 18.5586312], [73.8227185, 18.5586566], [73.8227829, 18.5587342], [73.8228097, 18.5587125], [73.8228379, 18.558743], [73.8229445, 18.55867241221922], [73.8229445, 18.558420917921683], [73.8229156, 18.5584328]]]}, "properties": {"three_d_property_id": "27-21-08-574-002553-B001-F02-U021", "UIPIN": "27-21-08-574-002553-B001-F02-U021", "ULPIN": "27-21-08-574-002553", "parent_building_id": "6ULM1T6I8UXK02", "building_name": "Boys Hostel No,9", "floor_number": 2, "floor_name": "Floor 2", "unit_number": "Unit 2A", "unit_id": "U-2A", "z_min": 3.0, "z_max": 6.0, "height": 3.0, "color": "#10b981", "use_type": "Commercial", "status": "VERIFIED", "area_sqm": 500.2, "confidence": 0.96}}, {"type": "Feature", "geometry": {"type": "Polygon", "coordinates": [[[73.8229492, 18.5586693], [73.823027, 18.5586096], [73.8231651, 18.5584786], [73.8231463, 18.5584519], [73.8231705, 18.5584316], [73.8231034, 18.5583515], [73.8230833, 18.5583782], [73.8230591, 18.5583489], [73.823035, 18.5583604], [73.8230484, 18.5583782], [73.8229445, 18.558420917921683], [73.8229445, 18.55867241221922], [73.8229492, 18.5586693]]]}, "properties": {"three_d_property_id": "27-21-08-574-002553-B001-F02-U022", "UIPIN": "27-21-08-574-002553-B001-F02-U022", "ULPIN": "27-21-08-574-002553", "parent_building_id": "6ULM1T6I8UXK02", "building_name": "Boys Hostel No,9", "floor_number": 2, "floor_name": "Floor 2", "unit_number": "Unit 2B", "unit_id": "U-2B", "z_min": 3.0, "z_max": 6.0, "height": 3.0, "color": "#10b981", "use_type": "Commercial", "status": "VERIFIED", "area_sqm": 473.7, "confidence": 0.96}}, {"type": "Feature", "geometry": {"type": "Polygon", "coordinates": [[[73.8229156, 18.5584328], [73.8228955, 18.5584532], [73.8228674, 18.558443], [73.8228285, 18.558471], [73.8228432, 18.5584926], [73.8227708, 18.5585803], [73.8227587, 18.5586045], [73.8227386, 18.5585905], [73.8227239, 18.558607], [73.8227426, 18.5586312], [73.8227185, 18.5586566], [73.8227829, 18.5587342], [73.8228097, 18.5587125], [73.8228379, 18.558743], [73.8229445, 18.55867241221922], [73.8229445, 18.558420917921683], [73.8229156, 18.5584328]]]}, "properties": {"three_d_property_id": "27-21-08-574-002553-B001-F03-U031", "UIPIN": "27-21-08-574-002553-B001-F03-U031", "ULPIN": "27-21-08-574-002553", "parent_building_id": "6ULM1T6I8UXK02", "building_name": "Boys Hostel No,9", "floor_number": 3, "floor_name": "Floor 3", "unit_number": "Unit 3A", "unit_id": "U-3A", "z_min": 6.0, "z_max": 9.0, "height": 3.0, "color": "#0ea5e9", "use_type": "Commercial", "status": "PROVISIONAL", "area_sqm": 500.2, "confidence": 0.9}}, {"type": "Feature", "geometry": {"type": "Polygon", "coordinates": [[[73.8229492, 18.5586693], [73.823027, 18.5586096], [73.8231651, 18.5584786], [73.8231463, 18.5584519], [73.8231705, 18.5584316], [73.8231034, 18.5583515], [73.8230833, 18.5583782], [73.8230591, 18.5583489], [73.823035, 18.5583604], [73.8230484, 18.5583782], [73.8229445, 18.558420917921683], [73.8229445, 18.55867241221922], [73.8229492, 18.5586693]]]}, "properties": {"three_d_property_id": "27-21-08-574-002553-B001-F03-U032", "UIPIN": "27-21-08-574-002553-B001-F03-U032", "ULPIN": "27-21-08-574-002553", "parent_building_id": "6ULM1T6I8UXK02", "building_name": "Boys Hostel No,9", "floor_number": 3, "floor_name": "Floor 3", "unit_number": "Unit 3B", "unit_id": "U-3B", "z_min": 6.0, "z_max": 9.0, "height": 3.0, "color": "#0ea5e9", "use_type": "Commercial", "status": "PROVISIONAL", "area_sqm": 473.7, "confidence": 0.9}}, {"type": "Feature", "geometry": {"type": "Polygon", "coordinates": [[[73.8229156, 18.5584328], [73.8228955, 18.5584532], [73.8228674, 18.558443], [73.8228285, 18.558471], [73.8228432, 18.5584926], [73.8227708, 18.5585803], [73.8227587, 18.5586045], [73.8227386, 18.5585905], [73.8227239, 18.558607], [73.8227426, 18.5586312], [73.8227185, 18.5586566], [73.8227829, 18.5587342], [73.8228097, 18.5587125], [73.8228379, 18.558743], [73.8229445, 18.55867241221922], [73.8229445, 18.558420917921683], [73.8229156, 18.5584328]]]}, "properties": {"three_d_property_id": "27-21-08-574-002553-B001-F04-U041", "UIPIN": "27-21-08-574-002553-B001-F04-U041", "ULPIN": "27-21-08-574-002553", "parent_building_id": "6ULM1T6I8UXK02", "building_name": "Boys Hostel No,9", "floor_number": 4, "floor_name": "Floor 4", "unit_number": "Unit 4A", "unit_id": "U-4A", "z_min": 9.0, "z_max": 12.0, "height": 3.0, "color": "#8b5cf6", "use_type": "Commercial", "status": "PROVISIONAL", "area_sqm": 500.2, "confidence": 0.9}}, {"type": "Feature", "geometry": {"type": "Polygon", "coordinates": [[[73.8229492, 18.5586693], [73.823027, 18.5586096], [73.8231651, 18.5584786], [73.8231463, 18.5584519], [73.8231705, 18.5584316], [73.8231034, 18.5583515], [73.8230833, 18.5583782], [73.8230591, 18.5583489], [73.823035, 18.5583604], [73.8230484, 18.5583782], [73.8229445, 18.558420917921683], [73.8229445, 18.55867241221922], [73.8229492, 18.5586693]]]}, "properties": {"three_d_property_id": "27-21-08-574-002553-B001-F04-U042", "UIPIN": "27-21-08-574-002553-B001-F04-U042", "ULPIN": "27-21-08-574-002553", "parent_building_id": "6ULM1T6I8UXK02", "building_name": "Boys Hostel No,9", "floor_number": 4, "floor_name": "Floor 4", "unit_number": "Unit 4B", "unit_id": "U-4B", "z_min": 9.0, "z_max": 12.0, "height": 3.0, "color": "#8b5cf6", "use_type": "Commercial", "status": "PROVISIONAL", "area_sqm": 473.7, "confidence": 0.9}}, {"type": "Feature", "geometry": {"type": "Polygon", "coordinates": [[[73.8229156, 18.5584328], [73.8228955, 18.5584532], [73.8228674, 18.558443], [73.8228285, 18.558471], [73.8228432, 18.5584926], [73.8227708, 18.5585803], [73.8227587, 18.5586045], [73.8227386, 18.5585905], [73.8227239, 18.558607], [73.8227426, 18.5586312], [73.8227185, 18.5586566], [73.8227829, 18.5587342], [73.8228097, 18.5587125], [73.8228379, 18.558743], [73.8229445, 18.55867241221922], [73.8229445, 18.558420917921683], [73.8229156, 18.5584328]]]}, "properties": {"three_d_property_id": "27-21-08-574-002553-B001-F05-U051", "UIPIN": "27-21-08-574-002553-B001-F05-U051", "ULPIN": "27-21-08-574-002553", "parent_building_id": "6ULM1T6I8UXK02", "building_name": "Boys Hostel No,9", "floor_number": 5, "floor_name": "Floor 5", "unit_number": "Unit 5A", "unit_id": "U-5A", "z_min": 12.0, "z_max": 15.0, "height": 3.0, "color": "#ec4899", "use_type": "Commercial", "status": "PROVISIONAL", "area_sqm": 500.2, "confidence": 0.9}}, {"type": "Feature", "geometry": {"type": "Polygon", "coordinates": [[[73.8229492, 18.5586693], [73.823027, 18.5586096], [73.8231651, 18.5584786], [73.8231463, 18.5584519], [73.8231705, 18.5584316], [73.8231034, 18.5583515], [73.8230833, 18.5583782], [73.8230591, 18.5583489], [73.823035, 18.5583604], [73.8230484, 18.5583782], [73.8229445, 18.558420917921683], [73.8229445, 18.55867241221922], [73.8229492, 18.5586693]]]}, "properties": {"three_d_property_id": "27-21-08-574-002553-B001-F05-U052", "UIPIN": "27-21-08-574-002553-B001-F05-U052", "ULPIN": "27-21-08-574-002553", "parent_building_id": "6ULM1T6I8UXK02", "building_name": "Boys Hostel No,9", "floor_number": 5, "floor_name": "Floor 5", "unit_number": "Unit 5B", "unit_id": "U-5B", "z_min": 12.0, "z_max": 15.0, "height": 3.0, "color": "#ec4899", "use_type": "Commercial", "status": "PROVISIONAL", "area_sqm": 473.7, "confidence": 0.9}}, {"type": "Feature", "geometry": {"type": "Polygon", "coordinates": [[[73.8308566, 18.5469617], [73.8304714, 18.5470303], [73.83048111055074, 18.547179749999998], [73.83087045032269, 18.547179749999998], [73.8308566, 18.5469617]]]}, "properties": {"three_d_property_id": "27-21-07-771-002556-B001-F00-U001", "UIPIN": "27-21-07-771-002556-B001-F00-U001", "ULPIN": "27-21-07-771-002556", "parent_building_id": "V6F4EUXHQ5R7A2", "building_name": "Health Science", "floor_number": -1, "floor_name": "Basement / Parking", "unit_number": "Parking Bay P-01", "unit_id": "P01", "z_min": -3.0, "z_max": 0.0, "height": 3.0, "color": "#64748b", "use_type": "Parking / Storage", "status": "VERIFIED", "area_sqm": 798.2, "confidence": 0.95}}, {"type": "Feature", "geometry": {"type": "Polygon", "coordinates": [[[73.8304924, 18.5473535], [73.8306091, 18.5473381], [73.8306161, 18.5473978], [73.8308239, 18.547358], [73.8308193, 18.5472716], [73.8308753, 18.5472561], [73.83087045032269, 18.547179749999998], [73.83048111055074, 18.547179749999998], [73.8304924, 18.5473535]]]}, "properties": {"three_d_property_id": "27-21-07-771-002556-B001-F00-U002", "UIPIN": "27-21-07-771-002556-B001-F00-U002", "ULPIN": "27-21-07-771-002556", "parent_building_id": "V6F4EUXHQ5R7A2", "building_name": "Health Science", "floor_number": -1, "floor_name": "Basement / Parking", "unit_number": "Parking Bay P-02", "unit_id": "P02", "z_min": -3.0, "z_max": 0.0, "height": 3.0, "color": "#64748b", "use_type": "Parking / Storage", "status": "VERIFIED", "area_sqm": 744.5, "confidence": 0.95}}, {"type": "Feature", "geometry": {"type": "Polygon", "coordinates": [[[73.8308566, 18.5469617], [73.8304714, 18.5470303], [73.83048111055074, 18.547179749999998], [73.83087045032269, 18.547179749999998], [73.8308566, 18.5469617]]]}, "properties": {"three_d_property_id": "27-21-07-771-002556-B001-F01-U011", "UIPIN": "27-21-07-771-002556-B001-F01-U011", "ULPIN": "27-21-07-771-002556", "parent_building_id": "V6F4EUXHQ5R7A2", "building_name": "Health Science", "floor_number": 1, "floor_name": "Floor 1", "unit_number": "Unit 1A", "unit_id": "U-1A", "z_min": 0.0, "z_max": 3.0, "height": 3.0, "color": "#f59e0b", "use_type": "Commercial", "status": "VERIFIED", "area_sqm": 798.2, "confidence": 0.96}}, {"type": "Feature", "geometry": {"type": "Polygon", "coordinates": [[[73.8304924, 18.5473535], [73.8306091, 18.5473381], [73.8306161, 18.5473978], [73.8308239, 18.547358], [73.8308193, 18.5472716], [73.8308753, 18.5472561], [73.83087045032269, 18.547179749999998], [73.83048111055074, 18.547179749999998], [73.8304924, 18.5473535]]]}, "properties": {"three_d_property_id": "27-21-07-771-002556-B001-F01-U012", "UIPIN": "27-21-07-771-002556-B001-F01-U012", "ULPIN": "27-21-07-771-002556", "parent_building_id": "V6F4EUXHQ5R7A2", "building_name": "Health Science", "floor_number": 1, "floor_name": "Floor 1", "unit_number": "Unit 1B", "unit_id": "U-1B", "z_min": 0.0, "z_max": 3.0, "height": 3.0, "color": "#f59e0b", "use_type": "Commercial", "status": "VERIFIED", "area_sqm": 744.5, "confidence": 0.96}}, {"type": "Feature", "geometry": {"type": "Polygon", "coordinates": [[[73.8308566, 18.5469617], [73.8304714, 18.5470303], [73.83048111055074, 18.547179749999998], [73.83087045032269, 18.547179749999998], [73.8308566, 18.5469617]]]}, "properties": {"three_d_property_id": "27-21-07-771-002556-B001-F02-U021", "UIPIN": "27-21-07-771-002556-B001-F02-U021", "ULPIN": "27-21-07-771-002556", "parent_building_id": "V6F4EUXHQ5R7A2", "building_name": "Health Science", "floor_number": 2, "floor_name": "Floor 2", "unit_number": "Unit 2A", "unit_id": "U-2A", "z_min": 3.0, "z_max": 6.0, "height": 3.0, "color": "#10b981", "use_type": "Commercial", "status": "VERIFIED", "area_sqm": 798.2, "confidence": 0.96}}, {"type": "Feature", "geometry": {"type": "Polygon", "coordinates": [[[73.8304924, 18.5473535], [73.8306091, 18.5473381], [73.8306161, 18.5473978], [73.8308239, 18.547358], [73.8308193, 18.5472716], [73.8308753, 18.5472561], [73.83087045032269, 18.547179749999998], [73.83048111055074, 18.547179749999998], [73.8304924, 18.5473535]]]}, "properties": {"three_d_property_id": "27-21-07-771-002556-B001-F02-U022", "UIPIN": "27-21-07-771-002556-B001-F02-U022", "ULPIN": "27-21-07-771-002556", "parent_building_id": "V6F4EUXHQ5R7A2", "building_name": "Health Science", "floor_number": 2, "floor_name": "Floor 2", "unit_number": "Unit 2B", "unit_id": "U-2B", "z_min": 3.0, "z_max": 6.0, "height": 3.0, "color": "#10b981", "use_type": "Commercial", "status": "VERIFIED", "area_sqm": 744.5, "confidence": 0.96}}, {"type": "Feature", "geometry": {"type": "Polygon", "coordinates": [[[73.8234984, 18.5403129], [73.8235091, 18.5403638], [73.8235033, 18.5404022], [73.8234635, 18.5403968], [73.8234528, 18.5404146], [73.8233922, 18.5404036], [73.823383, 18.5404568], [73.8235483, 18.54048202696864], [73.8235483, 18.540324807954544], [73.8234984, 18.5403129]]]}, "properties": {"three_d_property_id": "27-21-08-388-002658-B001-F01-U011", "UIPIN": "27-21-08-388-002658-B001-F01-U011", "ULPIN": "27-21-08-388-002658", "parent_building_id": "30Y28ZBJJAC9ON", "building_name": "Building 30Y28Z", "floor_number": 1, "floor_name": "Floor 1", "unit_number": "Unit 1A", "unit_id": "U-1A", "z_min": 0.0, "z_max": 3.0, "height": 3.0, "color": "#f59e0b", "use_type": "Commercial", "status": "VERIFIED", "area_sqm": 157.2, "confidence": 0.96}}, {"type": "Feature", "geometry": {"type": "Polygon", "coordinates": [[[73.82367, 18.5405006], [73.8237136, 18.5403702], [73.82367, 18.5403612], [73.8236244, 18.5403994], [73.8235547, 18.5403828], [73.8235688, 18.5403297], [73.8235483, 18.540324807954544], [73.8235483, 18.54048202696864], [73.82367, 18.5405006]]]}, "properties": {"three_d_property_id": "27-21-08-388-002658-B001-F01-U012", "UIPIN": "27-21-08-388-002658-B001-F01-U012", "ULPIN": "27-21-08-388-002658", "parent_building_id": "30Y28ZBJJAC9ON", "building_name": "Building 30Y28Z", "floor_number": 1, "floor_name": "Floor 1", "unit_number": "Unit 1B", "unit_id": "U-1B", "z_min": 0.0, "z_max": 3.0, "height": 3.0, "color": "#f59e0b", "use_type": "Commercial", "status": "VERIFIED", "area_sqm": 184.5, "confidence": 0.96}}, {"type": "Feature", "geometry": {"type": "Polygon", "coordinates": [[[73.8426424, 18.5521951], [73.8426391, 18.5522788], [73.842865, 18.552286932804115], [73.842865, 18.552203088493307], [73.8426424, 18.5521951]]]}, "properties": {"three_d_property_id": "27-21-14-780-002666-B001-F00-U001", "UIPIN": "27-21-14-780-002666-B001-F00-U001", "ULPIN": "27-21-14-780-002666", "parent_building_id": "S7I58UP6J3VME9", "building_name": "Range hills secondary school", "floor_number": -1, "floor_name": "Basement / Parking", "unit_number": "Parking Bay P-01", "unit_id": "P01", "z_min": -3.0, "z_max": 0.0, "height": 3.0, "color": "#64748b", "use_type": "Parking / Storage", "status": "VERIFIED", "area_sqm": 209.7, "confidence": 0.95}}, {"type": "Feature", "geometry": {"type": "Polygon", "coordinates": [[[73.8426316, 18.5518538], [73.8426268, 18.5519743], [73.842865, 18.551982927217043], [73.842865, 18.55186216399491], [73.8426316, 18.5518538]]]}, "properties": {"three_d_property_id": "27-21-14-780-002666-B001-F00-U002", "UIPIN": "27-21-14-780-002666-B001-F00-U002", "ULPIN": "27-21-14-780-002666", "parent_building_id": "S7I58UP6J3VME9", "building_name": "Range hills secondary school", "floor_number": -1, "floor_name": "Basement / Parking", "unit_number": "Parking Bay P-02", "unit_id": "P02", "z_min": -3.0, "z_max": 0.0, "height": 3.0, "color": "#64748b", "use_type": "Parking / Storage", "status": "VERIFIED", "area_sqm": 317.5, "confidence": 0.95}}, {"type": "Feature", "geometry": {"type": "Polygon", "coordinates": [[[73.8426424, 18.5521951], [73.8426391, 18.5522788], [73.842865, 18.552286932804115], [73.842865, 18.552203088493307], [73.8426424, 18.5521951]]]}, "properties": {"three_d_property_id": "27-21-14-780-002666-B001-F01-U011", "UIPIN": "27-21-14-780-002666-B001-F01-U011", "ULPIN": "27-21-14-780-002666", "parent_building_id": "S7I58UP6J3VME9", "building_name": "Range hills secondary school", "floor_number": 1, "floor_name": "Floor 1", "unit_number": "Unit 1A", "unit_id": "U-1A", "z_min": 0.0, "z_max": 3.0, "height": 3.0, "color": "#f59e0b", "use_type": "Commercial", "status": "VERIFIED", "area_sqm": 209.7, "confidence": 0.96}}, {"type": "Feature", "geometry": {"type": "Polygon", "coordinates": [[[73.8426316, 18.5518538], [73.8426268, 18.5519743], [73.842865, 18.551982927217043], [73.842865, 18.55186216399491], [73.8426316, 18.5518538]]]}, "properties": {"three_d_property_id": "27-21-14-780-002666-B001-F01-U012", "UIPIN": "27-21-14-780-002666-B001-F01-U012", "ULPIN": "27-21-14-780-002666", "parent_building_id": "S7I58UP6J3VME9", "building_name": "Range hills secondary school", "floor_number": 1, "floor_name": "Floor 1", "unit_number": "Unit 1B", "unit_id": "U-1B", "z_min": 0.0, "z_max": 3.0, "height": 3.0, "color": "#f59e0b", "use_type": "Commercial", "status": "VERIFIED", "area_sqm": 317.5, "confidence": 0.96}}, {"type": "Feature", "geometry": {"type": "Polygon", "coordinates": [[[73.8426424, 18.5521951], [73.8426391, 18.5522788], [73.842865, 18.552286932804115], [73.842865, 18.552203088493307], [73.8426424, 18.5521951]]]}, "properties": {"three_d_property_id": "27-21-14-780-002666-B001-F02-U021", "UIPIN": "27-21-14-780-002666-B001-F02-U021", "ULPIN": "27-21-14-780-002666", "parent_building_id": "S7I58UP6J3VME9", "building_name": "Range hills secondary school", "floor_number": 2, "floor_name": "Floor 2", "unit_number": "Unit 2A", "unit_id": "U-2A", "z_min": 3.0, "z_max": 6.0, "height": 3.0, "color": "#10b981", "use_type": "Commercial", "status": "VERIFIED", "area_sqm": 209.7, "confidence": 0.96}}, {"type": "Feature", "geometry": {"type": "Polygon", "coordinates": [[[73.8426316, 18.5518538], [73.8426268, 18.5519743], [73.842865, 18.551982927217043], [73.842865, 18.55186216399491], [73.8426316, 18.5518538]]]}, "properties": {"three_d_property_id": "27-21-14-780-002666-B001-F02-U022", "UIPIN": "27-21-14-780-002666-B001-F02-U022", "ULPIN": "27-21-14-780-002666", "parent_building_id": "S7I58UP6J3VME9", "building_name": "Range hills secondary school", "floor_number": 2, "floor_name": "Floor 2", "unit_number": "Unit 2B", "unit_id": "U-2B", "z_min": 3.0, "z_max": 6.0, "height": 3.0, "color": "#10b981", "use_type": "Commercial", "status": "VERIFIED", "area_sqm": 317.5, "confidence": 0.96}}, {"type": "Feature", "geometry": {"type": "Polygon", "coordinates": [[[73.8280606, 18.5497133], [73.8279393, 18.5496957], [73.82792342762863, 18.5497939], [73.82804757237136, 18.5497939], [73.8280606, 18.5497133]]]}, "properties": {"three_d_property_id": "27-21-14-384-003929-B001-F01-U011", "UIPIN": "27-21-14-384-003929-B001-F01-U011", "ULPIN": "27-21-14-384-003929", "parent_building_id": "ARJKC977S5JLF7", "building_name": "Competitive Examination Centre", "floor_number": 1, "floor_name": "Floor 1", "unit_number": "Unit 1A", "unit_id": "U-1A", "z_min": 0.0, "z_max": 3.0, "height": 3.0, "color": "#f59e0b", "use_type": "Commercial", "status": "VERIFIED", "area_sqm": 123.8, "confidence": 0.96}}, {"type": "Feature", "geometry": {"type": "Polygon", "coordinates": [[[73.8279104, 18.5498745], [73.8280317, 18.5498921], [73.82804757237136, 18.5497939], [73.82792342762863, 18.5497939], [73.8279104, 18.5498745]]]}, "properties": {"three_d_property_id": "27-21-14-384-003929-B001-F01-U012", "UIPIN": "27-21-14-384-003929-B001-F01-U012", "ULPIN": "27-21-14-384-003929", "parent_building_id": "ARJKC977S5JLF7", "building_name": "Competitive Examination Centre", "floor_number": 1, "floor_name": "Floor 1", "unit_number": "Unit 1B", "unit_id": "U-1B", "z_min": 0.0, "z_max": 3.0, "height": 3.0, "color": "#f59e0b", "use_type": "Commercial", "status": "VERIFIED", "area_sqm": 123.8, "confidence": 0.96}}]}